customer_id,city,age,gender,tenure_months,plan_type,contract,monthly_charges,total_charges,support_calls,payment_method,has_broadband,has_streaming,churned
C11469,Hyderabad,45,M,34,Standard,Month-to-month,680.0,22809.0,0,Bank transfer,False,False,False
C13433,Hyderabad,74,F,15,Standard,Month-to-month,1160.0,17197.0,0,UPI,True,True,False
C14443,Chennai,25,M,29,Premium,One year,1474.0,42000.0,2,Cash,True,False,False
C10521,Bengaluru,37,F,6,Premium,Month-to-month,1370.0,7902.0,1,Bank transfer,False,True,True
C10661,Bengaluru,35,F,42,Basic,Two year,682.0,27428.0,1,Bank transfer,True,False,False
C10954,Bengaluru,21,M,28,Premium,Month-to-month,1540.0,42802.0,1,UPI,True,False,False
C10130,Bengaluru,28,M,9,Basic,One year,494.0,4290.0,1,UPI,False,True,False
C11440,Bengaluru,28,M,18,Basic,One year,828.0,14680.0,1,Bank transfer,True,True,False
C13029,Bengaluru,29,F,61,Basic,One year,511.0,29994.0,1,Cash,False,False,False
C14829,Bengaluru,40,M,46,Standard,One year,714.0,32242.0,1,Card,False,False,False
C15349,Bengaluru,28,F,28,Basic,Month-to-month,771.0,21284.0,1,Cash,True,True,False
C11636,Hyderabad,53,M,5,Basic,Month-to-month,672.0,3220.0,0,Card,True,False,False
C11871,Chennai,66,F,14,Basic,Month-to-month,682.0,9226.0,4,UPI,True,False,True
C16153,Hyderabad,36,F,18,Standard,Month-to-month,950.0,16768.0,1,Bank transfer,True,False,False
C13560,Hyderabad,70,F,59,Basic,Two year,718.0,40691.0,1,Bank transfer,True,False,False
C14615,Chennai,43,F,34,Premium,Month-to-month,1533.0,52025.0,0,Cash,True,False,False
C13553,Bengaluru,30,M,39,Basic,One year,400.0,15205.0,1,Cash,False,False,False
C16764,Hyderabad,38,F,28,Standard,One year,870.0,23984.0,4,Bank transfer,False,True,True
C13749,Chennai,39,M,4,Premium,Month-to-month,1511.0,5751.0,0,UPI,True,False,False
C10994,Hyderabad,46,F,22,Standard,Month-to-month,1146.0,24655.0,1,UPI,True,True,True
C11526,Kochi,62,M,49,Standard,Two year,863.0,41469.0,4,Cash,False,True,False
C13348,Pune,61,M,30,Basic,Month-to-month,666.0,19877.0,1,UPI,True,False,False
C11945,Hyderabad,56,M,10,Premium,Month-to-month,1587.0,15144.0,1,UPI,True,False,True
C11451,Hyderabad,68,F,12,Basic,Month-to-month,919.0,10576.0,1,UPI,True,True,False
C14945,Hyderabad,58,M,30,Basic,Month-to-month,499.0,14522.0,0,Cash,False,True,False
C10849,Bengaluru,72,M,17,Standard,Two year,987.0,16010.0,3,Card,True,False,False
C15380,Bengaluru,26,M,65,Basic,Two year,363.0,22908.0,2,UPI,False,False,False
C15177,Chennai,65,M,65,Standard,One year,1131.0,72823.0,1,Cash,True,True,False
C15294,Hyderabad,72,M,8,Basic,Two year,685.0,5358.0,0,UPI,True,False,False
C16875,Hyderabad,27,M,16,Standard,Month-to-month,1039.0,16212.0,4,Card,True,False,True
C11608,Pune,51,F,18,Basic,Month-to-month,750.0,13457.0,2,Cash,True,False,True
C11139,Kochi,74,M,24,Basic,Month-to-month,701.0,16420.0,2,UPI,True,False,False
C12217,Bengaluru,57,M,25,Standard,Month-to-month,1191.0,29250.0,1,Card,True,True,True
C11797,Bengaluru,67,F,61,Standard,Two year,969.0,58245.0,0,UPI,True,False,False
C12083,Bengaluru,33,M,23,Basic,Two year,687.0,15680.0,0,UPI,True,False,False
C14756,Chennai,65,F,45,Standard,One year,1101.0,49219.0,2,UPI,True,True,False
C11229,Hyderabad,73,M,31,Basic,Month-to-month,730.0,21530.0,1,Card,True,False,False
C10558,Pune,73,M,15,Basic,Month-to-month,392.0,5796.0,2,UPI,False,False,True
C14865,Bengaluru,32,F,37,Premium,One year,1318.0,48606.0,1,UPI,False,True,False
C11703,Chennai,26,M,57,Standard,One year,1141.0,63042.0,1,Card,True,True,False
C10877,Hyderabad,31,M,7,Standard,Month-to-month,1005.0,6939.0,0,UPI,True,False,True
C14926,Chennai,63,M,10,Standard,Month-to-month,641.0,6367.0,0,Card,False,False,False
C10458,Chennai,62,F,34,Premium,Month-to-month,1275.0,43133.0,3,Cash,False,True,False
C12711,Pune,46,F,65,Standard,One year,692.0,44074.0,2,UPI,False,False,False
C15265,Pune,40,F,28,Basic,One year,403.0,11086.0,2,Cash,False,False,False
C13890,Chennai,25,M,14,Basic,Month-to-month,423.0,5911.0,0,Card,False,False,False
C10472,Bengaluru,52,F,24,Premium,One year,1390.0,32740.0,2,UPI,False,True,False
C15416,Kochi,60,F,69,Basic,One year,679.0,44981.0,1,Card,True,False,False
C12448,Kochi,64,M,11,Premium,One year,1607.0,16969.0,2,UPI,True,True,False
C15276,Bengaluru,20,M,2,Basic,Month-to-month,549.0,1078.0,0,Card,False,True,True
C16212,Kochi,37,F,38,Standard,One year,1112.0,42042.0,3,UPI,True,False,False
C11345,Pune,71,F,13,Standard,One year,685.0,8692.0,2,Cash,False,False,False
C14996,Hyderabad,72,M,29,Premium,One year,1191.0,33992.0,2,Card,False,False,False
C11317,Kochi,37,M,3,Premium,Month-to-month,1525.0,4415.0,1,Card,True,False,False
C10145,Bengaluru,74,F,46,Standard,Two year,934.0,42656.0,2,Card,True,False,False
C15801,Kochi,47,F,23,Premium,Month-to-month,1491.0,33835.0,1,UPI,True,False,False
C13540,Hyderabad,59,F,17,Standard,Month-to-month,1154.0,19451.0,0,UPI,True,True,False
C12152,Chennai,39,F,22,Standard,Month-to-month,669.0,14324.0,1,Card,False,False,False
C15226,Hyderabad,31,M,6,Standard,One year,1108.0,6561.0,1,Card,True,True,False
C16574,Bengaluru,22,M,2,Standard,Month-to-month,1080.0,2066.0,1,UPI,True,True,True
C12140,Pune,53,M,14,Standard,Two year,610.0,8360.0,0,Bank transfer,False,False,False
C14893,Chennai,33,F,4,Basic,Month-to-month,708.0,2750.0,1,Card,True,False,False
C11146,Kochi,56,M,13,Standard,Month-to-month,1186.0,15270.0,2,Card,True,True,True
C16897,Bengaluru,47,M,12,Basic,Month-to-month,725.0,8331.0,2,Card,True,False,False
C15335,Chennai,35,F,35,Standard,One year,1031.0,35046.0,1,UPI,True,False,False
C15045,Hyderabad,61,M,32,Basic,Two year,865.0,27020.0,3,Cash,True,True,False
C16563,Kochi,29,M,4,Standard,Month-to-month,734.0,2819.0,2,UPI,False,False,False
C15383,Hyderabad,34,M,18,Basic,Month-to-month,864.0,14914.0,2,Cash,True,True,False
C16796,Pune,72,M,32,Standard,Month-to-month,1053.0,32664.0,0,UPI,True,False,False
C11638,Hyderabad,69,M,14,Standard,Month-to-month,684.0,9927.0,0,UPI,False,False,False
C13119,Chennai,45,M,58,Standard,One year,924.0,51638.0,2,Card,True,False,False
C11209,Bengaluru,70,M,71,Standard,Two year,1248.0,85730.0,2,Card,True,True,False
C15195,Hyderabad,71,M,18,Standard,Month-to-month,982.0,17556.0,0,UPI,True,False,False
C16296,Chennai,35,F,6,Standard,Month-to-month,1069.0,6315.0,2,Cash,True,True,True
C11128,Pune,38,F,38,Basic,Month-to-month,704.0,25520.0,0,UPI,True,False,False
C10642,Pune,69,F,5,Basic,Month-to-month,609.0,2970.0,0,Card,True,False,False
C12531,Hyderabad,59,F,64,Standard,One year,807.0,50466.0,2,Bank transfer,False,True,False
C10811,Bengaluru,55,F,37,Basic,Month-to-month,314.0,11542.0,1,UPI,False,False,False
C15876,Pune,30,F,37,Standard,Month-to-month,1105.0,40363.0,3,Bank transfer,True,True,True
C13696,Bengaluru,39,F,33,Basic,Month-to-month,572.0,18623.0,1,Card,False,True,True
C11406,Hyderabad,44,F,20,Premium,Two year,1481.0,29468.0,1,UPI,True,False,False
C10288,Hyderabad,30,F,14,Premium,Month-to-month,1696.0,23316.0,0,Card,True,True,True
C15150,Kochi,44,F,46,Standard,Two year,1075.0,49121.0,0,UPI,True,False,False
C13951,Bengaluru,73,M,39,Basic,Month-to-month,574.0,22386.0,1,Card,False,True,False
C13174,Chennai,19,F,34,Standard,One year,699.0,23605.0,1,Card,False,False,False
C16689,Bengaluru,36,M,10,Standard,Month-to-month,746.0,6644.0,0,UPI,False,False,False
C10739,Kochi,70,F,21,Standard,Month-to-month,1118.0,23373.0,2,Cash,True,True,False
C15869,Pune,48,M,15,Basic,Month-to-month,709.0,10210.0,1,Bank transfer,True,False,True
C10584,Pune,52,M,12,Basic,Two year,761.0,8956.0,0,Card,True,False,False
C11153,Pune,55,F,71,Standard,One year,1041.0,71764.0,2,UPI,True,False,False
C14161,Chennai,66,M,5,Basic,Month-to-month,533.0,2568.0,2,Card,False,True,False
C12051,Bengaluru,66,F,34,Basic,Month-to-month,363.0,11884.0,4,UPI,False,False,True
C15415,Hyderabad,61,M,14,Basic,Month-to-month,534.0,7186.0,3,Bank transfer,False,True,False
C10966,Hyderabad,72,F,31,Premium,Month-to-month,1196.0,36770.0,3,UPI,False,False,False
C12661,Bengaluru,40,M,10,Standard,Month-to-month,998.0,9808.0,1,UPI,True,False,False
C12774,Pune,19,F,71,Basic,One year,431.0,29250.0,2,Card,False,False,False
C11237,Chennai,60,F,69,Basic,One year,687.0,47241.0,1,Bank transfer,True,False,False
C12058,Hyderabad,34,F,59,Basic,One year,389.0,22174.0,2,UPI,False,False,False
C14659,Bengaluru,57,F,71,Standard,Two year,1153.0,80154.0,1,Card,True,True,False
C15660,Hyderabad,21,F,33,Standard,Month-to-month,987.0,30970.0,1,UPI,True,False,False
C13031,Bengaluru,28,M,33,Basic,Two year,351.0,11008.0,2,Card,False,False,False
C14000,Chennai,22,F,36,Basic,Month-to-month,550.0,18843.0,0,Card,False,True,False
C16316,Bengaluru,26,M,31,Standard,Two year,954.0,29313.0,1,Bank transfer,False,True,False
C13597,Chennai,24,M,19,Standard,Two year,598.0,11016.0,2,UPI,False,False,False
C16090,Chennai,22,M,6,Premium,One year,1523.0,9053.0,1,Bank transfer,True,False,False
C12327,Bengaluru,54,M,70,Basic,Two year,772.0,51106.0,0,Bank transfer,True,True,False
C14114,Hyderabad,47,F,12,Standard,Month-to-month,711.0,8219.0,1,Card,False,False,True
C13077,Bengaluru,68,M,14,Standard,Month-to-month,1011.0,13684.0,0,UPI,True,False,False
C11879,Chennai,20,F,12,Standard,Month-to-month,1209.0,14037.0,1,Card,True,True,True
C15551,Hyderabad,26,F,50,Basic,One year,648.0,31421.0,1,Card,True,False,False
C13569,Hyderabad,30,F,8,Basic,Month-to-month,677.0,5221.0,1,Bank transfer,True,False,True
C12689,Kochi,27,M,36,Standard,Month-to-month,994.0,34642.0,2,Bank transfer,True,False,False
C12137,Chennai,26,M,31,Premium,Month-to-month,1605.0,47408.0,1,Card,True,True,False
C11460,Hyderabad,27,F,50,Standard,One year,837.0,41850.0,1,Card,False,True,False
C11716,Bengaluru,34,M,4,Standard,Month-to-month,922.0,3662.0,2,UPI,True,False,True
C14416,Chennai,64,F,15,Basic,Month-to-month,438.0,6545.0,2,UPI,False,False,True
C12733,Chennai,41,M,18,Basic,Month-to-month,359.0,6155.0,2,Bank transfer,False,False,True
C13784,Chennai,37,M,9,Basic,Month-to-month,663.0,5876.0,1,UPI,True,False,False
C14014,Chennai,21,M,10,Standard,Two year,689.0,6586.0,2,UPI,False,False,False
C12444,Chennai,35,F,57,Standard,One year,752.0,42256.0,0,UPI,False,False,False
C10844,Bengaluru,47,M,14,Standard,Month-to-month,959.0,12798.0,0,UPI,True,False,False
C11751,Kochi,47,F,10,Basic,Month-to-month,392.0,3794.0,0,Card,False,False,True
C14361,Kochi,49,F,36,Standard,Month-to-month,852.0,29988.0,0,Card,False,True,False
C16899,Bengaluru,28,F,57,Standard,One year,1169.0,66064.0,2,Cash,True,True,False
C12786,Pune,60,M,20,Standard,One year,694.0,13422.0,1,UPI,False,False,False
C13812,Hyderabad,74,F,36,Basic,Month-to-month,744.0,26364.0,0,Bank transfer,True,False,False
C10460,Chennai,39,F,20,Basic,One year,673.0,13453.0,4,Card,True,False,False
C15919,Bengaluru,21,F,38,Standard,Month-to-month,1040.0,39241.0,1,Card,True,False,False
C13267,Chennai,23,M,53,Standard,One year,1039.0,53823.0,0,UPI,True,True,False
C15783,Hyderabad,73,M,2,Basic,Month-to-month,469.0,938.0,1,Bank transfer,False,True,False
C10740,Pune,26,F,12,Standard,Month-to-month,952.0,11351.0,1,Card,True,False,True
C10604,Bengaluru,29,M,34,Standard,Month-to-month,1004.0,33137.0,3,Card,True,False,True
C13847,Pune,56,M,49,Basic,One year,494.0,23546.0,1,UPI,False,True,False
C12917,Kochi,29,M,28,Standard,Month-to-month,1193.0,33350.0,1,UPI,True,True,False
C16106,Chennai,49,M,1,Basic,Month-to-month,547.0,525.0,2,UPI,False,True,True
C11667,Bengaluru,65,M,25,Basic,Month-to-month,753.0,18708.0,1,Cash,True,False,True
C16999,Hyderabad,58,M,66,Basic,Two year,446.0,29149.0,2,UPI,False,False,False
C12209,Hyderabad,25,M,17,Premium,Month-to-month,1571.0,26660.0,0,Card,True,False,False
C11896,Hyderabad,34,M,28,Basic,Month-to-month,542.0,14928.0,2,Card,False,True,False
C12967,Bengaluru,51,M,30,Premium,Month-to-month,1549.0,45093.0,1,Bank transfer,True,False,False
C16732,Kochi,18,M,20,Standard,Month-to-month,696.0,13760.0,1,UPI,False,False,True
C15200,Chennai,47,M,30,Basic,Month-to-month,693.0,20335.0,3,UPI,True,False,True
C14312,Hyderabad,49,F,33,Premium,One year,1542.0,49957.0,0,UPI,True,True,False
C12143,Hyderabad,23,F,36,Standard,Month-to-month,1019.0,36112.0,1,Bank transfer,True,False,False
C13321,Kochi,46,M,12,Premium,Month-to-month,1481.0,17535.0,3,UPI,True,False,True
C10273,Hyderabad,70,M,22,Basic,Month-to-month,430.0,9406.0,2,Card,False,False,True
C16159,Bengaluru,59,F,56,Basic,Two year,400.0,22056.0,2,UPI,False,False,False
C16204,Chennai,52,M,47,Standard,One year,747.0,33788.0,1,Bank transfer,False,False,False
C12349,Hyderabad,52,M,37,Basic,One year,943.0,34492.0,3,Cash,True,True,False
C15297,Hyderabad,54,F,19,Premium,Month-to-month,1335.0,24220.0,0,Bank transfer,False,True,False
C12784,Bengaluru,74,F,62,Standard,One year,998.0,59119.0,0,UPI,True,False,False
C11263,Bengaluru,35,M,8,Basic,One year,757.0,6056.0,2,UPI,True,False,True
C16345,Pune,58,M,53,Premium,One year,1576.0,80462.0,0,Card,True,True,False
C12510,Chennai,63,M,9,Standard,Month-to-month,1178.0,10272.0,0,Bank transfer,True,True,False
C12765,Hyderabad,73,F,2,Standard,Month-to-month,1012.0,1937.0,3,Card,True,False,False
C10194,Hyderabad,35,M,45,Standard,Two year,1204.0,51526.0,0,Card,True,True,False
C16058,Bengaluru,53,M,23,Standard,Month-to-month,1040.0,23808.0,1,Card,True,False,True
C12274,Hyderabad,29,F,68,Basic,One year,436.0,28275.0,0,Card,False,False,False
C11565,Chennai,26,M,40,Basic,Two year,569.0,22705.0,1,Bank transfer,False,True,False
C15562,Hyderabad,22,F,20,Standard,Month-to-month,973.0,18892.0,3,UPI,True,False,True
C12741,Bengaluru,45,F,48,Basic,One year,843.0,39486.0,1,Cash,True,True,False
C14272,Hyderabad,54,F,34,Basic,One year,390.0,13207.0,1,Bank transfer,False,False,False
C10207,Hyderabad,36,M,30,Basic,Two year,716.0,21061.0,0,UPI,True,False,False
C14189,Hyderabad,58,M,33,Basic,Month-to-month,361.0,11629.0,0,UPI,False,False,False
C14196,Bengaluru,48,F,12,Standard,Two year,967.0,11288.0,3,UPI,True,False,False
C16760,Bengaluru,57,M,39,Basic,Month-to-month,826.0,31600.0,1,UPI,True,True,True
C14745,Hyderabad,45,M,24,Standard,Month-to-month,1000.0,23645.0,2,UPI,True,False,False
C10577,Hyderabad,60,F,19,Standard,Month-to-month,707.0,13258.0,1,UPI,False,False,False
C13842,Chennai,68,F,55,Standard,One year,973.0,51931.0,0,Card,True,False,True
C12577,Hyderabad,45,M,37,Premium,Month-to-month,1363.0,50292.0,2,Card,False,True,False
C16775,Chennai,59,M,61,Standard,Two year,1015.0,61635.0,3,Cash,True,False,False
C12592,Chennai,53,M,1,Premium,Month-to-month,1212.0,1181.0,0,Cash,False,False,False
C16385,Kochi,28,M,36,Standard,Month-to-month,1028.0,36575.0,2,Bank transfer,True,False,False
C11116,Hyderabad,25,F,6,Premium,Month-to-month,1341.0,8036.0,1,Card,False,True,True
C11300,Hyderabad,57,F,12,Premium,Month-to-month,1236.0,14743.0,0,Card,False,False,False
C15605,Pune,73,F,12,Standard,Month-to-month,637.0,7312.0,0,Bank transfer,False,False,True
C12006,Bengaluru,27,F,33,Premium,Month-to-month,1454.0,47418.0,2,UPI,True,False,False
C11540,Hyderabad,71,F,33,Basic,Two year,503.0,16288.0,0,Card,False,True,False
C10889,Hyderabad,37,F,30,Standard,Two year,781.0,23245.0,1,UPI,False,False,False
C11394,Chennai,53,F,6,Standard,Month-to-month,973.0,5633.0,1,Cash,True,False,False
C13040,Bengaluru,59,F,9,Basic,Month-to-month,804.0,6964.0,4,Card,True,True,True
C13146,Pune,23,M,15,Basic,Two year,880.0,13151.0,0,Cash,True,True,False
C16688,Bengaluru,48,F,18,Premium,Month-to-month,1621.0,28277.0,0,UPI,True,True,False
C14513,Pune,43,F,7,Premium,Month-to-month,1593.0,11121.0,1,Card,True,True,False
C13220,Bengaluru,34,M,59,Standard,Two year,913.0,51885.0,0,UPI,True,False,False
C14666,Hyderabad,73,M,6,Basic,Month-to-month,370.0,2194.0,1,Bank transfer,False,False,True
C10680,Chennai,26,M,24,Basic,Month-to-month,670.0,15703.0,0,Bank transfer,True,False,False
C14150,Bengaluru,32,M,26,Basic,Month-to-month,737.0,19014.0,3,Bank transfer,True,False,True
C11291,Chennai,69,F,10,Basic,Month-to-month,389.0,3854.0,2,Bank transfer,False,False,True
C14256,Bengaluru,33,F,20,Premium,Month-to-month,1433.0,28635.0,2,Cash,True,False,True
C16725,Chennai,24,F,9,Standard,Month-to-month,1011.0,8809.0,1,Cash,True,False,False
C12389,Chennai,39,F,5,Premium,Month-to-month,1502.0,7225.0,1,UPI,True,False,False
C13621,Hyderabad,28,F,18,Basic,Month-to-month,692.0,12263.0,2,UPI,True,False,False
C12688,Hyderabad,58,M,11,Standard,Month-to-month,962.0,10492.0,1,UPI,True,False,False
C11746,Bengaluru,58,F,32,Basic,Month-to-month,522.0,15984.0,1,Bank transfer,False,True,False
C10814,Hyderabad,59,F,16,Basic,Month-to-month,740.0,11346.0,1,UPI,True,False,True
C15270,Chennai,26,F,69,Standard,One year,897.0,61893.0,3,Card,False,True,False
C13415,Pune,69,M,41,Standard,One year,835.0,32572.0,1,UPI,False,True,False
C11804,Kochi,55,M,49,Basic,Two year,746.0,35531.0,3,UPI,True,False,False
C12555,Bengaluru,68,M,35,Premium,One year,1497.0,52385.0,3,Card,True,False,False
C12813,Kochi,72,F,33,Basic,One year,523.0,16409.0,2,Bank transfer,False,True,False
C15161,Bengaluru,67,F,30,Basic,Month-to-month,845.0,24274.0,0,UPI,True,True,False
C16565,Chennai,65,M,13,Basic,Month-to-month,668.0,8285.0,1,UPI,True,False,False
C16304,Chennai,36,F,16,Standard,Month-to-month,702.0,10818.0,3,UPI,False,False,False
C13709,Pune,23,M,27,Standard,One year,990.0,25669.0,2,UPI,True,False,False
C11946,Kochi,36,M,29,Basic,Month-to-month,375.0,10803.0,2,UPI,False,False,False
C16828,Bengaluru,32,M,38,Basic,One year,512.0,19393.0,0,Card,False,False,False
C13488,Hyderabad,45,F,19,Premium,Month-to-month,1576.0,29393.0,2,Card,True,False,False
C13843,Kochi,67,F,12,Premium,Month-to-month,1625.0,18694.0,3,Bank transfer,True,True,False
C10379,Hyderabad,25,F,23,Premium,Month-to-month,1180.0,25990.0,2,Card,False,False,True
C13423,Hyderabad,33,M,18,Standard,Month-to-month,1145.0,20295.0,0,Bank transfer,True,True,True
C16968,Pune,33,M,39,Standard,One year,691.0,25924.0,1,Card,False,False,False
C13305,Bengaluru,52,M,29,Standard,Month-to-month,757.0,21866.0,4,Bank transfer,False,False,True
C13192,Pune,67,F,2,Basic,Month-to-month,654.0,1269.0,1,UPI,True,False,True
C11974,Hyderabad,29,M,38,Standard,Month-to-month,1206.0,45026.0,2,UPI,True,True,False
C14450,Pune,74,F,26,Basic,Two year,346.0,8986.0,2,UPI,False,False,False
C10037,Hyderabad,69,M,15,Basic,One year,884.0,12732.0,1,Bank transfer,True,True,False
C15638,Chennai,73,F,5,Basic,Month-to-month,445.0,2125.0,0,Bank transfer,False,True,True
C13467,Pune,38,F,23,Premium,One year,1559.0,34414.0,1,UPI,True,False,False
C10081,Chennai,65,F,13,Standard,Month-to-month,794.0,10206.0,1,Card,False,True,True
C14064,Chennai,55,M,22,Standard,Month-to-month,994.0,21267.0,2,UPI,True,False,True
C14690,Hyderabad,38,M,1,Standard,Month-to-month,837.0,810.0,2,Card,False,True,False
C13804,Kochi,40,M,19,Basic,Month-to-month,452.0,8343.0,0,Card,False,False,False
C14143,Kochi,43,F,26,Premium,Month-to-month,1484.0,37383.0,1,Cash,True,False,False
C12714,Chennai,39,F,30,Standard,Month-to-month,966.0,27837.0,2,Card,True,False,False
C10500,Hyderabad,67,M,61,Basic,Two year,653.0,38713.0,0,Cash,True,False,False
C15283,Pune,73,F,27,Standard,Month-to-month,985.0,26081.0,2,Cash,True,False,True
C13301,Hyderabad,54,F,13,Standard,Month-to-month,625.0,7745.0,0,Card,False,False,True
C13937,Chennai,34,M,6,Basic,Month-to-month,656.0,3884.0,1,Bank transfer,True,False,False
C10497,Pune,46,F,41,Basic,One year,398.0,15541.0,0,UPI,False,False,False
C14172,Kochi,35,F,12,Premium,One year,1477.0,17333.0,3,Cash,True,False,True
C11610,Hyderabad,46,M,37,Basic,Month-to-month,416.0,14854.0,3,Card,False,False,False
C14169,Bengaluru,33,M,5,Basic,Month-to-month,419.0,2039.0,0,UPI,False,False,True
C13746,Bengaluru,30,M,42,Standard,Two year,1105.0,45416.0,0,UPI,True,True,False
C13134,Hyderabad,48,M,12,Standard,Month-to-month,663.0,7882.0,1,UPI,False,False,False
C14099,Bengaluru,29,F,7,Standard,Month-to-month,659.0,4395.0,1,UPI,False,False,False
C14725,Hyderabad,55,F,32,Standard,Month-to-month,716.0,22205.0,0,Card,False,False,False
C10186,Bengaluru,46,M,7,Standard,Month-to-month,726.0,5054.0,3,Card,False,False,True
C10885,Chennai,49,M,34,Standard,One year,1067.0,34701.0,2,Bank transfer,True,False,True
C12610,Hyderabad,43,F,34,Standard,Month-to-month,1032.0,34937.0,1,UPI,True,False,True
C11374,Kochi,45,M,30,Premium,Month-to-month,1648.0,48202.0,0,Card,True,True,False
C16264,Bengaluru,20,F,33,Standard,One year,948.0,30455.0,0,UPI,True,False,False
C14863,Bengaluru,56,M,61,Standard,Two year,1039.0,61695.0,2,UPI,True,False,False
C14625,Hyderabad,61,M,21,Standard,Month-to-month,886.0,18091.0,0,UPI,True,False,True
C15499,Kochi,59,M,25,Basic,Month-to-month,398.0,9523.0,0,Bank transfer,False,False,True
C11901,Hyderabad,21,M,5,Standard,Month-to-month,672.0,3199.0,1,Bank transfer,False,False,True
C14404,Hyderabad,31,F,38,Premium,Month-to-month,1206.0,45455.0,3,Card,False,False,True
C16625,Bengaluru,71,M,17,Premium,One year,1618.0,27366.0,2,Bank transfer,True,True,False
C11253,Bengaluru,62,M,52,Standard,Two year,949.0,49290.0,2,UPI,True,False,False
C15431,Hyderabad,43,F,20,Premium,Month-to-month,1533.0,29624.0,2,Card,True,False,True
C12532,Bengaluru,51,F,34,Standard,One year,845.0,27470.0,1,Card,False,True,False
C12382,Bengaluru,38,F,5,Standard,Month-to-month,1039.0,4953.0,0,Bank transfer,True,False,True
C16088,Kochi,25,F,31,Standard,Month-to-month,698.0,21069.0,0,UPI,False,False,True
C15582,Hyderabad,62,M,37,Basic,Month-to-month,709.0,26085.0,0,UPI,True,False,False
C16865,Bengaluru,38,F,22,Standard,Month-to-month,779.0,16593.0,2,Card,False,False,True
C11778,Bengaluru,72,F,46,Basic,One year,416.0,19136.0,4,Card,False,False,False
C16845,Kochi,59,F,8,Basic,One year,828.0,6410.0,1,Card,True,True,True
C14600,Chennai,46,F,17,Standard,One year,1026.0,16773.0,1,Cash,True,False,False
C14849,Chennai,36,F,8,Basic,Month-to-month,676.0,5237.0,1,UPI,True,False,False
C14236,Bengaluru,21,F,37,Basic,Month-to-month,540.0,19832.0,1,Card,False,True,False
C14809,Chennai,20,M,37,Standard,Month-to-month,1172.0,42200.0,0,Cash,True,True,False
C13133,Hyderabad,74,F,20,Basic,Month-to-month,413.0,8059.0,1,UPI,False,False,False
C10793,Bengaluru,30,F,17,Standard,Month-to-month,1017.0,17023.0,1,Bank transfer,True,False,False
C16784,Bengaluru,21,F,30,Standard,Month-to-month,997.0,28601.0,0,Cash,True,False,False
C12484,Chennai,24,M,18,Standard,Month-to-month,1167.0,20029.0,1,Cash,True,True,True
C16644,Chennai,71,M,12,Basic,Two year,786.0,9015.0,1,Card,True,True,False
C10020,Hyderabad,18,M,8,Standard,Month-to-month,872.0,6940.0,0,UPI,False,True,False
C14031,Kochi,61,F,6,Standard,Month-to-month,748.0,4352.0,1,Bank transfer,False,False,False
C12246,Bengaluru,39,M,37,Standard,One year,1140.0,40443.0,1,UPI,True,True,False
C12553,Bengaluru,59,F,9,Basic,Two year,409.0,3525.0,0,Bank transfer,False,False,False
C12552,Bengaluru,62,M,9,Basic,Month-to-month,647.0,5674.0,0,UPI,True,False,True
C10925,Pune,59,F,31,Standard,Month-to-month,709.0,21970.0,0,Card,False,False,False
C15072,Bengaluru,54,F,16,Basic,Month-to-month,728.0,11637.0,1,Card,True,False,False
C14123,Pune,60,M,7,Standard,One year,1032.0,7100.0,1,UPI,True,False,False
C12525,Pune,18,F,39,Premium,Month-to-month,1210.0,46030.0,0,Card,False,False,True
C11527,Hyderabad,34,M,29,Standard,Month-to-month,1136.0,32090.0,1,Card,True,True,False
C15601,Chennai,49,M,33,Standard,One year,731.0,24013.0,2,UPI,False,False,False
C16932,Bengaluru,61,F,63,Standard,Two year,898.0,53918.0,0,Card,False,True,False
C14327,Hyderabad,39,M,16,Standard,Two year,712.0,11275.0,1,UPI,False,False,False
C16356,Hyderabad,71,F,29,Basic,Month-to-month,690.0,19604.0,0,UPI,True,False,False
C15991,Bengaluru,58,F,2,Standard,Month-to-month,1140.0,2221.0,2,Cash,True,True,False
C10955,Pune,65,F,19,Premium,Month-to-month,1487.0,27625.0,0,UPI,True,False,False
C10129,Bengaluru,46,M,30,Basic,Month-to-month,384.0,11460.0,0,Card,False,False,False
C12262,Chennai,39,F,27,Standard,One year,845.0,22203.0,1,UPI,False,True,True
C12432,Hyderabad,29,F,30,Premium,One year,1437.0,41083.0,1,Card,True,False,False
C14967,Bengaluru,54,F,20,Premium,One year,1461.0,28429.0,2,Bank transfer,True,False,False
C11350,Bengaluru,19,M,63,Premium,One year,1680.0,104467.0,1,Bank transfer,True,True,False
C11556,Chennai,51,F,2,Standard,Month-to-month,651.0,1260.0,1,UPI,False,False,True
C15134,Hyderabad,44,F,61,Standard,One year,688.0,39898.0,4,Cash,False,False,False
C16079,Chennai,42,M,21,Premium,Month-to-month,1147.0,24038.0,1,Cash,False,False,False
C14843,Hyderabad,51,F,2,Standard,Month-to-month,872.0,1703.0,0,UPI,False,True,True
C12283,Bengaluru,20,F,36,Standard,Month-to-month,596.0,21337.0,3,Card,False,False,False
C14640,Bengaluru,18,F,15,Standard,Two year,1023.0,14901.0,2,UPI,True,False,False
C12287,Hyderabad,38,M,38,Premium,Two year,1442.0,52995.0,2,Cash,True,False,False
C13904,Kochi,37,F,9,Basic,One year,725.0,6410.0,0,Cash,True,False,False
C15774,Hyderabad,23,F,23,Basic,Month-to-month,818.0,17998.0,0,Bank transfer,True,True,False
C14539,Bengaluru,74,F,22,Basic,Two year,681.0,14556.0,0,UPI,True,False,False
C13500,Chennai,58,F,5,Premium,Month-to-month,1521.0,7307.0,1,Card,True,False,False
C14218,Hyderabad,50,M,16,Basic,Month-to-month,547.0,8476.0,2,Card,False,True,True
C16642,Bengaluru,31,M,16,Basic,Month-to-month,879.0,13540.0,1,UPI,True,True,False
C14497,Pune,48,M,28,Premium,Month-to-month,1237.0,33074.0,1,Bank transfer,False,False,False
C13628,Hyderabad,29,F,16,Standard,Month-to-month,1156.0,18003.0,2,Card,True,True,True
C16295,Hyderabad,55,F,22,Premium,Two year,1463.0,30578.0,1,Bank transfer,True,False,False
C15886,Bengaluru,66,F,58,Standard,Two year,999.0,56235.0,1,UPI,True,False,False
C16388,Chennai,62,F,29,Basic,Month-to-month,898.0,25034.0,3,Card,True,True,False
C12791,Hyderabad,51,M,20,Premium,Month-to-month,1693.0,33860.0,0,Cash,True,True,False
C16938,Hyderabad,62,M,55,Standard,One year,968.0,51198.0,2,UPI,True,False,False
C14796,Pune,33,M,6,Basic,One year,684.0,3970.0,1,Card,True,False,False
C14060,Pune,68,M,18,Standard,One year,671.0,11496.0,1,UPI,False,False,True
C15689,Bengaluru,42,F,6,Standard,One year,720.0,4274.0,1,UPI,False,False,False
C10367,Chennai,47,F,56,Premium,One year,1520.0,84599.0,2,UPI,True,False,False
C16278,Bengaluru,69,M,4,Standard,Month-to-month,747.0,2925.0,1,Bank transfer,False,False,True
C12787,Pune,42,M,36,Basic,Month-to-month,634.0,21843.0,0,Cash,True,False,False
C15840,Bengaluru,48,M,35,Standard,One year,973.0,33791.0,1,UPI,True,False,False
C15290,Pune,18,M,66,Standard,One year,1031.0,65472.0,1,Card,True,False,False
C11402,Chennai,31,M,25,Standard,Month-to-month,1008.0,24172.0,1,Bank transfer,True,False,False
C12558,Bengaluru,39,M,35,Standard,Month-to-month,1119.0,39055.0,2,Cash,True,True,True
C12055,Chennai,74,M,67,Standard,Two year,1173.0,75130.0,0,Cash,True,True,False
C12918,Chennai,39,M,7,Premium,Month-to-month,1217.0,8519.0,2,Cash,False,False,True
C11715,Hyderabad,27,F,32,Premium,One year,1504.0,46493.0,1,UPI,True,False,False
C10391,Hyderabad,20,F,51,Standard,One year,975.0,49271.0,1,Cash,True,False,False
C16613,Bengaluru,55,M,29,Premium,One year,1646.0,45726.0,1,UPI,True,True,True
C12185,Pune,26,M,9,Standard,Month-to-month,1217.0,10538.0,2,Card,True,True,False
C13507,Chennai,25,F,12,Standard,Month-to-month,706.0,8427.0,1,UPI,False,False,False
C13421,Chennai,55,M,29,Basic,One year,929.0,25633.0,0,Bank transfer,True,True,False
C10595,Hyderabad,62,M,23,Basic,Month-to-month,382.0,8753.0,1,Card,False,False,False
C12324,Chennai,69,F,21,Basic,Month-to-month,603.0,12619.0,1,Card,True,False,True
C15737,Hyderabad,72,M,18,Standard,Month-to-month,776.0,13709.0,2,Card,False,False,True
C15285,Bengaluru,30,M,67,Standard,One year,961.0,61491.0,2,UPI,True,False,False
C10062,Bengaluru,30,M,6,Premium,Two year,1190.0,7038.0,0,UPI,False,False,False
C15219,Bengaluru,46,F,38,Standard,Month-to-month,813.0,29713.0,1,Card,False,True,False
C10110,Hyderabad,65,F,4,Standard,Month-to-month,1092.0,4312.0,2,UPI,True,False,False
C16810,Hyderabad,23,F,36,Basic,Two year,415.0,14867.0,2,Card,False,False,False
C11637,Bengaluru,38,F,27,Premium,Month-to-month,1507.0,39222.0,2,Bank transfer,True,False,True
C10103,Chennai,54,F,62,Standard,Two year,1047.0,62552.0,1,Bank transfer,True,False,False
C15802,Hyderabad,31,M,31,Premium,Month-to-month,1434.0,43841.0,0,Card,True,False,False
C16319,Hyderabad,69,M,31,Premium,Month-to-month,1515.0,44848.0,0,UPI,True,False,True
C16909,Hyderabad,52,F,36,Basic,Month-to-month,365.0,12659.0,1,UPI,False,False,False
C11022,Kochi,49,M,38,Standard,Month-to-month,977.0,36615.0,1,Card,True,False,False
C14483,Chennai,64,M,35,Premium,Month-to-month,1524.0,51984.0,1,UPI,True,True,False
C10727,Kochi,59,M,41,Standard,One year,1159.0,46439.0,2,Cash,True,True,False
C10916,Bengaluru,31,M,10,Premium,Month-to-month,1448.0,14473.0,3,Card,True,False,False
C13911,Pune,22,M,10,Basic,Month-to-month,656.0,6325.0,0,UPI,True,False,True
C16466,Bengaluru,49,F,6,Standard,One year,734.0,4245.0,0,Card,False,False,False
C16900,Chennai,50,F,29,Standard,Month-to-month,957.0,27753.0,0,Card,True,False,False
C16301,Bengaluru,39,F,26,Standard,Month-to-month,732.0,18214.0,0,UPI,False,False,False
C11112,Chennai,58,F,56,Basic,One year,832.0,45238.0,1,Bank transfer,True,True,False
C11934,Chennai,20,F,33,Premium,Month-to-month,1177.0,37880.0,0,Cash,False,False,False
C16856,Bengaluru,54,F,49,Premium,Two year,1681.0,79962.0,3,Cash,True,True,False
C10088,Hyderabad,30,M,29,Basic,One year,778.0,22046.0,1,Card,True,True,False
C13113,Bengaluru,40,F,26,Premium,Month-to-month,1127.0,28965.0,0,Card,False,False,True
C10256,Hyderabad,25,M,52,Basic,Two year,742.0,38522.0,1,Cash,True,False,False
C12388,Hyderabad,30,F,35,Standard,Month-to-month,1056.0,36925.0,0,Card,True,False,False
C16747,Hyderabad,47,F,20,Basic,Month-to-month,664.0,13280.0,0,UPI,True,False,False
C10368,Hyderabad,36,M,10,Basic,Month-to-month,688.0,6861.0,2,UPI,True,False,False
C16664,Pune,60,M,34,Premium,Two year,1478.0,49544.0,1,Cash,True,False,False
C10606,Bengaluru,33,M,8,Standard,Month-to-month,707.0,5431.0,1,Cash,False,False,True
C12476,Hyderabad,58,M,5,Standard,Month-to-month,1055.0,5023.0,2,UPI,True,False,False
C16346,Hyderabad,36,M,64,Basic,Two year,442.0,26905.0,0,UPI,False,False,False
C14305,Bengaluru,21,F,13,Basic,One year,697.0,8756.0,0,Card,True,False,False
C16602,Hyderabad,70,M,8,Standard,One year,828.0,6624.0,3,Bank transfer,False,True,False
C16716,Hyderabad,46,F,7,Standard,Month-to-month,1007.0,6750.0,1,Card,True,False,True
C10489,Bengaluru,48,M,23,Standard,Two year,909.0,20332.0,1,Cash,False,True,False
C11594,Pune,72,F,55,Standard,One year,734.0,39660.0,1,UPI,False,False,False
C14194,Bengaluru,34,F,25,Standard,Month-to-month,812.0,19784.0,1,Card,False,True,True
C10291,Hyderabad,41,M,21,Standard,Month-to-month,829.0,17409.0,1,UPI,False,True,False
C13770,Bengaluru,21,F,25,Basic,Month-to-month,711.0,17623.0,1,Card,True,False,True
C13944,Chennai,43,F,32,Premium,Month-to-month,1598.0,48966.0,2,UPI,True,True,True
C12576,Kochi,64,M,31,Basic,One year,693.0,21313.0,2,Card,True,False,False
C15700,Kochi,55,F,3,Basic,Month-to-month,424.0,1269.0,2,UPI,False,False,True
C16071,Hyderabad,35,F,28,Standard,One year,620.0,17177.0,1,Cash,False,False,False
C14866,Bengaluru,25,F,37,Basic,Month-to-month,559.0,20110.0,3,UPI,False,True,True
C13241,Hyderabad,34,M,23,Standard,Month-to-month,1034.0,23289.0,2,Bank transfer,True,False,True
C14947,Bengaluru,55,M,12,Premium,Month-to-month,1693.0,19811.0,0,UPI,True,True,False
C14916,Hyderabad,42,F,23,Standard,Month-to-month,1156.0,25277.0,0,Card,True,True,True
C15029,Bengaluru,61,F,7,Basic,Two year,670.0,4596.0,0,Card,True,False,False
C15511,Pune,45,F,51,Premium,Two year,1219.0,60931.0,1,Card,False,False,False
C11500,Chennai,65,M,18,Standard,Month-to-month,1011.0,17373.0,3,Cash,True,False,True
C12011,Pune,67,M,22,Basic,One year,384.0,8062.0,0,Cash,False,False,False
C13196,Hyderabad,35,F,29,Basic,Month-to-month,822.0,23225.0,0,Bank transfer,True,True,True
C10185,Hyderabad,65,F,66,Basic,One year,450.0,29688.0,1,UPI,False,False,False
C13878,Chennai,43,F,27,Standard,Month-to-month,1040.0,27448.0,2,UPI,True,False,False
C15887,Chennai,62,M,4,Standard,Month-to-month,1123.0,4456.0,0,Card,True,True,False
C13796,Hyderabad,25,F,54,Standard,One year,1015.0,54296.0,0,UPI,True,False,False
C13799,Bengaluru,57,M,25,Standard,One year,994.0,24119.0,1,Card,True,False,False
C13678,Hyderabad,46,M,4,Standard,Month-to-month,953.0,3737.0,1,Card,True,False,False
C10380,Kochi,53,F,13,Premium,Month-to-month,1486.0,18640.0,2,Bank transfer,True,False,False
C10681,Bengaluru,71,F,37,Standard,Month-to-month,984.0,35798.0,1,Cash,True,False,False
C11735,Chennai,49,M,24,Basic,Month-to-month,783.0,18406.0,0,UPI,True,False,False
C13605,Chennai,25,F,16,Standard,One year,996.0,15212.0,3,Cash,True,False,True
C16685,Hyderabad,69,F,4,Standard,Month-to-month,605.0,2399.0,1,Cash,False,False,True
C10586,Bengaluru,40,M,22,Standard,Month-to-month,700.0,15048.0,3,Card,False,False,True
C16952,Bengaluru,39,F,58,Premium,Two year,1644.0,92390.0,2,UPI,True,True,False
C12763,Bengaluru,20,M,26,Basic,Month-to-month,700.0,17581.0,1,UPI,True,False,False
C13646,Hyderabad,22,M,32,Standard,Month-to-month,1010.0,31985.0,1,Card,True,False,False
C16678,Kochi,21,M,22,Standard,Month-to-month,800.0,16957.0,1,UPI,False,True,False
C12416,Bengaluru,48,F,15,Basic,Two year,748.0,10742.0,1,UPI,True,False,False
C10953,Pune,45,F,46,Premium,Two year,1648.0,72640.0,0,Card,True,True,False
C13150,Chennai,67,M,16,Premium,Month-to-month,1229.0,18853.0,1,Bank transfer,False,False,True
C13513,Bengaluru,33,M,25,Basic,Two year,743.0,18515.0,2,Bank transfer,True,False,True
C15521,Kochi,57,M,19,Premium,One year,1476.0,27939.0,4,UPI,True,False,False
C12725,Hyderabad,62,M,3,Basic,Month-to-month,701.0,2074.0,2,UPI,True,False,True
C13057,Hyderabad,29,M,27,Premium,Month-to-month,1631.0,41889.0,1,Cash,True,True,False
C12278,Hyderabad,61,M,13,Premium,Two year,1161.0,14416.0,1,UPI,False,False,False
C12537,Chennai,18,F,53,Standard,One year,917.0,48451.0,1,UPI,True,False,False
C10840,Pune,23,M,66,Standard,One year,899.0,57158.0,0,Cash,False,True,False
C14202,Bengaluru,65,F,13,Standard,Month-to-month,877.0,11328.0,0,Bank transfer,False,True,False
C14715,Pune,60,F,30,Basic,Month-to-month,875.0,25350.0,0,Bank transfer,True,True,False
C11543,Kochi,73,M,16,Standard,Month-to-month,1024.0,16101.0,0,UPI,True,False,False
C13291,Chennai,35,F,36,Basic,Month-to-month,695.0,23921.0,2,Bank transfer,True,False,False
C10495,Kochi,46,M,18,Standard,Month-to-month,739.0,12838.0,1,Card,False,False,False
C16655,Hyderabad,55,F,12,Standard,Month-to-month,711.0,8209.0,1,Bank transfer,False,False,True
C15106,Bengaluru,51,F,28,Standard,Month-to-month,993.0,27207.0,2,Card,True,False,True
C11434,Bengaluru,68,F,62,Standard,Two year,814.0,50249.0,0,UPI,False,False,False
C12098,Hyderabad,54,F,52,Standard,One year,778.0,38700.0,3,UPI,False,False,False
C11239,Bengaluru,23,M,31,Basic,Month-to-month,642.0,19194.0,0,Card,True,False,False
C12724,Chennai,47,M,61,Basic,One year,655.0,38632.0,2,UPI,True,False,False
C13190,Kochi,64,M,16,Basic,Month-to-month,564.0,8990.0,1,Card,False,True,False
C12797,Bengaluru,25,F,47,Premium,Two year,1360.0,62940.0,0,Card,False,True,False
C16982,Chennai,32,M,14,Basic,One year,694.0,9546.0,2,UPI,True,False,False
C15816,Hyderabad,48,M,45,Premium,Two year,1176.0,52712.0,5,Cash,False,False,True
C11915,Bengaluru,37,M,10,Basic,Month-to-month,718.0,7099.0,2,Cash,True,False,True
C14091,Bengaluru,65,F,38,Premium,Month-to-month,1588.0,57426.0,2,Bank transfer,True,True,False
C14098,Bengaluru,21,M,55,Premium,One year,1626.0,88794.0,2,Bank transfer,True,True,False
C11396,Bengaluru,60,M,18,Basic,Month-to-month,524.0,9130.0,2,Card,False,True,True
C16091,Pune,43,F,17,Standard,One year,1070.0,17926.0,3,Cash,True,False,False
C12854,Kochi,51,M,38,Basic,One year,686.0,25433.0,2,UPI,True,False,False
C15035,Bengaluru,48,M,66,Standard,Two year,1135.0,72594.0,0,Cash,True,True,False
C15566,Hyderabad,61,M,10,Premium,Month-to-month,1668.0,16531.0,0,Cash,True,True,False
C15652,Hyderabad,58,M,62,Premium,One year,1209.0,73799.0,1,Cash,False,False,False
C12524,Hyderabad,56,F,47,Standard,Two year,1126.0,52877.0,1,Card,True,True,False
C14324,Chennai,35,F,64,Basic,One year,635.0,40356.0,2,UPI,True,False,False
C10248,Pune,57,M,25,Standard,One year,948.0,23292.0,2,UPI,True,False,False
C13919,Pune,58,M,4,Basic,Month-to-month,646.0,2514.0,1,UPI,True,False,False
C11286,Hyderabad,45,M,31,Premium,Month-to-month,1358.0,40351.0,3,Card,False,True,False
C11168,Bengaluru,35,F,4,Basic,Month-to-month,833.0,3332.0,2,UPI,True,True,False
C16488,Chennai,24,M,46,Basic,One year,545.0,24884.0,0,UPI,False,True,False
C16060,Kochi,43,M,31,Basic,Month-to-month,654.0,19275.0,1,UPI,True,False,False
C16121,Hyderabad,41,F,38,Premium,Month-to-month,1580.0,59279.0,0,UPI,True,False,False
C13832,Pune,68,F,36,Basic,One year,704.0,25032.0,0,Card,True,False,False
C10246,Hyderabad,49,F,16,Basic,Two year,587.0,9009.0,1,Card,False,True,False
C14349,Bengaluru,53,M,18,Premium,Month-to-month,1435.0,25481.0,1,UPI,True,False,False
C14467,Hyderabad,47,M,20,Standard,Month-to-month,809.0,15567.0,1,Card,False,True,False
C14431,Chennai,35,F,6,Standard,One year,1150.0,6580.0,1,Cash,True,True,False
C11475,Kochi,47,M,25,Standard,Month-to-month,732.0,17779.0,2,Bank transfer,False,False,True
C14925,Hyderabad,71,M,58,Standard,One year,931.0,53035.0,1,UPI,True,False,False
C15220,Pune,42,M,15,Standard,Month-to-month,926.0,13353.0,1,Card,True,False,False
C15863,Bengaluru,59,M,62,Standard,One year,1188.0,70487.0,0,Card,True,True,False
C10128,Pune,18,M,18,Premium,Two year,1564.0,27223.0,0,Cash,True,False,False
C10202,Hyderabad,34,F,32,Standard,Month-to-month,699.0,22221.0,1,UPI,False,False,False
C10829,Pune,38,F,34,Standard,Month-to-month,732.0,23921.0,0,Cash,False,False,True
C13055,Chennai,45,M,26,Basic,Month-to-month,683.0,17651.0,0,UPI,True,False,False
C10003,Kochi,68,F,39,Premium,Month-to-month,1223.0,46564.0,2,Card,False,False,False
C14617,Kochi,49,M,57,Standard,One year,760.0,41480.0,1,Card,False,True,False
C16654,Kochi,70,M,28,Premium,Month-to-month,1475.0,40266.0,1,Cash,True,False,False
C13346,Hyderabad,52,M,51,Standard,One year,1078.0,53727.0,1,Bank transfer,True,True,False
C16108,Kochi,30,F,21,Premium,Month-to-month,1202.0,24519.0,0,Card,False,False,False
C15350,Hyderabad,32,M,35,Standard,Two year,965.0,33720.0,0,Card,True,False,False
C14292,Bengaluru,63,F,55,Standard,One year,1023.0,54043.0,3,Card,True,False,False
C13791,Kochi,20,F,44,Standard,One year,997.0,43386.0,1,Card,True,False,False
C16624,Chennai,30,F,28,Standard,One year,815.0,22116.0,1,Card,False,True,False
C14126,Bengaluru,25,M,24,Standard,Two year,1121.0,25788.0,1,Bank transfer,True,True,False
C10463,Bengaluru,59,F,37,Basic,Month-to-month,706.0,25480.0,0,Card,True,False,True
C14576,Kochi,39,M,12,Premium,Month-to-month,1648.0,19692.0,1,UPI,True,True,False
C10032,Hyderabad,32,F,68,Standard,One year,814.0,53836.0,2,UPI,False,True,False
C14213,Hyderabad,27,M,6,Basic,Month-to-month,841.0,4982.0,1,UPI,True,True,False
C14803,Chennai,74,F,6,Standard,Month-to-month,846.0,4849.0,0,UPI,False,True,False
C10338,Pune,22,F,27,Basic,Month-to-month,709.0,18194.0,0,Card,True,False,False
C12644,Bengaluru,30,M,33,Basic,Month-to-month,415.0,13601.0,1,Card,False,False,False
C16972,Hyderabad,36,M,9,Premium,One year,1369.0,11996.0,2,Card,False,True,False
C16523,Bengaluru,48,F,34,Basic,Month-to-month,694.0,22626.0,1,Cash,True,False,False
C13831,Chennai,54,M,11,Premium,One year,1487.0,15715.0,2,UPI,True,False,False
C13366,Bengaluru,30,M,8,Basic,Month-to-month,691.0,5293.0,1,Cash,True,False,False
C13303,Chennai,23,M,47,Premium,Two year,1606.0,75022.0,2,UPI,True,True,False
C11539,Hyderabad,47,M,37,Standard,Month-to-month,1150.0,41668.0,3,UPI,True,True,False
C12405,Bengaluru,30,M,30,Standard,Month-to-month,827.0,24455.0,3,UPI,False,True,True
C10946,Bengaluru,36,F,68,Premium,One year,1445.0,94656.0,1,UPI,True,False,False
C15507,Kochi,59,M,71,Premium,One year,1275.0,89524.0,3,UPI,False,True,True
C11428,Bengaluru,29,M,10,Standard,Month-to-month,807.0,8048.0,2,Cash,False,True,False
C11167,Kochi,23,M,38,Basic,Two year,696.0,25816.0,1,Card,True,False,False
C11590,Chennai,49,F,37,Standard,Month-to-month,668.0,24376.0,0,Cash,False,False,False
C15809,Bengaluru,60,M,2,Basic,Month-to-month,735.0,1436.0,2,UPI,True,False,True
C14754,Pune,52,F,11,Standard,Month-to-month,1005.0,10976.0,0,Card,True,False,True
C10125,Pune,29,M,58,Standard,Two year,718.0,39278.0,1,Cash,False,False,False
C10317,Kochi,53,F,34,Standard,Month-to-month,665.0,21647.0,0,Card,False,False,False
C11156,Kochi,58,M,38,Basic,Month-to-month,363.0,13312.0,0,UPI,False,False,False
C15329,Bengaluru,58,F,1,Premium,Month-to-month,1334.0,1268.0,3,Cash,False,True,True
C13602,Hyderabad,36,F,38,Standard,Month-to-month,638.0,23158.0,3,Card,False,False,True
C14915,Hyderabad,64,M,22,Standard,Month-to-month,1180.0,25014.0,0,Card,True,True,True
C15108,Hyderabad,50,F,19,Premium,Two year,1212.0,23028.0,0,UPI,False,False,False
C16554,Chennai,18,M,17,Basic,Month-to-month,696.0,11474.0,0,Bank transfer,True,True,True
C12858,Pune,65,M,14,Standard,Month-to-month,776.0,11111.0,2,UPI,False,True,True
C12062,Bengaluru,40,F,70,Basic,One year,372.0,24844.0,0,Bank transfer,False,False,False
C14599,Chennai,27,M,13,Standard,Month-to-month,899.0,11421.0,1,Cash,False,True,False
C16657,Pune,37,M,32,Standard,Month-to-month,894.0,28437.0,4,Card,False,True,False
C12112,Bengaluru,35,M,62,Basic,Two year,661.0,39687.0,2,Card,True,False,False
C11754,Bengaluru,71,M,16,Basic,Month-to-month,626.0,9959.0,2,UPI,True,False,False
C12036,Bengaluru,61,M,29,Basic,Month-to-month,523.0,14693.0,1,UPI,False,True,False
C10562,Hyderabad,57,F,24,Standard,Month-to-month,817.0,19402.0,1,Card,False,True,True
C16583,Bengaluru,56,M,38,Basic,Two year,529.0,19231.0,1,Bank transfer,False,True,True
C10565,Bengaluru,33,M,18,Basic,Month-to-month,546.0,9364.0,3,UPI,False,True,True
C13485,Bengaluru,55,M,17,Basic,Month-to-month,855.0,13995.0,1,Card,True,True,False
C15176,Bengaluru,33,M,29,Basic,Month-to-month,370.0,10227.0,0,Card,False,False,True
C15999,Pune,45,F,26,Basic,Month-to-month,672.0,18077.0,0,UPI,True,False,True
C16134,Hyderabad,37,F,8,Standard,Month-to-month,890.0,7062.0,0,UPI,True,False,True
C13394,Pune,25,M,24,Standard,Month-to-month,1000.0,23623.0,1,UPI,True,False,False
C12769,Hyderabad,49,M,9,Basic,Month-to-month,736.0,6616.0,0,UPI,True,False,False
C10336,Hyderabad,57,F,19,Premium,Month-to-month,1468.0,27491.0,2,UPI,True,False,True
C11067,Bengaluru,65,M,59,Standard,Two year,707.0,41134.0,1,Cash,False,False,False
C13475,Bengaluru,46,M,22,Premium,One year,1251.0,26173.0,0,Cash,False,False,False
C13820,Bengaluru,70,M,11,Standard,Month-to-month,968.0,10406.0,1,UPI,True,False,False
C11411,Hyderabad,35,M,19,Standard,Month-to-month,675.0,12193.0,0,Card,False,False,False
C12496,Hyderabad,24,M,23,Standard,Month-to-month,987.0,21598.0,1,UPI,True,False,False
C11290,Bengaluru,70,F,28,Standard,Month-to-month,750.0,20935.0,1,Bank transfer,False,True,True
C12808,Hyderabad,22,F,19,Standard,Month-to-month,853.0,15575.0,0,Card,False,True,False
C14177,Bengaluru,19,F,29,Standard,One year,958.0,27617.0,1,UPI,True,False,False
C16651,Chennai,62,M,37,Standard,One year,679.0,23987.0,0,UPI,False,False,False
C12184,Pune,45,F,2,Premium,Month-to-month,1607.0,3135.0,1,Cash,True,True,True
C13098,Hyderabad,46,F,36,Premium,Month-to-month,1479.0,53244.0,2,Cash,True,False,False
C14013,Chennai,52,F,21,Premium,One year,1628.0,32877.0,3,Bank transfer,True,True,True
C10385,Chennai,49,M,66,Premium,Two year,1143.0,72280.0,2,Card,False,False,False
C13612,Hyderabad,34,F,23,Standard,Month-to-month,990.0,22666.0,0,UPI,True,False,False
C13918,Hyderabad,57,F,36,Premium,Month-to-month,1503.0,53890.0,1,UPI,True,False,True
C16486,Bengaluru,18,M,59,Standard,Two year,967.0,54297.0,0,Bank transfer,True,False,False
C10887,Hyderabad,24,F,34,Standard,Month-to-month,628.0,20863.0,2,UPI,False,False,False
C15633,Bengaluru,33,F,12,Premium,Month-to-month,1460.0,16871.0,4,UPI,True,False,True
C14935,Hyderabad,49,F,49,Premium,One year,1710.0,81847.0,2,Cash,True,True,False
C10015,Hyderabad,26,F,33,Standard,Month-to-month,1024.0,33276.0,0,Cash,True,False,False
C15838,Bengaluru,28,M,10,Standard,Month-to-month,855.0,8131.0,0,Card,False,True,False
C11089,Kochi,19,F,26,Standard,Month-to-month,734.0,18667.0,0,Card,False,False,False
C12279,Hyderabad,66,F,38,Basic,One year,752.0,27285.0,1,Card,True,False,False
C16881,Hyderabad,47,M,17,Basic,One year,918.0,15079.0,0,Bank transfer,True,True,True
C15159,Bengaluru,55,M,25,Standard,One year,990.0,23650.0,4,UPI,True,False,False
C12600,Chennai,50,F,58,Premium,Two year,1142.0,65736.0,1,UPI,False,False,False
C11387,Chennai,56,M,23,Basic,Month-to-month,410.0,9325.0,2,UPI,False,False,True
C11182,Pune,26,F,26,Premium,Month-to-month,1459.0,37727.0,1,Card,True,False,False
C15450,Hyderabad,23,F,37,Standard,Month-to-month,972.0,35390.0,2,Card,True,False,False
C11019,Kochi,37,M,5,Premium,Month-to-month,1534.0,7642.0,0,Card,True,False,False
C13884,Pune,26,M,37,Basic,Two year,885.0,31368.0,2,Card,True,True,True
C15296,Pune,49,M,12,Basic,Month-to-month,428.0,5038.0,2,Card,False,False,False
C12069,Pune,63,F,26,Standard,Month-to-month,637.0,16297.0,1,Cash,False,False,False
C12284,Hyderabad,49,M,14,Standard,One year,1127.0,15723.0,0,Card,True,True,False
C15583,Hyderabad,25,M,7,Premium,Month-to-month,1631.0,11251.0,0,Card,True,True,True
C12312,Bengaluru,52,M,15,Basic,Month-to-month,688.0,10025.0,0,Card,True,False,True
C10369,Kochi,62,F,21,Basic,Month-to-month,832.0,16654.0,0,Card,True,True,False
C10040,Hyderabad,41,M,64,Standard,One year,817.0,52137.0,1,UPI,False,True,False
C13036,Bengaluru,71,F,28,Basic,One year,777.0,21552.0,1,Bank transfer,True,True,False
C14634,Pune,41,F,35,Standard,One year,975.0,33671.0,0,Bank transfer,True,False,False
C11142,Hyderabad,33,M,36,Standard,Month-to-month,1038.0,36381.0,0,Bank transfer,True,False,False
C13382,Bengaluru,27,F,35,Standard,Month-to-month,820.0,27565.0,2,UPI,False,True,True
C15792,Pune,60,F,9,Basic,Month-to-month,733.0,6368.0,1,Cash,True,False,False
C11017,Pune,40,F,38,Basic,Month-to-month,798.0,29084.0,1,Card,True,True,False
C13246,Hyderabad,33,F,26,Standard,Month-to-month,983.0,24534.0,0,Card,True,False,False
C14173,Pune,68,F,39,Basic,Month-to-month,567.0,21517.0,0,UPI,False,True,False
C14108,Hyderabad,41,M,24,Basic,Two year,892.0,21158.0,0,Card,True,True,False
C11794,Bengaluru,31,M,22,Standard,Month-to-month,1183.0,24958.0,1,UPI,True,True,True
C12187,Kochi,28,F,1,Standard,Month-to-month,874.0,839.0,2,UPI,False,True,True
C13533,Bengaluru,70,F,22,Standard,Month-to-month,675.0,14357.0,0,Card,False,False,True
C13341,Chennai,64,M,47,Premium,One year,1251.0,57052.0,0,UPI,False,False,False
C15301,Bengaluru,50,F,4,Basic,Month-to-month,795.0,3047.0,0,Cash,True,True,True
C14638,Pune,50,M,6,Basic,Month-to-month,786.0,4515.0,1,UPI,True,False,False
C10649,Hyderabad,63,F,31,Standard,One year,668.0,20706.0,1,UPI,False,False,False
C16631,Chennai,65,F,67,Standard,Two year,1046.0,67611.0,0,UPI,True,False,False
C11693,Chennai,73,F,22,Standard,One year,1132.0,23677.0,1,UPI,True,True,False
C10418,Pune,41,M,50,Basic,Two year,552.0,27086.0,0,Card,False,True,False
C16996,Chennai,42,F,22,Basic,Month-to-month,685.0,14854.0,1,UPI,True,False,False
C15522,Pune,74,M,8,Basic,Month-to-month,904.0,6928.0,1,UPI,True,True,False
C14276,Kochi,38,M,10,Premium,Month-to-month,1525.0,14590.0,1,UPI,True,False,True
C10857,Bengaluru,25,F,63,Premium,Two year,1695.0,103360.0,0,UPI,True,True,False
C14045,Hyderabad,52,M,35,Basic,Month-to-month,476.0,16081.0,1,UPI,False,True,False
C13550,Bengaluru,33,F,20,Standard,One year,673.0,13301.0,0,Bank transfer,False,False,False
C12536,Chennai,66,F,9,Basic,Month-to-month,752.0,6513.0,0,Card,True,False,False
C16811,Hyderabad,29,M,33,Standard,Month-to-month,992.0,31291.0,0,Card,True,False,False
C16752,Pune,71,M,3,Basic,Month-to-month,529.0,1543.0,2,Card,False,True,True
C10184,Chennai,58,M,58,Premium,One year,1209.0,66666.0,3,UPI,False,False,False
C11202,Bengaluru,61,M,1,Basic,Month-to-month,845.0,811.0,2,Bank transfer,True,True,True
C14813,Kochi,45,F,14,Basic,Month-to-month,650.0,8854.0,2,Bank transfer,True,False,True
C16570,Kochi,33,M,56,Basic,Two year,433.0,23261.0,1,UPI,False,False,False
C12425,Bengaluru,57,F,18,Basic,Month-to-month,670.0,11526.0,0,UPI,True,False,False
C14692,Chennai,23,F,27,Standard,Two year,982.0,26059.0,1,Cash,True,False,False
C16141,Chennai,19,F,19,Premium,Month-to-month,1234.0,22582.0,3,UPI,False,False,True
C11939,Chennai,68,F,35,Premium,Month-to-month,1245.0,43136.0,1,UPI,False,False,False
C11672,Kochi,46,M,11,Standard,Month-to-month,964.0,10139.0,1,UPI,True,False,False
C16927,Hyderabad,30,F,51,Premium,Two year,1564.0,75837.0,2,Card,True,False,False
C11415,Chennai,54,M,20,Basic,Month-to-month,569.0,10894.0,3,Bank transfer,False,True,False
C10375,Chennai,39,M,39,Basic,Month-to-month,707.0,27157.0,0,UPI,True,False,False
C15211,Hyderabad,57,F,9,Standard,Month-to-month,768.0,6889.0,0,UPI,False,False,False
C14371,Hyderabad,44,F,16,Premium,Two year,1501.0,23604.0,3,Cash,True,False,False
C10838,Hyderabad,61,M,64,Standard,One year,1093.0,67913.0,0,UPI,True,True,False
C14303,Hyderabad,72,F,54,Standard,One year,1011.0,54358.0,0,Card,True,False,False
C16568,Chennai,45,M,25,Standard,Month-to-month,1081.0,26876.0,1,Cash,True,False,True
C14227,Pune,40,F,37,Premium,Two year,1687.0,62030.0,1,Cash,True,True,False
C12827,Bengaluru,20,M,17,Basic,Month-to-month,387.0,6549.0,0,Card,False,False,True
C11367,Pune,44,M,11,Standard,Month-to-month,670.0,7027.0,1,Cash,False,False,False
C16540,Pune,39,M,36,Basic,Month-to-month,565.0,19691.0,0,UPI,False,True,True
C14468,Hyderabad,58,F,1,Standard,Month-to-month,869.0,853.0,2,Card,False,True,True
C11736,Kochi,19,F,48,Basic,Two year,714.0,33928.0,0,Card,True,False,False
C11988,Pune,26,M,13,Standard,Two year,1027.0,12798.0,2,Bank transfer,True,False,True
C10208,Pune,56,F,36,Standard,Month-to-month,805.0,28356.0,2,Cash,False,True,False
C16286,Bengaluru,22,M,43,Standard,One year,943.0,38596.0,1,Cash,True,False,False
C16442,Bengaluru,48,M,12,Premium,Month-to-month,1266.0,14905.0,1,UPI,False,False,True
C16441,Hyderabad,31,M,71,Premium,One year,1509.0,103792.0,2,Card,True,False,False
C12261,Hyderabad,34,M,39,Basic,Month-to-month,689.0,25941.0,3,Cash,True,False,False
C12521,Bengaluru,30,M,23,Basic,Month-to-month,755.0,17097.0,0,Card,True,False,False
C13258,Kochi,34,F,22,Basic,Month-to-month,567.0,11909.0,1,Card,False,True,False
C12171,Hyderabad,34,F,48,Standard,Two year,634.0,29864.0,4,UPI,False,False,False
C12326,Pune,41,M,8,Basic,Two year,732.0,5750.0,1,UPI,True,False,False
C11783,Chennai,32,F,33,Standard,One year,664.0,21098.0,1,Bank transfer,False,False,False
C13974,Chennai,45,F,15,Basic,Month-to-month,389.0,5765.0,1,Cash,False,False,True
C12927,Bengaluru,39,M,26,Standard,Month-to-month,713.0,18140.0,0,Card,False,False,False
C12002,Hyderabad,27,M,50,Basic,Two year,368.0,17910.0,0,UPI,False,False,False
C10621,Hyderabad,22,M,15,Premium,One year,1506.0,21875.0,0,UPI,True,False,False
C12299,Pune,38,F,15,Basic,Month-to-month,395.0,5925.0,1,UPI,False,False,False
C12583,Chennai,31,F,5,Basic,Month-to-month,594.0,2953.0,1,UPI,False,True,True
C12782,Chennai,34,M,52,Standard,Two year,992.0,49234.0,0,Card,True,False,False
C11900,Chennai,27,M,33,Basic,Month-to-month,384.0,12175.0,0,Cash,False,False,False
C13438,Hyderabad,51,M,52,Basic,Two year,893.0,46069.0,1,Cash,True,True,False
C10948,Chennai,46,F,18,Standard,Month-to-month,1036.0,18437.0,0,UPI,True,False,False
C13833,Chennai,21,M,14,Standard,Month-to-month,1046.0,14600.0,0,Card,True,False,False
C13469,Hyderabad,44,M,63,Standard,One year,1150.0,70462.0,1,Card,True,True,False
C11686,Pune,41,M,20,Basic,Month-to-month,652.0,12398.0,1,Card,True,False,False
C12655,Bengaluru,69,M,28,Premium,Two year,1194.0,31955.0,0,Card,False,False,False
C11775,Pune,68,F,33,Standard,Month-to-month,945.0,30884.0,0,UPI,True,False,False
C13273,Chennai,69,F,20,Basic,Two year,699.0,13699.0,1,Bank transfer,True,False,False
C16979,Chennai,28,M,67,Standard,Two year,1103.0,71403.0,0,UPI,True,True,False
C13964,Hyderabad,42,M,51,Basic,One year,671.0,32861.0,1,UPI,True,False,False
C15942,Chennai,33,F,36,Standard,Month-to-month,1131.0,39870.0,0,UPI,True,True,False
C15975,Chennai,37,F,31,Standard,Month-to-month,722.0,21408.0,3,UPI,False,False,True
C15305,Hyderabad,21,M,10,Basic,Month-to-month,703.0,7015.0,1,Card,True,False,False
C14168,Bengaluru,59,M,65,Standard,One year,939.0,58916.0,1,Cash,True,False,False
C14867,Chennai,24,M,3,Basic,Month-to-month,691.0,2066.0,1,Card,True,False,True
C12957,Hyderabad,29,F,6,Basic,Two year,400.0,2311.0,1,Card,False,False,False
C16267,Hyderabad,60,M,32,Basic,Month-to-month,748.0,23833.0,1,UPI,True,False,False
C13670,Bengaluru,48,M,43,Premium,One year,1664.0,68905.0,1,UPI,True,True,False
C10701,Hyderabad,31,M,51,Premium,One year,1465.0,73501.0,3,UPI,True,False,False
C16675,Hyderabad,21,M,9,Basic,Month-to-month,319.0,2823.0,1,Card,False,False,False
C16118,Pune,64,F,31,Basic,Month-to-month,670.0,20722.0,0,UPI,True,False,False
C10942,Bengaluru,29,F,21,Premium,Month-to-month,1624.0,32762.0,3,Bank transfer,True,True,False
C12995,Hyderabad,56,M,17,Premium,Month-to-month,1616.0,27070.0,0,Card,True,True,True
C12116,Hyderabad,59,M,39,Basic,Month-to-month,390.0,14912.0,0,UPI,False,False,False
C16417,Hyderabad,60,M,24,Standard,Month-to-month,983.0,22778.0,0,Bank transfer,True,False,False
C11289,Bengaluru,46,M,62,Premium,One year,1204.0,73993.0,3,UPI,False,False,False
C16360,Pune,23,F,12,Basic,Month-to-month,721.0,8342.0,1,UPI,True,False,False
C16222,Bengaluru,49,F,52,Premium,One year,1282.0,66266.0,1,Cash,False,False,False
C12692,Hyderabad,66,M,52,Basic,One year,759.0,38029.0,2,Cash,True,False,False
C10671,Bengaluru,20,M,17,Standard,One year,998.0,16829.0,3,UPI,True,False,True
C16161,Bengaluru,45,F,33,Standard,One year,964.0,31398.0,0,Bank transfer,True,False,False
C13281,Pune,35,M,17,Standard,Month-to-month,1169.0,19500.0,2,Bank transfer,True,True,True
C16520,Bengaluru,55,F,20,Standard,Month-to-month,658.0,12632.0,0,UPI,False,False,True
C10405,Chennai,47,M,15,Premium,One year,1471.0,21572.0,3,UPI,True,False,False
C12830,Bengaluru,56,M,25,Premium,Month-to-month,1476.0,35229.0,3,Cash,True,False,True
C16246,Pune,68,F,5,Premium,Month-to-month,1658.0,7992.0,0,Cash,True,True,True
C15949,Chennai,51,F,61,Basic,Two year,707.0,41456.0,0,Card,True,False,False
C14393,Pune,74,M,31,Basic,Two year,529.0,16079.0,2,Bank transfer,False,True,False
C11684,Bengaluru,67,M,27,Standard,Month-to-month,1185.0,31915.0,0,UPI,True,True,True
C10353,Chennai,72,M,5,Basic,Month-to-month,657.0,3258.0,0,Bank transfer,True,False,True
C13451,Bengaluru,44,M,27,Basic,Month-to-month,714.0,18684.0,1,UPI,True,False,False
C16341,Hyderabad,24,M,49,Premium,Two year,1437.0,69785.0,1,UPI,True,False,False
C15171,Pune,68,M,52,Standard,One year,933.0,48412.0,2,Bank transfer,True,False,False
C14193,Bengaluru,64,F,24,Basic,One year,695.0,16550.0,1,Card,True,False,False
C15083,Bengaluru,32,M,20,Basic,Month-to-month,712.0,14030.0,1,Cash,True,False,False
C11080,Pune,74,M,48,Premium,One year,1332.0,61017.0,1,Bank transfer,False,True,False
C12123,Pune,73,M,2,Standard,Month-to-month,1185.0,2321.0,1,UPI,True,True,False
C15903,Chennai,62,M,3,Basic,Month-to-month,549.0,1644.0,2,UPI,False,True,True
C16785,Bengaluru,31,F,70,Standard,One year,906.0,61611.0,1,Bank transfer,True,False,False
C15707,Kochi,35,M,4,Premium,Month-to-month,1379.0,5249.0,1,UPI,False,True,True
C13676,Bengaluru,70,F,22,Basic,Month-to-month,366.0,7672.0,2,Cash,False,False,False
C14234,Kochi,60,F,29,Basic,One year,434.0,12535.0,0,UPI,False,False,False
C10377,Chennai,33,M,11,Standard,Month-to-month,1151.0,12611.0,3,Card,True,True,True
C15221,Bengaluru,35,F,64,Standard,One year,706.0,44841.0,0,Bank transfer,False,False,False
C16869,Bengaluru,67,M,4,Basic,Month-to-month,578.0,2240.0,3,UPI,False,True,True
C16425,Hyderabad,69,F,14,Standard,Two year,991.0,13533.0,1,UPI,True,False,False
C12449,Bengaluru,72,M,28,Basic,Month-to-month,839.0,23465.0,3,Card,True,True,False
C14974,Bengaluru,43,M,27,Basic,Month-to-month,411.0,10721.0,3,Card,False,False,False
C11547,Chennai,24,M,39,Standard,Month-to-month,694.0,26220.0,0,Card,False,False,False
C10363,Chennai,69,F,49,Basic,One year,882.0,41794.0,2,Bank transfer,True,True,False
C11511,Kochi,27,F,21,Basic,Month-to-month,673.0,13436.0,1,Card,True,False,True
C14481,Pune,38,F,17,Basic,Month-to-month,878.0,14257.0,1,UPI,True,True,True
C14204,Hyderabad,21,F,25,Standard,Month-to-month,957.0,23165.0,1,UPI,True,False,False
C15911,Chennai,22,M,37,Basic,Month-to-month,722.0,26094.0,0,Card,True,False,False
C10027,Bengaluru,36,F,13,Basic,Month-to-month,310.0,4027.0,1,Card,False,False,True
C12623,Hyderabad,32,M,4,Premium,Month-to-month,1469.0,5615.0,3,UPI,True,False,True
C14511,Hyderabad,63,F,10,Basic,Month-to-month,828.0,7958.0,1,UPI,True,True,False
C15158,Chennai,40,M,64,Basic,Two year,788.0,47988.0,3,Card,True,True,False
C11208,Hyderabad,57,M,56,Basic,Two year,537.0,29796.0,1,UPI,False,True,False
C11389,Bengaluru,63,F,25,Premium,Month-to-month,1607.0,39871.0,0,UPI,True,True,False
C10799,Bengaluru,69,F,22,Standard,Month-to-month,1001.0,21049.0,2,Bank transfer,True,False,True
C16421,Bengaluru,65,F,49,Standard,One year,1201.0,56279.0,1,Card,True,True,False
C13479,Hyderabad,32,F,22,Premium,Month-to-month,1716.0,37035.0,4,Card,True,True,True
C14409,Chennai,28,F,12,Basic,Month-to-month,821.0,9823.0,1,Card,True,True,True
C13186,Hyderabad,29,F,32,Premium,Month-to-month,1542.0,48614.0,0,Card,True,False,False
C10837,Bengaluru,47,M,7,Standard,One year,910.0,6224.0,0,Card,False,True,False
C14623,Chennai,67,M,14,Premium,Month-to-month,1235.0,16819.0,4,Bank transfer,False,False,False
C11936,Bengaluru,30,M,16,Basic,Two year,555.0,8698.0,0,Card,False,True,False
C10204,Hyderabad,41,F,27,Basic,Month-to-month,667.0,17772.0,2,UPI,True,False,False
C16786,Chennai,60,F,31,Standard,Month-to-month,769.0,23719.0,1,Bank transfer,False,True,False
C11553,Chennai,56,M,49,Standard,One year,1153.0,54145.0,1,Cash,True,True,False
C14337,Chennai,52,F,1,Basic,Month-to-month,526.0,524.0,2,Cash,False,True,True
C11145,Chennai,60,F,24,Basic,Month-to-month,393.0,9303.0,0,UPI,False,False,False
C12624,Pune,59,F,17,Basic,Month-to-month,404.0,6825.0,0,Card,False,False,False
C14678,Pune,26,M,30,Standard,Month-to-month,1152.0,34025.0,0,Card,True,True,False
C12064,Pune,69,M,22,Standard,Two year,842.0,18019.0,0,Cash,False,True,False
C14363,Bengaluru,19,M,9,Standard,Month-to-month,1170.0,10168.0,0,Bank transfer,True,True,True
C15455,Hyderabad,72,F,60,Standard,One year,814.0,46473.0,0,Card,False,True,False
C10959,Hyderabad,62,M,12,Standard,Month-to-month,1180.0,13713.0,1,Cash,True,True,False
C10758,Kochi,52,M,31,Standard,Month-to-month,688.0,20467.0,1,UPI,False,False,False
C11409,Hyderabad,72,M,25,Standard,Month-to-month,1205.0,29867.0,0,Card,True,True,False
C16044,Hyderabad,48,F,6,Basic,One year,515.0,2975.0,1,UPI,False,True,False
C15370,Chennai,31,F,13,Standard,Month-to-month,958.0,12186.0,1,UPI,True,False,True
C16908,Bengaluru,28,F,63,Premium,One year,1226.0,73924.0,1,Card,False,False,False
C10626,Bengaluru,59,M,33,Standard,Month-to-month,1147.0,36134.0,2,Bank transfer,True,True,True
C12921,Bengaluru,41,M,30,Standard,Month-to-month,827.0,24810.0,2,UPI,False,True,True
C15344,Chennai,36,M,28,Basic,One year,592.0,15835.0,3,UPI,False,True,False
C16453,Bengaluru,70,M,19,Premium,Month-to-month,1207.0,21800.0,0,Cash,False,False,False
C15746,Hyderabad,28,M,20,Basic,Month-to-month,829.0,16262.0,2,Card,True,True,False
C12391,Kochi,69,F,57,Standard,One year,697.0,39729.0,1,UPI,False,False,False
C15720,Bengaluru,24,M,38,Standard,Month-to-month,1152.0,42531.0,2,Card,True,True,False
C10275,Hyderabad,36,F,30,Basic,Month-to-month,691.0,20168.0,0,UPI,True,False,False
C11252,Pune,72,M,3,Basic,Month-to-month,439.0,1258.0,0,Bank transfer,False,False,False
C12601,Chennai,23,M,14,Standard,Two year,654.0,8716.0,0,UPI,False,False,False
C13043,Hyderabad,59,M,27,Basic,Month-to-month,836.0,22531.0,0,Card,True,True,False
C11920,Hyderabad,34,F,36,Premium,Month-to-month,1682.0,60522.0,1,UPI,True,True,False
C15451,Hyderabad,37,F,23,Standard,Month-to-month,1061.0,23556.0,2,Card,True,False,False
C13225,Bengaluru,18,M,48,Standard,Two year,1114.0,51284.0,1,UPI,True,True,False
C11241,Hyderabad,21,F,58,Basic,Two year,650.0,37700.0,0,Card,True,False,True
C11400,Hyderabad,46,M,21,Premium,Month-to-month,1456.0,29693.0,3,Bank transfer,True,False,False
C10201,Hyderabad,68,M,36,Basic,One year,787.0,27709.0,0,Card,True,True,False
C11906,Hyderabad,27,F,31,Standard,One year,667.0,19907.0,0,Bank transfer,False,False,False
C15852,Kochi,63,F,7,Basic,Month-to-month,363.0,2414.0,3,UPI,False,False,False
C16827,Hyderabad,25,F,36,Standard,Month-to-month,964.0,33405.0,1,Card,True,False,False
C13926,Pune,38,F,5,Premium,Month-to-month,1203.0,5882.0,0,UPI,False,False,False
C12973,Chennai,55,M,58,Basic,One year,390.0,22448.0,0,UPI,False,False,False
C14731,Bengaluru,70,M,37,Premium,Month-to-month,1665.0,60069.0,2,Card,True,True,True
C12400,Chennai,22,F,27,Standard,Month-to-month,768.0,19968.0,2,UPI,False,False,False
C12078,Chennai,65,F,22,Standard,Two year,1187.0,24491.0,2,Card,True,True,False
C12203,Hyderabad,31,F,22,Basic,Month-to-month,743.0,16346.0,1,Card,True,False,True
C15936,Hyderabad,27,F,62,Premium,Two year,1632.0,98216.0,2,UPI,True,True,False
C12079,Kochi,63,F,28,Premium,Two year,1523.0,41748.0,0,Card,True,False,False
C14552,Chennai,49,M,13,Standard,Month-to-month,1190.0,15470.0,3,UPI,True,True,False
C12864,Hyderabad,56,M,24,Standard,Month-to-month,699.0,16524.0,2,UPI,False,False,True
C14534,Hyderabad,65,F,52,Standard,One year,828.0,42899.0,1,Card,False,True,False
C16194,Hyderabad,60,M,17,Premium,Month-to-month,1623.0,27321.0,2,Bank transfer,True,True,False
C11120,Pune,31,F,37,Basic,Month-to-month,616.0,22316.0,1,Card,True,False,False
C14408,Hyderabad,57,F,45,Premium,One year,1469.0,65289.0,0,UPI,True,False,False
C16283,Chennai,34,M,38,Premium,Month-to-month,1235.0,45470.0,2,Card,False,False,False
C15581,Pune,55,F,31,Standard,Month-to-month,854.0,25882.0,2,Bank transfer,False,True,True
C10866,Hyderabad,64,M,39,Premium,One year,1474.0,57064.0,1,Card,True,False,False
C13735,Pune,44,M,6,Standard,Month-to-month,981.0,5757.0,1,UPI,True,False,False
C15695,Kochi,74,F,5,Premium,Month-to-month,1563.0,7486.0,1,Cash,True,False,True
C13880,Hyderabad,46,F,34,Standard,Month-to-month,991.0,33111.0,1,Cash,True,False,False
C13988,Bengaluru,30,F,70,Standard,One year,1084.0,73979.0,1,Bank transfer,True,True,False
C14077,Hyderabad,54,F,64,Standard,One year,1016.0,63635.0,0,Card,True,False,False
C14069,Pune,28,M,14,Standard,Month-to-month,1039.0,14469.0,0,Card,True,False,True
C13558,Bengaluru,38,M,39,Standard,One year,759.0,29417.0,1,Card,False,False,False
C12120,Hyderabad,48,M,20,Basic,Month-to-month,833.0,16315.0,3,UPI,True,True,False
C16452,Pune,50,F,7,Standard,Month-to-month,1125.0,7858.0,1,Card,True,True,True
C11766,Chennai,72,M,21,Standard,One year,687.0,13747.0,4,Card,False,False,True
C16829,Hyderabad,71,F,30,Standard,Month-to-month,711.0,20751.0,1,UPI,False,False,False
C15386,Bengaluru,74,F,20,Standard,Month-to-month,892.0,17840.0,0,UPI,False,True,True
C15907,Kochi,40,M,7,Standard,Month-to-month,1105.0,7513.0,5,Card,True,True,True
C12352,Chennai,40,F,70,Standard,Two year,1025.0,70226.0,1,UPI,True,False,False
C12832,Kochi,33,F,38,Standard,Month-to-month,1121.0,42079.0,2,UPI,True,True,False
C14414,Bengaluru,40,F,10,Basic,Month-to-month,679.0,6576.0,1,Bank transfer,True,False,True
C11353,Hyderabad,58,M,23,Basic,One year,669.0,14734.0,0,Cash,True,False,False
C10213,Bengaluru,22,M,2,Basic,Month-to-month,375.0,748.0,1,UPI,False,False,False
C14250,Bengaluru,70,F,9,Basic,Month-to-month,517.0,4475.0,0,UPI,False,True,False
C16485,Pune,56,M,28,Basic,Month-to-month,345.0,9599.0,2,Card,False,False,False
C12015,Hyderabad,29,F,13,Standard,Two year,1019.0,13193.0,0,UPI,True,False,False
C15835,Pune,74,F,35,Standard,Month-to-month,828.0,28049.0,1,Card,False,True,False
C10230,Bengaluru,58,M,21,Basic,Month-to-month,684.0,14074.0,0,Card,True,False,False
C16047,Bengaluru,57,M,70,Premium,One year,1431.0,99431.0,1,Cash,True,False,False
C11034,Chennai,41,F,21,Basic,Month-to-month,848.0,17605.0,0,UPI,True,True,False
C12614,Bengaluru,53,M,34,Premium,Two year,1157.0,37827.0,0,Cash,False,False,False
C11577,Pune,27,M,37,Premium,One year,1486.0,52711.0,2,Card,True,False,False
C16419,Hyderabad,53,F,10,Standard,Month-to-month,1107.0,10852.0,1,Cash,True,True,False
C14119,Hyderabad,38,M,20,Standard,Month-to-month,1134.0,21554.0,1,Card,True,True,True
C12969,Bengaluru,45,M,9,Premium,Month-to-month,1718.0,15193.0,2,UPI,True,True,True
C14765,Pune,19,M,58,Basic,Two year,694.0,39300.0,1,UPI,True,False,False
C13044,Bengaluru,22,F,34,Standard,Month-to-month,1118.0,36802.0,0,Card,True,True,True
C10646,Pune,20,M,22,Basic,Month-to-month,503.0,10375.0,4,Card,False,True,False
C11287,Hyderabad,68,M,14,Basic,One year,696.0,9460.0,1,UPI,True,False,False
C14210,Bengaluru,21,F,33,Basic,Month-to-month,553.0,17706.0,3,Cash,False,True,True
C12032,Pune,56,F,6,Standard,One year,967.0,5691.0,1,UPI,True,False,False
C16762,Hyderabad,67,M,25,Premium,Two year,1709.0,41865.0,3,UPI,True,True,True
C16985,Bengaluru,31,F,3,Premium,Month-to-month,1582.0,4637.0,1,UPI,True,False,False
C12898,Hyderabad,27,M,55,Basic,Two year,475.0,25615.0,0,UPI,False,False,False
C12845,Hyderabad,25,F,61,Basic,Two year,888.0,53894.0,1,Card,True,True,False
C10503,Hyderabad,34,M,26,Basic,Month-to-month,806.0,20822.0,3,Cash,True,False,True
C11176,Pune,32,M,15,Standard,One year,741.0,10749.0,0,Card,False,False,False
C12670,Hyderabad,68,F,66,Basic,One year,858.0,56531.0,0,Card,True,True,False
C11892,Chennai,45,F,17,Basic,Month-to-month,416.0,6870.0,1,UPI,False,False,False
C12238,Chennai,31,F,40,Basic,One year,496.0,18868.0,0,UPI,False,True,False
C10386,Bengaluru,74,F,11,Basic,Month-to-month,762.0,8316.0,2,UPI,True,False,True
C13198,Chennai,37,M,46,Basic,One year,731.0,32895.0,0,Card,True,False,False
C14016,Chennai,47,M,43,Basic,Two year,541.0,23119.0,0,Bank transfer,False,True,False
C16608,Hyderabad,65,F,49,Standard,One year,760.0,36904.0,1,UPI,False,False,False
C13082,Hyderabad,22,F,30,Basic,Month-to-month,644.0,18815.0,2,UPI,True,False,True
C11956,Hyderabad,30,M,10,Basic,Two year,695.0,6803.0,0,UPI,True,False,False
C10625,Pune,37,M,37,Basic,Month-to-month,848.0,30064.0,1,UPI,True,True,False
C12685,Chennai,64,F,21,Standard,One year,992.0,20303.0,4,Card,True,False,False
C14356,Chennai,59,F,9,Standard,Month-to-month,1202.0,10801.0,0,Card,True,True,False
C16847,Hyderabad,28,M,55,Premium,Two year,1665.0,87934.0,0,Cash,True,True,False
C16935,Chennai,39,F,14,Standard,Month-to-month,1042.0,14320.0,1,Cash,True,False,False
C10072,Pune,31,M,47,Standard,Two year,961.0,43884.0,2,Bank transfer,True,False,False
C11744,Bengaluru,22,F,56,Standard,Two year,1158.0,64107.0,1,Bank transfer,True,True,False
C16435,Bengaluru,37,M,7,Standard,Two year,712.0,4749.0,0,Cash,False,False,False
C14166,Chennai,46,F,6,Premium,One year,1334.0,7758.0,1,Card,False,True,False
C10137,Bengaluru,63,F,32,Premium,One year,1275.0,39991.0,3,UPI,False,True,False
C13701,Chennai,52,M,12,Basic,Two year,856.0,9854.0,3,UPI,True,True,False
C13726,Chennai,71,M,71,Basic,One year,764.0,52560.0,1,Cash,True,True,False
C13672,Hyderabad,53,M,2,Basic,Month-to-month,799.0,1554.0,0,UPI,True,True,False
C15230,Chennai,41,F,19,Standard,Month-to-month,671.0,12157.0,3,Bank transfer,False,False,True
C16944,Pune,60,M,44,Standard,Two year,1010.0,43331.0,1,Cash,True,False,False
C13051,Chennai,52,M,23,Premium,Month-to-month,1200.0,26822.0,2,UPI,False,False,False
C16034,Hyderabad,73,M,11,Basic,Month-to-month,883.0,9265.0,1,Bank transfer,True,True,False
C11100,Pune,33,F,32,Basic,Month-to-month,712.0,21768.0,1,UPI,True,False,False
C11031,Chennai,25,F,37,Premium,Two year,1604.0,56746.0,4,Cash,True,True,False
C12750,Hyderabad,59,F,25,Standard,Month-to-month,667.0,16544.0,0,UPI,False,False,False
C11346,Chennai,42,M,63,Basic,Two year,448.0,27262.0,1,Card,False,False,False
C12868,Hyderabad,59,F,14,Basic,One year,372.0,4959.0,2,Card,False,False,False
C14626,Pune,74,M,34,Premium,Month-to-month,1704.0,57670.0,0,UPI,True,True,False
C16019,Bengaluru,59,M,8,Standard,Month-to-month,581.0,4538.0,2,Card,False,False,True
C11030,Chennai,36,M,17,Standard,Two year,677.0,11290.0,0,UPI,False,False,False
C15645,Chennai,45,F,1,Basic,Month-to-month,559.0,542.0,2,Card,False,True,False
C11557,Bengaluru,29,F,10,Basic,Month-to-month,693.0,6791.0,3,UPI,True,False,True
C11226,Kochi,51,M,71,Basic,Two year,389.0,27350.0,4,UPI,False,False,False
C12335,Pune,59,F,36,Premium,Month-to-month,1449.0,51795.0,3,UPI,True,False,False
C16851,Hyderabad,23,M,17,Standard,Month-to-month,1041.0,16999.0,0,UPI,True,False,False
C13240,Chennai,38,M,14,Basic,Month-to-month,875.0,12687.0,4,Card,True,True,False
C10712,Kochi,68,M,19,Basic,Month-to-month,403.0,7451.0,3,Cash,False,False,False
C16009,Bengaluru,73,M,20,Premium,Month-to-month,1452.0,27773.0,1,UPI,True,False,False
C11560,Kochi,24,M,31,Standard,Month-to-month,642.0,19767.0,2,UPI,False,False,False
C12657,Hyderabad,55,F,40,Standard,One year,1179.0,47152.0,1,UPI,True,True,False
C12240,Hyderabad,33,M,60,Standard,Two year,1040.0,61000.0,2,Cash,True,False,False
C15178,Kochi,55,M,68,Standard,Two year,944.0,61144.0,0,UPI,True,False,False
C12931,Hyderabad,33,F,54,Basic,Two year,611.0,32350.0,0,UPI,True,False,False
C10305,Bengaluru,33,M,28,Premium,Month-to-month,1649.0,44915.0,1,UPI,True,True,True
C15855,Pune,68,F,6,Basic,Month-to-month,852.0,4973.0,0,UPI,True,True,True
C13012,Bengaluru,18,M,7,Basic,Month-to-month,636.0,4396.0,0,Card,False,True,True
C11205,Bengaluru,65,M,34,Basic,One year,750.0,24309.0,0,UPI,True,False,False
C16494,Hyderabad,45,M,61,Premium,Two year,1161.0,69511.0,1,UPI,False,False,False
C12859,Bengaluru,35,F,41,Basic,Two year,700.0,28056.0,1,UPI,True,False,False
C14957,Pune,26,M,52,Standard,Two year,1007.0,51437.0,1,Card,True,False,False
C15145,Chennai,56,F,18,Standard,Month-to-month,1117.0,19430.0,1,Cash,True,True,False
C11599,Hyderabad,73,M,8,Basic,Month-to-month,803.0,6275.0,1,Bank transfer,True,True,False
C10499,Bengaluru,48,M,50,Standard,Two year,1114.0,54305.0,1,UPI,True,True,False
C16722,Chennai,74,M,7,Standard,One year,990.0,6897.0,1,Cash,True,False,False
C14171,Chennai,27,F,16,Basic,Month-to-month,748.0,11454.0,0,UPI,True,False,False
C12314,Hyderabad,30,F,38,Premium,Month-to-month,1112.0,43344.0,0,UPI,False,False,True
C12131,Hyderabad,55,F,70,Basic,Two year,904.0,61905.0,1,UPI,True,True,False
C12713,Hyderabad,61,M,56,Premium,One year,1383.0,74882.0,3,Card,False,True,False
C15538,Bengaluru,51,M,69,Basic,Two year,412.0,27488.0,1,UPI,False,False,False
C14238,Hyderabad,46,M,21,Basic,Month-to-month,365.0,7574.0,1,UPI,False,False,False
C16763,Bengaluru,69,F,13,Basic,Two year,829.0,10473.0,1,Bank transfer,True,True,False
C15406,Bengaluru,36,F,11,Basic,Two year,859.0,9168.0,0,Cash,True,True,False
C11789,Bengaluru,56,F,55,Premium,One year,1547.0,82906.0,1,Cash,True,False,False
C15311,Hyderabad,57,F,5,Premium,Month-to-month,1119.0,5442.0,0,Cash,False,False,False
C11664,Chennai,67,F,38,Standard,One year,1069.0,40453.0,0,Card,True,False,False
C11649,Chennai,41,M,23,Premium,Month-to-month,1329.0,30461.0,3,Bank transfer,False,True,True
C16994,Bengaluru,35,M,2,Premium,Month-to-month,1241.0,2474.0,0,Card,False,False,False
C16671,Chennai,37,F,6,Premium,One year,1340.0,7991.0,1,Card,False,True,True
C15791,Bengaluru,60,M,58,Basic,Two year,593.0,33808.0,2,Cash,False,True,False
C15519,Hyderabad,69,F,17,Standard,Month-to-month,1197.0,20328.0,2,Bank transfer,True,True,False
C15217,Chennai,18,F,2,Standard,Month-to-month,666.0,1293.0,2,Card,False,False,False
C10809,Chennai,39,F,33,Basic,Month-to-month,410.0,12868.0,2,Card,False,False,False
C16822,Chennai,30,F,15,Basic,Month-to-month,462.0,6686.0,2,UPI,False,False,True
C12003,Bengaluru,34,F,33,Standard,Two year,785.0,25876.0,1,Card,False,False,False
C16232,Chennai,58,F,12,Standard,Month-to-month,701.0,8038.0,2,Card,False,False,True
C10120,Hyderabad,46,F,10,Premium,Month-to-month,1302.0,12914.0,2,Card,False,True,False
C15197,Bengaluru,54,F,23,Standard,Two year,1028.0,23526.0,1,Bank transfer,True,False,False
C14428,Hyderabad,19,F,8,Basic,Month-to-month,321.0,2485.0,1,UPI,False,False,True
C14484,Bengaluru,18,M,10,Standard,Month-to-month,706.0,6867.0,1,UPI,False,False,False
C15396,Chennai,20,M,24,Standard,Month-to-month,799.0,18736.0,0,Card,False,True,False
C16648,Pune,41,F,70,Basic,One year,708.0,47854.0,0,Bank transfer,True,False,False
C16437,Chennai,31,F,10,Premium,Month-to-month,1448.0,14353.0,3,Cash,True,False,True
C12497,Hyderabad,30,M,39,Basic,Month-to-month,897.0,33560.0,0,Card,True,True,False
C10640,Bengaluru,18,M,11,Standard,Two year,1040.0,11288.0,2,UPI,True,False,False
C13302,Chennai,21,M,18,Standard,Month-to-month,1151.0,20386.0,1,Bank transfer,True,True,False
C14257,Hyderabad,41,M,16,Premium,Two year,1556.0,23744.0,2,UPI,True,False,False
C13935,Hyderabad,54,M,60,Basic,Two year,718.0,41613.0,1,Card,True,False,False
C13989,Bengaluru,29,M,38,Standard,One year,1013.0,38248.0,2,Bank transfer,True,False,False
C10834,Hyderabad,40,F,6,Standard,Month-to-month,1069.0,6336.0,1,Bank transfer,True,True,True
C16103,Pune,46,M,3,Premium,Month-to-month,1189.0,3527.0,2,Cash,False,False,False
C14702,Hyderabad,39,M,3,Premium,Month-to-month,1483.0,4257.0,1,Card,True,False,False
C11379,Chennai,72,M,54,Standard,Two year,796.0,41696.0,1,UPI,False,True,True
C14332,Bengaluru,19,M,17,Premium,One year,1355.0,22692.0,2,UPI,False,True,True
C11591,Chennai,32,F,12,Premium,Month-to-month,1227.0,14567.0,0,Bank transfer,False,False,False
C14459,Kochi,51,M,10,Standard,Month-to-month,1122.0,9599.0,0,UPI,True,True,False
C13677,Hyderabad,24,F,36,Standard,Month-to-month,961.0,34082.0,0,Card,True,False,False
C12643,Pune,71,M,25,Premium,Month-to-month,1681.0,41789.0,2,UPI,True,True,True
C15545,Bengaluru,44,F,38,Basic,Month-to-month,876.0,33013.0,0,Bank transfer,True,True,False
C13331,Pune,29,M,68,Basic,One year,717.0,46598.0,0,UPI,True,False,False
C15615,Chennai,52,M,11,Premium,Month-to-month,1544.0,16282.0,2,Bank transfer,True,True,False
C12450,Hyderabad,69,M,2,Premium,Month-to-month,1510.0,2886.0,0,Card,True,False,False
C13659,Hyderabad,35,F,41,Basic,Two year,440.0,17190.0,0,Bank transfer,False,False,False
C15717,Pune,28,M,33,Basic,Month-to-month,686.0,22252.0,0,Cash,True,False,False
C15805,Bengaluru,69,M,54,Standard,One year,665.0,35070.0,1,UPI,False,False,False
C15780,Chennai,55,M,71,Premium,One year,1530.0,106923.0,0,Card,True,False,False
C12150,Hyderabad,60,M,55,Basic,One year,859.0,47245.0,0,Card,True,True,False
C10341,Bengaluru,38,F,37,Standard,Month-to-month,874.0,31080.0,3,Card,False,True,True
C15980,Kochi,59,F,67,Premium,Two year,1665.0,106029.0,1,Cash,True,True,False
C13766,Bengaluru,57,M,8,Basic,Two year,403.0,3069.0,1,Cash,False,False,False
C12277,Chennai,60,F,49,Standard,One year,1017.0,48697.0,1,Card,True,False,False
C12978,Hyderabad,68,F,25,Standard,Month-to-month,859.0,20710.0,0,Card,False,True,True
C12569,Hyderabad,74,M,12,Standard,One year,1005.0,11808.0,1,UPI,True,False,False
C13244,Chennai,42,F,38,Basic,One year,723.0,26442.0,2,UPI,True,False,False
C15483,Pune,74,F,6,Basic,Month-to-month,806.0,4750.0,1,UPI,True,False,True
C11607,Bengaluru,60,M,37,Basic,Month-to-month,462.0,17094.0,0,UPI,False,False,False
C15237,Hyderabad,44,F,27,Standard,Month-to-month,1078.0,28654.0,2,UPI,True,False,False
C11928,Hyderabad,62,M,31,Standard,One year,842.0,26102.0,2,UPI,False,True,False
C11755,Hyderabad,23,F,36,Standard,Month-to-month,1140.0,39751.0,1,UPI,True,True,False
C13498,Hyderabad,37,F,67,Premium,One year,1685.0,110710.0,2,Bank transfer,True,True,False
C13489,Bengaluru,44,M,63,Standard,Two year,812.0,49688.0,2,Card,False,True,False
C14709,Pune,35,M,20,Premium,Month-to-month,1197.0,23698.0,0,Card,False,False,False
C12475,Chennai,47,M,69,Basic,Two year,785.0,51482.0,3,Card,True,False,True
C11857,Chennai,34,M,37,Standard,Month-to-month,1112.0,40286.0,2,UPI,True,True,False
C14252,Pune,50,M,45,Standard,Two year,1012.0,43316.0,1,Card,True,False,False
C14472,Hyderabad,74,M,15,Standard,Month-to-month,839.0,11958.0,3,UPI,False,True,True
C11230,Chennai,63,M,43,Basic,One year,625.0,26138.0,1,Cash,False,True,False
C11852,Kochi,41,F,11,Standard,Month-to-month,869.0,9415.0,0,Bank transfer,False,True,False
C14265,Hyderabad,24,F,46,Standard,One year,997.0,45496.0,0,Bank transfer,True,False,False
C10749,Bengaluru,73,F,38,Standard,Month-to-month,757.0,28174.0,1,Card,False,False,False
C11455,Bengaluru,32,F,47,Premium,One year,1521.0,71469.0,0,UPI,True,False,True
C11272,Chennai,49,M,31,Standard,One year,701.0,21642.0,2,Card,False,False,False
C11853,Hyderabad,19,F,38,Basic,Month-to-month,412.0,15653.0,1,Cash,False,False,False
C15906,Hyderabad,42,M,16,Standard,Month-to-month,1017.0,16182.0,2,Cash,True,False,True
C10721,Chennai,47,M,10,Basic,Month-to-month,468.0,4601.0,1,Card,False,False,False
C10810,Pune,43,M,35,Basic,Month-to-month,687.0,24028.0,1,Card,True,False,False
C11445,Pune,31,M,49,Basic,One year,818.0,38739.0,2,UPI,True,True,False
C12313,Bengaluru,40,M,1,Standard,Month-to-month,795.0,790.0,1,Cash,False,True,True
C16298,Bengaluru,33,F,22,Standard,Two year,952.0,20658.0,3,Card,True,False,False
C16619,Hyderabad,25,F,49,Standard,Two year,985.0,47215.0,0,Card,True,False,False
C11700,Pune,52,F,36,Basic,One year,751.0,26248.0,2,UPI,True,True,False
C16559,Bengaluru,56,M,31,Premium,Month-to-month,1337.0,41024.0,0,Bank transfer,False,True,True
C10395,Pune,33,F,9,Premium,Two year,1492.0,13428.0,1,Card,True,False,False
C16686,Chennai,72,F,24,Premium,Two year,1441.0,34487.0,2,UPI,True,False,False
C15077,Bengaluru,40,M,22,Standard,Month-to-month,939.0,20449.0,1,UPI,True,False,False
C12766,Pune,69,F,25,Premium,One year,1335.0,32816.0,2,Card,False,True,True
C15124,Hyderabad,43,F,35,Basic,Month-to-month,831.0,28366.0,0,Card,True,True,False
C12944,Chennai,45,M,16,Standard,Month-to-month,1072.0,17056.0,1,Card,True,True,False
C14217,Hyderabad,72,M,9,Premium,One year,1668.0,14925.0,1,Cash,True,True,False
C15554,Bengaluru,55,M,34,Standard,Month-to-month,865.0,29219.0,0,UPI,False,True,True
C13955,Chennai,28,F,25,Standard,One year,991.0,24285.0,1,Cash,True,False,False
C13961,Bengaluru,46,F,29,Basic,One year,431.0,11957.0,1,Card,False,False,False
C13750,Kochi,38,M,36,Basic,Month-to-month,543.0,19192.0,2,Card,False,True,True
C13546,Kochi,46,M,64,Standard,One year,710.0,45151.0,1,Bank transfer,False,False,False
C12922,Hyderabad,66,F,68,Basic,Two year,749.0,50301.0,2,UPI,True,False,False
C12538,Bengaluru,39,F,38,Basic,Two year,414.0,15525.0,1,UPI,False,False,False
C13864,Chennai,73,M,62,Standard,One year,1008.0,60793.0,2,UPI,True,False,False
C15803,Chennai,23,F,38,Basic,One year,449.0,16520.0,0,Cash,False,False,False
C12842,Chennai,35,M,30,Basic,Month-to-month,652.0,19214.0,0,Bank transfer,True,False,False
C12106,Pune,19,M,7,Basic,Month-to-month,797.0,5305.0,0,UPI,True,True,True
C11837,Bengaluru,19,M,56,Basic,Two year,436.0,23346.0,0,Bank transfer,False,False,False
C11097,Chennai,30,M,42,Basic,One year,840.0,34269.0,0,Card,True,True,False
C14598,Pune,57,M,30,Basic,One year,848.0,25440.0,4,Bank transfer,True,True,False
C12905,Pune,48,M,28,Premium,Month-to-month,1671.0,45298.0,2,Cash,True,True,True
C10744,Bengaluru,36,F,1,Basic,Month-to-month,773.0,768.0,1,UPI,True,False,False
C14606,Chennai,60,F,33,Basic,Month-to-month,410.0,13098.0,2,UPI,False,False,False
C16000,Bengaluru,34,M,31,Standard,One year,1124.0,34844.0,1,UPI,True,True,False
C13159,Kochi,41,F,29,Basic,Month-to-month,761.0,21950.0,1,Card,True,False,False
C12977,Chennai,40,F,26,Premium,Month-to-month,1210.0,30557.0,1,Card,False,False,True
C15272,Bengaluru,47,F,24,Basic,Month-to-month,674.0,15889.0,0,UPI,True,False,False
C10738,Bengaluru,64,M,44,Premium,Two year,1505.0,65555.0,2,UPI,True,False,False
C16160,Hyderabad,30,F,31,Premium,Month-to-month,1476.0,43554.0,1,Card,True,False,False
C15844,Pune,62,M,4,Premium,Month-to-month,1474.0,5696.0,0,UPI,True,False,True
C16841,Chennai,42,F,71,Premium,Two year,1544.0,107440.0,0,Card,True,False,False
C12709,Kochi,58,M,20,Standard,Two year,663.0,12716.0,0,UPI,False,False,False
C11219,Chennai,38,M,19,Basic,Month-to-month,768.0,13919.0,1,Bank transfer,True,True,False
C12637,Chennai,28,M,25,Basic,One year,667.0,15975.0,1,UPI,True,False,False
C14211,Pune,45,F,27,Basic,Month-to-month,708.0,18771.0,1,UPI,True,False,True
C11698,Bengaluru,74,F,25,Standard,Month-to-month,1154.0,28353.0,0,UPI,True,True,False
C12420,Hyderabad,63,M,54,Premium,One year,1522.0,78470.0,2,Cash,True,False,False
C11549,Kochi,52,F,12,Premium,Month-to-month,1567.0,18727.0,0,UPI,True,False,False
C11918,Bengaluru,50,M,25,Basic,Month-to-month,718.0,17446.0,3,Card,True,False,False
C14055,Pune,38,F,35,Standard,Two year,1141.0,38136.0,1,Bank transfer,True,True,False
C14496,Hyderabad,18,M,19,Standard,Two year,673.0,12427.0,3,Card,False,False,False
C12223,Pune,48,F,69,Standard,One year,1143.0,75298.0,2,UPI,True,True,False
C12057,Bengaluru,48,F,70,Standard,One year,1003.0,67769.0,1,UPI,True,False,False
C16311,Pune,63,F,28,Premium,Month-to-month,1483.0,40110.0,0,Cash,True,False,False
C16480,Hyderabad,31,M,15,Premium,Two year,1203.0,17291.0,2,Bank transfer,False,False,False
C11398,Kochi,42,F,71,Premium,Two year,1526.0,107105.0,0,Card,True,False,False
C10482,Bengaluru,60,F,37,Basic,One year,915.0,32648.0,0,Cash,True,True,False
C14154,Hyderabad,63,F,12,Premium,One year,1469.0,17054.0,2,Bank transfer,True,False,True
C10242,Pune,50,M,25,Basic,Month-to-month,423.0,10535.0,1,UPI,False,False,True
C13486,Hyderabad,70,M,62,Basic,One year,513.0,30636.0,2,UPI,False,True,False
C12499,Bengaluru,27,F,40,Basic,Two year,399.0,15725.0,2,UPI,False,False,False
C15127,Hyderabad,62,M,48,Basic,Two year,689.0,32730.0,0,UPI,True,False,False
C16270,Kochi,33,M,9,Premium,One year,1684.0,15016.0,0,Card,True,True,False
C15687,Kochi,56,F,37,Premium,One year,1286.0,47490.0,2,Card,False,True,False
C12621,Hyderabad,56,F,22,Standard,Month-to-month,632.0,13471.0,1,UPI,False,False,False
C14557,Hyderabad,39,F,16,Premium,Month-to-month,1176.0,18048.0,0,Cash,False,False,True
C16403,Bengaluru,73,F,48,Standard,Two year,705.0,33096.0,1,Cash,False,False,False
C13846,Hyderabad,60,F,50,Standard,One year,1153.0,56309.0,2,UPI,True,True,False
C15010,Chennai,29,F,3,Basic,Month-to-month,770.0,2216.0,0,UPI,True,True,True
C10683,Bengaluru,51,F,12,Basic,One year,372.0,4346.0,2,UPI,False,False,True
C12909,Chennai,35,M,11,Standard,Month-to-month,1107.0,11934.0,1,Card,True,True,True
C11160,Chennai,55,F,17,Basic,Month-to-month,367.0,6122.0,2,Card,False,False,False
C16777,Kochi,18,F,6,Standard,Month-to-month,987.0,5723.0,2,UPI,True,False,False
C13859,Pune,50,M,39,Premium,Month-to-month,1464.0,56729.0,2,UPI,True,False,False
C16484,Bengaluru,43,F,21,Basic,Two year,740.0,15314.0,2,Cash,True,False,False
C13039,Hyderabad,49,F,24,Standard,Month-to-month,951.0,22662.0,2,Cash,True,False,False
C12590,Kochi,65,M,56,Standard,Two year,987.0,52722.0,2,Cash,True,False,False
C10411,Chennai,33,F,18,Standard,Month-to-month,827.0,14592.0,1,UPI,False,True,True
C10141,Bengaluru,22,M,30,Basic,Month-to-month,365.0,10630.0,2,UPI,False,False,True
C16268,Hyderabad,46,F,16,Basic,Month-to-month,409.0,6536.0,2,Cash,False,False,False
C10222,Kochi,36,M,52,Basic,One year,748.0,37084.0,2,Card,True,False,False
C13487,Hyderabad,53,M,38,Standard,Month-to-month,639.0,23189.0,1,UPI,False,False,False
C10142,Kochi,53,M,18,Premium,Month-to-month,1658.0,29457.0,2,UPI,True,True,False
C16448,Bengaluru,63,M,13,Standard,One year,1056.0,13390.0,0,Card,True,False,False
C15092,Kochi,58,F,18,Standard,Month-to-month,858.0,14723.0,4,Cash,False,True,False
C15016,Kochi,21,M,35,Standard,One year,928.0,31340.0,0,Card,True,False,False
C12746,Hyderabad,33,F,11,Basic,Month-to-month,534.0,5822.0,0,UPI,False,True,False
C16509,Chennai,28,F,24,Basic,Month-to-month,421.0,9900.0,0,Cash,False,False,True
C12101,Hyderabad,34,M,31,Standard,Month-to-month,1208.0,35895.0,1,Card,True,True,False
C13875,Hyderabad,37,F,35,Premium,Month-to-month,1619.0,55233.0,2,UPI,True,True,True
C10004,Pune,24,M,34,Standard,Month-to-month,958.0,32485.0,1,Card,True,False,False
C14376,Bengaluru,56,M,28,Standard,One year,853.0,22876.0,1,Bank transfer,False,True,False
C10337,Bengaluru,23,F,38,Basic,Month-to-month,805.0,29442.0,0,Cash,True,False,True
C12634,Hyderabad,67,F,55,Standard,One year,1043.0,56286.0,1,Card,True,False,False
C11281,Chennai,65,M,26,Standard,Month-to-month,1041.0,26365.0,2,UPI,True,False,False
C12877,Pune,65,F,4,Standard,Month-to-month,554.0,2129.0,0,Card,False,False,False
C14035,Pune,21,M,7,Basic,Month-to-month,405.0,2732.0,1,UPI,False,False,False
C11494,Hyderabad,66,F,27,Standard,Month-to-month,826.0,21502.0,0,Cash,False,True,False
C16065,Hyderabad,39,M,2,Standard,Month-to-month,1153.0,2213.0,4,Card,True,True,True
C10862,Bengaluru,53,M,59,Standard,One year,1008.0,58616.0,0,UPI,True,False,False
C15559,Hyderabad,33,M,8,Standard,Month-to-month,644.0,5045.0,3,UPI,False,False,True
C12138,Hyderabad,54,M,66,Standard,One year,673.0,42883.0,2,Cash,False,False,False
C10491,Kochi,22,M,48,Basic,One year,768.0,36603.0,2,Bank transfer,True,False,False
C15516,Chennai,54,F,10,Standard,Month-to-month,808.0,7921.0,3,Card,False,True,False
C13528,Pune,49,F,19,Premium,Month-to-month,1462.0,26717.0,0,Cash,True,False,False
C10617,Hyderabad,34,M,17,Standard,One year,689.0,11427.0,3,Card,False,False,False
C14386,Chennai,70,M,38,Standard,Month-to-month,716.0,26713.0,1,UPI,False,False,False
C16774,Hyderabad,61,M,50,Standard,Two year,884.0,42411.0,3,UPI,False,True,False
C15422,Pune,43,F,22,Basic,Two year,753.0,16533.0,3,Bank transfer,True,False,False
C15931,Hyderabad,34,M,48,Standard,One year,985.0,46076.0,3,Cash,True,False,True
C11614,Bengaluru,55,M,34,Basic,Month-to-month,701.0,23512.0,2,Card,True,False,False
C14675,Pune,48,F,24,Standard,Month-to-month,981.0,23358.0,2,Card,True,False,True
C12200,Pune,72,M,4,Premium,Month-to-month,1347.0,5121.0,1,Card,False,True,False
C15786,Bengaluru,32,M,27,Basic,One year,867.0,22912.0,1,UPI,True,True,False
C16135,Pune,22,F,56,Standard,One year,720.0,38532.0,0,Cash,False,False,False
C12072,Hyderabad,27,F,2,Basic,Month-to-month,746.0,2189.0,0,UPI,True,False,False
C13980,Chennai,63,F,8,Basic,One year,833.0,6365.0,3,Cash,True,False,False
C13338,Pune,38,F,22,Basic,Two year,795.0,17218.0,1,Cash,True,True,False
C13862,Chennai,28,F,6,Standard,One year,961.0,5564.0,0,UPI,True,False,False
C10344,Pune,46,M,49,Basic,One year,831.0,40266.0,0,UPI,True,True,False
C15000,Bengaluru,56,F,22,Standard,Month-to-month,687.0,14942.0,0,Card,False,False,False
C14523,Pune,41,F,46,Standard,One year,1175.0,51887.0,0,Cash,True,True,False
C12090,Kochi,23,M,64,Standard,Two year,719.0,45447.0,1,UPI,False,False,False
C10257,Chennai,71,F,3,Basic,Month-to-month,563.0,1666.0,0,Bank transfer,False,True,False
C15241,Chennai,38,M,45,Standard,One year,1118.0,49249.0,1,UPI,True,True,False
C16292,Hyderabad,41,M,27,Premium,Month-to-month,1492.0,38703.0,2,Bank transfer,True,False,True
C13066,Kochi,23,F,56,Basic,Two year,818.0,44127.0,0,Cash,True,True,False
C10514,Bengaluru,59,M,20,Standard,One year,1156.0,22004.0,0,Cash,True,True,False
C14066,Hyderabad,59,M,20,Basic,Month-to-month,411.0,7895.0,1,Bank transfer,False,False,False
C12628,Pune,64,M,21,Basic,One year,845.0,17129.0,1,Bank transfer,True,True,True
C12509,Pune,62,F,5,Basic,Month-to-month,918.0,4452.0,1,Card,True,True,False
C11064,Hyderabad,50,F,21,Premium,Two year,1281.0,25613.0,0,UPI,False,True,False
C12649,Bengaluru,50,M,36,Standard,Two year,911.0,31377.0,0,Card,True,False,False
C11195,Bengaluru,54,F,51,Basic,Two year,723.0,36641.0,0,Bank transfer,True,False,False
C15813,Chennai,59,F,7,Standard,Two year,995.0,6893.0,1,UPI,True,False,False
C12136,Pune,29,M,29,Standard,One year,673.0,18843.0,4,Card,False,False,False
C11685,Chennai,74,F,24,Basic,Month-to-month,659.0,15416.0,0,UPI,True,False,False
C15921,Hyderabad,45,F,15,Standard,Month-to-month,1047.0,15540.0,0,Bank transfer,True,False,False
C14072,Pune,65,M,50,Basic,One year,675.0,33711.0,0,Cash,True,False,False
C12353,Chennai,58,M,44,Premium,One year,1649.0,70170.0,3,UPI,True,True,True
C15974,Kochi,18,F,13,Premium,Two year,1167.0,14502.0,1,Bank transfer,False,False,False
C11343,Bengaluru,22,M,52,Standard,Two year,1161.0,59667.0,1,Bank transfer,True,True,False
C10112,Chennai,46,F,23,Standard,Month-to-month,1037.0,23819.0,2,Card,True,False,False
C12321,Bengaluru,42,F,54,Basic,One year,874.0,45957.0,2,Bank transfer,True,True,False
C10121,Bengaluru,63,F,4,Basic,Month-to-month,697.0,2692.0,0,Card,True,False,False
C13092,Chennai,25,F,36,Basic,Month-to-month,739.0,25913.0,1,Card,True,False,False
C12394,Kochi,20,M,11,Standard,Two year,1157.0,12356.0,0,UPI,True,True,False
C11887,Kochi,33,F,32,Standard,Month-to-month,831.0,25929.0,2,Card,False,True,False
C10902,Bengaluru,42,F,49,Basic,One year,434.0,20355.0,0,Card,False,False,False
C16213,Bengaluru,30,F,19,Standard,Month-to-month,1113.0,20557.0,1,Card,True,True,False
C10929,Hyderabad,38,M,1,Standard,Month-to-month,1010.0,969.0,4,Cash,True,False,True
C15951,Hyderabad,45,F,25,Basic,Month-to-month,781.0,18896.0,2,Bank transfer,True,False,True
C16469,Bengaluru,47,M,35,Basic,Month-to-month,875.0,30176.0,2,UPI,True,True,False
C16518,Pune,68,M,15,Basic,One year,721.0,10551.0,2,Bank transfer,True,False,False
C14267,Bengaluru,52,M,26,Basic,Month-to-month,695.0,17749.0,2,UPI,True,False,True
C13200,Hyderabad,74,M,13,Basic,Month-to-month,379.0,4927.0,0,UPI,False,False,False
C13845,Hyderabad,45,F,50,Basic,One year,521.0,25394.0,1,Cash,False,True,False
C16545,Bengaluru,27,M,22,Premium,Month-to-month,1694.0,37101.0,1,UPI,True,True,False
C16696,Hyderabad,61,F,23,Basic,One year,684.0,15638.0,1,Card,True,False,False
C15121,Bengaluru,52,M,17,Basic,One year,925.0,15718.0,1,Bank transfer,True,True,False
C10819,Bengaluru,53,M,16,Basic,Month-to-month,504.0,7881.0,1,Card,False,True,False
C15701,Pune,44,F,70,Premium,One year,1426.0,96258.0,1,Bank transfer,True,False,False
C16579,Bengaluru,72,M,35,Basic,Month-to-month,388.0,13119.0,0,Bank transfer,False,False,False
C15781,Kochi,33,F,65,Basic,One year,384.0,23782.0,0,Cash,False,False,False
C10265,Bengaluru,19,F,32,Standard,Month-to-month,989.0,30254.0,0,Card,True,False,False
C11993,Hyderabad,72,F,5,Standard,Month-to-month,993.0,4763.0,1,UPI,True,False,False
C12370,Chennai,18,M,17,Premium,Month-to-month,1558.0,26161.0,2,Card,True,False,False
C11104,Kochi,74,M,33,Premium,One year,1497.0,48107.0,0,UPI,True,False,False
C16672,Chennai,60,M,44,Standard,One year,1019.0,42803.0,1,Cash,True,False,False
C13601,Bengaluru,41,M,39,Standard,Month-to-month,1167.0,43259.0,1,UPI,True,True,False
C15900,Chennai,61,F,39,Basic,Month-to-month,572.0,22072.0,2,Bank transfer,False,True,False
C12367,Kochi,67,M,7,Basic,Month-to-month,741.0,4987.0,0,Card,True,False,False
C16272,Bengaluru,29,M,9,Premium,One year,1513.0,13309.0,4,UPI,True,False,False
C16946,Hyderabad,66,F,35,Standard,Month-to-month,1005.0,34416.0,0,Card,True,False,False
C16817,Chennai,34,F,65,Basic,One year,692.0,42869.0,0,Card,True,False,False
C12719,Hyderabad,68,F,60,Basic,One year,430.0,25735.0,2,Card,False,False,False
C10068,Hyderabad,27,F,34,Standard,Month-to-month,1018.0,33258.0,1,Cash,True,False,False
C13002,Hyderabad,72,F,26,Basic,One year,404.0,10326.0,3,UPI,False,False,False
C13866,Hyderabad,33,M,18,Basic,Month-to-month,545.0,9563.0,2,Bank transfer,False,True,True
C11713,Kochi,58,F,9,Premium,Month-to-month,1326.0,11877.0,2,Cash,False,True,False
C12756,Chennai,34,M,3,Basic,Month-to-month,446.0,1276.0,2,Bank transfer,False,False,False
C16580,Chennai,28,M,35,Basic,Month-to-month,932.0,32118.0,1,UPI,True,True,False
C16110,Hyderabad,56,M,23,Standard,Month-to-month,975.0,21870.0,2,UPI,True,False,False
C16883,Bengaluru,46,F,33,Standard,Month-to-month,835.0,26213.0,2,Bank transfer,False,True,False
C12477,Chennai,38,M,25,Standard,Month-to-month,985.0,23635.0,1,UPI,True,False,False
C12348,Chennai,27,M,38,Standard,One year,1032.0,37511.0,0,UPI,True,False,False
C13814,Bengaluru,50,F,10,Basic,One year,860.0,8241.0,1,Bank transfer,True,True,False
C13011,Chennai,60,F,11,Basic,Month-to-month,700.0,7330.0,1,UPI,True,False,False
C10541,Hyderabad,60,F,17,Basic,Month-to-month,446.0,7410.0,0,Bank transfer,False,False,True
C11757,Bengaluru,31,F,36,Premium,Month-to-month,1650.0,58234.0,2,Card,True,True,False
C12602,Bengaluru,70,M,22,Basic,One year,822.0,17338.0,3,Card,True,True,False
C16068,Chennai,55,F,7,Basic,Month-to-month,385.0,2621.0,2,UPI,False,False,True
C12218,Pune,21,M,29,Basic,One year,742.0,21518.0,0,UPI,True,False,False
C12878,Bengaluru,70,M,42,Premium,Two year,1591.0,65903.0,0,Card,True,True,False
C16454,Chennai,46,F,35,Standard,Month-to-month,1014.0,35251.0,2,UPI,True,False,False
C10975,Bengaluru,37,F,47,Premium,One year,1656.0,74439.0,2,Cash,True,True,False
C11589,Bengaluru,22,F,48,Standard,Two year,734.0,33926.0,0,Card,False,False,False
C16533,Kochi,20,M,15,Basic,Month-to-month,676.0,10056.0,2,UPI,True,False,False
C14373,Hyderabad,47,M,6,Standard,Two year,1052.0,6115.0,1,UPI,True,False,False
C11357,Hyderabad,19,M,65,Standard,One year,858.0,53885.0,1,Card,False,True,False
C14473,Hyderabad,67,M,27,Standard,Month-to-month,1178.0,30432.0,0,UPI,True,True,False
C14141,Kochi,23,M,16,Basic,Month-to-month,694.0,10877.0,2,UPI,True,False,False
C12924,Bengaluru,64,F,19,Premium,Month-to-month,1480.0,27705.0,1,Bank transfer,True,False,False
C11330,Bengaluru,57,M,29,Basic,Month-to-month,867.0,24934.0,2,UPI,True,True,False
C11371,Chennai,70,M,15,Basic,Month-to-month,865.0,12975.0,1,Card,True,True,False
C13005,Hyderabad,73,F,8,Basic,Two year,695.0,5560.0,0,UPI,True,False,False
C13555,Hyderabad,54,M,54,Basic,Two year,665.0,35610.0,1,UPI,True,False,False
C16800,Hyderabad,55,M,36,Standard,One year,699.0,23937.0,1,Card,False,False,False
C14413,Hyderabad,55,M,23,Standard,One year,1182.0,27049.0,2,UPI,True,True,False
C12753,Bengaluru,74,F,9,Premium,Month-to-month,1380.0,12262.0,1,UPI,False,True,True
C11015,Chennai,50,M,40,Basic,Two year,305.0,11698.0,0,Card,False,False,False
C10537,Bengaluru,54,F,10,Standard,Month-to-month,702.0,6750.0,1,UPI,False,False,False
C15952,Bengaluru,22,M,31,Standard,Month-to-month,935.0,27931.0,3,Bank transfer,True,False,True
C15367,Bengaluru,26,F,47,Premium,Two year,1237.0,57366.0,2,Card,False,False,False
C13593,Bengaluru,21,M,12,Standard,Two year,1046.0,12431.0,0,UPI,True,False,False
C14844,Hyderabad,40,F,34,Basic,Month-to-month,357.0,11731.0,2,Card,False,False,True
C16124,Pune,52,F,13,Basic,Two year,614.0,7947.0,0,Cash,True,False,False
C11669,Bengaluru,35,F,19,Basic,One year,828.0,14997.0,1,Cash,True,True,True
C13665,Pune,25,F,30,Standard,One year,1145.0,33006.0,0,Card,True,True,False
C11723,Pune,28,M,34,Basic,One year,641.0,21086.0,0,UPI,True,False,False
C15748,Bengaluru,20,F,62,Standard,One year,687.0,42097.0,0,Cash,False,False,False
C15578,Bengaluru,40,M,39,Standard,Month-to-month,663.0,24779.0,3,Card,False,False,True
C10013,Chennai,61,F,32,Standard,Month-to-month,984.0,30233.0,0,Card,True,False,False
C16468,Bengaluru,64,M,63,Standard,One year,709.0,44514.0,1,Card,False,False,False
C13712,Bengaluru,20,M,24,Premium,Month-to-month,1473.0,34024.0,0,Bank transfer,True,False,False
C15417,Pune,35,M,31,Basic,One year,927.0,28504.0,0,Card,True,True,False
C11962,Chennai,47,F,38,Basic,Month-to-month,874.0,32588.0,2,Cash,True,True,False
C14396,Hyderabad,72,F,15,Standard,Month-to-month,1012.0,15066.0,1,Card,True,False,True
C10582,Kochi,30,M,27,Standard,One year,673.0,17455.0,1,Bank transfer,False,False,False
C10133,Chennai,40,M,5,Basic,Month-to-month,708.0,3472.0,1,Card,True,False,True
C10963,Hyderabad,59,F,7,Basic,One year,532.0,3598.0,2,Bank transfer,False,True,False
C11606,Hyderabad,65,M,60,Premium,Two year,1455.0,85946.0,3,Card,True,False,False
C13571,Hyderabad,67,F,5,Premium,Month-to-month,1664.0,8211.0,1,UPI,True,True,False
C11516,Bengaluru,26,F,28,Basic,Month-to-month,684.0,18725.0,1,Card,True,False,True
C15418,Chennai,46,F,55,Premium,One year,1484.0,79143.0,4,UPI,True,False,False
C10831,Bengaluru,65,M,13,Basic,One year,715.0,9194.0,1,Bank transfer,True,False,False
C15544,Chennai,45,M,21,Standard,Month-to-month,1042.0,21817.0,0,UPI,True,False,False
C14761,Pune,50,F,21,Basic,One year,667.0,13620.0,0,UPI,True,False,False
C16889,Pune,31,M,35,Basic,Two year,692.0,23712.0,1,UPI,True,False,False
C13476,Kochi,46,F,29,Basic,Month-to-month,645.0,18696.0,1,Cash,True,False,True
C13185,Hyderabad,50,F,1,Basic,Month-to-month,671.0,643.0,0,Card,True,False,False
C11336,Pune,24,M,52,Standard,Two year,637.0,33022.0,1,UPI,False,False,False
C14329,Hyderabad,42,F,4,Standard,Month-to-month,881.0,3492.0,1,UPI,False,True,True
C11082,Bengaluru,44,M,1,Standard,Month-to-month,967.0,956.0,1,Cash,True,False,True
C15133,Hyderabad,34,M,33,Standard,Month-to-month,1124.0,36366.0,3,Cash,True,True,True
C12081,Chennai,50,M,54,Basic,Two year,385.0,19846.0,1,UPI,False,False,False
C10399,Bengaluru,34,M,30,Standard,Two year,945.0,27018.0,1,Card,True,False,True
C11002,Chennai,51,F,2,Basic,Month-to-month,416.0,825.0,2,Bank transfer,False,False,True
C16314,Pune,56,M,59,Basic,Two year,498.0,28103.0,0,UPI,False,True,False
C12355,Bengaluru,48,M,3,Basic,Month-to-month,348.0,1014.0,1,UPI,False,False,False
C15100,Bengaluru,54,M,17,Basic,Month-to-month,467.0,7780.0,0,UPI,False,False,True
C16824,Hyderabad,58,M,15,Basic,Month-to-month,735.0,10894.0,2,Cash,True,False,True
C10033,Kochi,31,F,29,Standard,Month-to-month,927.0,26438.0,4,UPI,True,False,True
C14418,Pune,46,M,8,Basic,Month-to-month,645.0,4928.0,3,Cash,True,False,True
C11190,Bengaluru,45,F,37,Basic,Month-to-month,683.0,24842.0,2,UPI,True,False,False
C12328,Kochi,31,M,19,Basic,One year,827.0,15699.0,0,Card,True,True,False
C14905,Hyderabad,71,F,15,Basic,Month-to-month,509.0,7354.0,1,Bank transfer,False,True,True
C14336,Pune,53,M,10,Basic,Month-to-month,543.0,5223.0,1,Card,False,True,False
C12776,Bengaluru,35,F,62,Standard,Two year,1045.0,62487.0,1,UPI,True,False,False
C12667,Pune,72,M,1,Premium,Month-to-month,1549.0,1486.0,0,Bank transfer,True,False,False
C16206,Kochi,63,M,24,Standard,Month-to-month,1127.0,26438.0,0,Card,True,True,False
C16659,Hyderabad,30,F,52,Standard,One year,1140.0,57673.0,0,Cash,True,True,False
C15322,Bengaluru,73,F,32,Standard,Month-to-month,735.0,22824.0,2,UPI,False,False,True
C11695,Chennai,29,F,45,Basic,One year,390.0,17138.0,0,Card,False,False,False
C13182,Chennai,60,M,46,Standard,One year,970.0,43206.0,2,Bank transfer,True,False,False
C13524,Bengaluru,69,F,11,Standard,Month-to-month,1024.0,11085.0,2,UPI,True,False,True
C11228,Chennai,57,M,12,Premium,One year,1381.0,16405.0,0,Cash,False,True,False
C13765,Bengaluru,39,F,24,Standard,Month-to-month,1015.0,23620.0,3,UPI,True,False,False
C14656,Hyderabad,71,F,49,Standard,Two year,654.0,31228.0,2,Card,False,False,False
C16022,Hyderabad,66,F,59,Basic,Two year,765.0,44383.0,1,Cash,True,False,False
C14223,Bengaluru,70,M,26,Basic,Month-to-month,533.0,13260.0,0,Card,False,True,False
C15769,Kochi,25,M,38,Basic,Month-to-month,516.0,19488.0,0,Card,False,True,False
C11873,Pune,52,M,18,Premium,Month-to-month,1205.0,21663.0,1,Card,False,False,False
C15878,Hyderabad,28,F,9,Standard,Month-to-month,854.0,7630.0,0,Bank transfer,False,True,False
C15763,Hyderabad,33,M,63,Standard,One year,948.0,57355.0,1,Cash,True,False,False
C11446,Kochi,48,F,19,Basic,Month-to-month,855.0,16105.0,0,Bank transfer,True,True,True
C11447,Chennai,43,F,8,Basic,Month-to-month,452.0,3606.0,0,UPI,False,True,False
C13229,Kochi,63,F,22,Standard,Month-to-month,1098.0,23409.0,2,UPI,True,True,False
C14019,Chennai,35,F,62,Basic,Two year,550.0,34100.0,1,UPI,False,True,False
C16600,Hyderabad,72,F,47,Basic,Two year,592.0,27282.0,0,Cash,False,True,False
C12019,Chennai,56,F,54,Standard,Two year,809.0,43175.0,0,Cash,False,True,False
C15632,Pune,61,M,8,Standard,Month-to-month,734.0,5864.0,2,UPI,False,False,True
C12194,Kochi,37,M,45,Standard,Two year,669.0,28725.0,1,Card,False,False,False
C12254,Hyderabad,30,F,28,Premium,Month-to-month,1590.0,43705.0,4,UPI,True,True,True
C15558,Bengaluru,30,M,16,Premium,Month-to-month,1450.0,22187.0,1,UPI,True,False,True
C11691,Bengaluru,66,F,40,Basic,One year,865.0,33040.0,1,UPI,True,True,False
C15736,Chennai,47,F,27,Basic,Month-to-month,833.0,21393.0,0,Cash,True,True,True
C11666,Chennai,32,F,8,Basic,Month-to-month,774.0,6084.0,1,UPI,True,False,True
C13614,Bengaluru,60,F,33,Basic,Month-to-month,858.0,27418.0,1,Card,True,True,False
C13290,Kochi,30,F,71,Basic,Two year,662.0,45912.0,2,UPI,True,False,False
C13682,Hyderabad,40,F,20,Basic,Two year,825.0,16080.0,1,Card,True,True,False
C14458,Hyderabad,38,M,18,Standard,Month-to-month,663.0,11736.0,2,UPI,False,False,False
C15505,Chennai,28,F,23,Standard,Month-to-month,1058.0,23232.0,0,Card,True,False,False
C13015,Hyderabad,59,F,26,Basic,Month-to-month,874.0,22010.0,0,UPI,True,True,False
C16013,Bengaluru,32,F,19,Premium,One year,1507.0,28315.0,1,Cash,True,False,False
C12411,Bengaluru,30,F,27,Standard,Two year,668.0,17665.0,2,Cash,False,False,False
C13916,Chennai,69,M,20,Basic,Month-to-month,631.0,12205.0,1,Cash,False,True,False
C12344,Pune,51,F,42,Premium,Two year,1339.0,54428.0,3,Card,False,True,True
C12599,Bengaluru,43,F,61,Standard,Two year,1096.0,65611.0,1,UPI,True,True,False
C13685,Hyderabad,43,M,35,Basic,Month-to-month,585.0,20415.0,1,UPI,False,True,True
C10423,Hyderabad,37,F,23,Standard,Two year,723.0,15812.0,1,Bank transfer,False,False,False
C13203,Bengaluru,66,F,53,Premium,Two year,1484.0,75730.0,2,UPI,True,False,False
C15481,Pune,41,M,18,Basic,Month-to-month,793.0,14092.0,1,Cash,True,True,True
C12702,Hyderabad,53,F,40,Basic,Two year,711.0,27081.0,2,UPI,True,False,False
C12641,Hyderabad,41,F,8,Standard,Month-to-month,1213.0,9679.0,3,UPI,True,True,True
C13730,Bengaluru,73,M,3,Premium,Month-to-month,1464.0,4314.0,3,Card,True,False,True
C16965,Kochi,43,F,24,Basic,Month-to-month,400.0,9396.0,2,Card,False,False,False
C14755,Hyderabad,70,F,20,Premium,Month-to-month,1543.0,29592.0,0,UPI,True,False,False
C11908,Hyderabad,62,M,28,Standard,Two year,816.0,21940.0,3,UPI,False,True,False
C11260,Chennai,44,F,5,Standard,Month-to-month,701.0,3470.0,1,UPI,False,False,True
C13148,Hyderabad,21,F,11,Basic,Two year,871.0,9258.0,1,UPI,True,True,False
C16070,Kochi,53,M,71,Standard,Two year,800.0,54303.0,6,Card,False,True,False
C16551,Hyderabad,57,M,45,Standard,Two year,1091.0,48232.0,1,Card,True,True,False
C11630,Hyderabad,41,F,12,Basic,Two year,606.0,7162.0,4,Card,False,True,True
C15137,Hyderabad,51,M,33,Basic,Month-to-month,587.0,19365.0,2,UPI,False,True,False
C12840,Kochi,74,F,66,Standard,Two year,698.0,44525.0,2,Card,False,False,False
C14039,Hyderabad,21,M,61,Premium,One year,1649.0,97985.0,2,Cash,True,True,False
C11221,Kochi,38,F,65,Basic,One year,544.0,34457.0,3,Card,False,True,False
C10109,Hyderabad,49,F,15,Standard,Month-to-month,898.0,13245.0,1,UPI,False,True,False
C15095,Kochi,45,M,34,Standard,Month-to-month,670.0,21967.0,0,Card,False,False,False
C15013,Bengaluru,52,F,37,Premium,Month-to-month,1183.0,43579.0,0,UPI,False,False,False
C14018,Bengaluru,25,F,12,Standard,Two year,984.0,11439.0,0,Bank transfer,True,False,False
C15744,Bengaluru,59,M,6,Standard,Month-to-month,1136.0,6806.0,1,Card,True,True,False
C16315,Pune,28,F,14,Basic,One year,856.0,11951.0,0,UPI,True,True,False
C16790,Hyderabad,72,M,31,Standard,Month-to-month,694.0,20768.0,2,Bank transfer,False,False,False
C15135,Chennai,52,M,56,Standard,One year,933.0,50165.0,4,Card,True,False,False
C13180,Hyderabad,38,F,10,Standard,Two year,712.0,7025.0,1,Card,False,False,False
C14798,Kochi,53,M,1,Premium,Month-to-month,1379.0,1312.0,2,Cash,False,True,True
C10289,Chennai,52,F,38,Basic,Month-to-month,521.0,19195.0,1,UPI,False,True,False
C13782,Bengaluru,44,M,23,Basic,Month-to-month,690.0,15452.0,5,Bank transfer,True,False,True
C11259,Chennai,22,M,36,Premium,Month-to-month,1673.0,57819.0,1,Card,True,True,False
C14226,Hyderabad,19,F,39,Basic,Month-to-month,700.0,26426.0,2,UPI,True,False,False
C10707,Bengaluru,64,M,18,Premium,Month-to-month,1304.0,22896.0,2,UPI,False,True,True
C11111,Hyderabad,68,M,56,Basic,Two year,733.0,39599.0,1,Bank transfer,True,False,False
C12295,Bengaluru,18,M,5,Basic,Month-to-month,876.0,4220.0,1,Bank transfer,True,True,False
C13017,Bengaluru,22,M,63,Standard,One year,712.0,44179.0,1,UPI,False,False,False
C14895,Hyderabad,61,F,15,Standard,Two year,1010.0,14804.0,1,Cash,True,False,False
C10750,Bengaluru,37,M,33,Basic,Month-to-month,704.0,22174.0,3,Card,True,False,False
C11912,Hyderabad,68,F,68,Premium,One year,1481.0,97899.0,2,Card,True,False,False
C16928,Pune,52,M,35,Premium,Month-to-month,1556.0,53207.0,1,UPI,True,False,False
C14199,Bengaluru,55,F,46,Basic,One year,679.0,30716.0,4,Card,True,False,False
C10616,Hyderabad,53,M,24,Standard,Month-to-month,901.0,21566.0,2,Bank transfer,False,True,True
C11660,Bengaluru,51,M,44,Standard,Two year,699.0,30537.0,0,Cash,False,False,False
C16922,Chennai,38,M,36,Basic,Two year,702.0,25145.0,2,Bank transfer,True,False,False
C12204,Kochi,38,F,32,Premium,Month-to-month,1642.0,51261.0,1,Card,True,True,False
C14800,Chennai,38,F,38,Basic,Month-to-month,735.0,26780.0,3,Card,True,False,True
C15449,Pune,62,F,30,Standard,Month-to-month,1078.0,32081.0,0,Bank transfer,True,False,False
C14277,Hyderabad,50,M,3,Basic,Month-to-month,408.0,1179.0,1,Card,False,False,True
C11277,Chennai,71,F,44,Basic,Two year,791.0,33605.0,0,Card,True,True,False
C14369,Hyderabad,50,M,38,Basic,Month-to-month,704.0,25829.0,2,Bank transfer,True,False,True
C11301,Pune,23,F,31,Standard,One year,683.0,20372.0,1,UPI,False,False,False
C15448,Bengaluru,59,M,70,Basic,Two year,427.0,28894.0,2,Cash,False,False,False
C10821,Chennai,36,M,37,Basic,One year,798.0,29087.0,1,Card,True,True,False
C14927,Chennai,35,F,35,Basic,Month-to-month,386.0,13172.0,2,UPI,False,False,True
C15485,Bengaluru,45,F,60,Standard,One year,980.0,56652.0,0,Card,True,False,False
C14747,Pune,36,M,68,Standard,Two year,869.0,58047.0,3,UPI,False,True,False
C13352,Hyderabad,55,F,5,Standard,Month-to-month,986.0,4839.0,0,UPI,True,False,False
C10826,Pune,72,M,36,Basic,One year,827.0,28484.0,0,Bank transfer,True,True,True
C14317,Pune,40,M,32,Premium,Month-to-month,1132.0,34995.0,0,Card,False,False,True
C10045,Hyderabad,29,M,31,Basic,Two year,546.0,16926.0,1,UPI,False,True,False
C10113,Hyderabad,47,M,6,Basic,Month-to-month,552.0,3168.0,0,Card,False,True,False
C16665,Hyderabad,68,F,22,Standard,Month-to-month,1136.0,24249.0,2,Cash,True,True,False
C14568,Chennai,43,F,32,Basic,One year,373.0,11936.0,0,Card,False,False,False
C11985,Hyderabad,19,F,22,Premium,Two year,1142.0,23673.0,3,UPI,False,False,False
C16312,Chennai,27,M,29,Standard,Month-to-month,959.0,27445.0,3,UPI,True,False,True
C13655,Bengaluru,51,M,37,Basic,One year,471.0,17353.0,1,Cash,False,False,True
C13466,Chennai,54,M,13,Premium,One year,1563.0,19511.0,0,UPI,True,False,False
C11395,Chennai,18,M,71,Premium,One year,1169.0,82667.0,0,Bank transfer,False,False,False
C12883,Hyderabad,24,F,32,Standard,One year,963.0,30805.0,0,UPI,True,False,False
C14417,Chennai,32,F,14,Basic,Two year,780.0,10920.0,3,Card,True,False,False
C10397,Chennai,72,F,60,Premium,Two year,1206.0,72360.0,4,Card,False,False,False
C15410,Chennai,49,M,35,Standard,One year,1156.0,39921.0,1,Card,True,True,False
C10909,Kochi,37,F,17,Basic,Month-to-month,716.0,11762.0,1,Card,True,False,True
C16379,Hyderabad,26,M,42,Standard,Two year,927.0,37435.0,0,Bank transfer,True,False,False
C13427,Chennai,69,F,14,Basic,Month-to-month,653.0,9527.0,3,UPI,True,False,True
C16261,Chennai,41,F,25,Standard,One year,874.0,21354.0,1,Cash,False,True,True
C14051,Bengaluru,61,F,68,Premium,Two year,1630.0,108345.0,5,UPI,True,True,False
C14792,Bengaluru,53,F,34,Premium,Month-to-month,1261.0,41743.0,1,UPI,False,False,True
C16894,Hyderabad,20,F,26,Standard,Month-to-month,886.0,22348.0,0,Cash,False,True,False
C16558,Pune,39,F,37,Premium,Month-to-month,1211.0,44277.0,1,Card,False,False,False
C12855,Pune,70,F,43,Premium,One year,1417.0,60283.0,1,Card,True,False,False
C16884,Chennai,56,M,6,Basic,One year,841.0,5023.0,4,Card,True,True,False
C13041,Pune,66,M,13,Standard,Month-to-month,1214.0,15703.0,0,Bank transfer,True,True,False
C14677,Chennai,42,F,31,Standard,Month-to-month,1121.0,34440.0,3,Cash,True,True,True
C15184,Hyderabad,73,F,57,Standard,One year,863.0,48877.0,1,Cash,False,True,False
C10762,Bengaluru,54,F,4,Standard,Month-to-month,921.0,3618.0,2,Cash,True,False,True
C15978,Pune,31,F,12,Basic,Two year,541.0,6440.0,2,Card,False,True,False
C15789,Pune,57,F,66,Premium,Two year,1616.0,101541.0,0,Card,True,True,False
C12530,Bengaluru,47,F,11,Basic,One year,669.0,7114.0,1,UPI,True,False,False
C14438,Chennai,73,M,50,Premium,Two year,1478.0,71213.0,2,UPI,True,False,False
C11752,Pune,34,F,28,Standard,Month-to-month,1100.0,30012.0,2,UPI,True,True,False
C11795,Bengaluru,20,F,1,Standard,Month-to-month,1156.0,1122.0,0,Bank transfer,True,True,False
C13351,Hyderabad,24,M,15,Standard,Month-to-month,950.0,13812.0,2,UPI,True,False,True
C14368,Hyderabad,21,M,22,Premium,Month-to-month,1534.0,32548.0,1,UPI,True,False,False
C16743,Kochi,29,M,44,Basic,One year,795.0,33286.0,0,Cash,True,True,False
C11279,Kochi,56,M,56,Premium,Two year,1196.0,64978.0,2,Bank transfer,False,False,False
C10874,Bengaluru,64,F,24,Standard,Month-to-month,1146.0,26858.0,0,Bank transfer,True,True,False
C11294,Hyderabad,34,M,19,Basic,One year,650.0,12161.0,2,UPI,True,False,False
C16426,Hyderabad,22,F,38,Standard,One year,1013.0,37574.0,1,Card,True,False,False
C15056,Pune,29,M,14,Standard,Month-to-month,1225.0,16851.0,1,Card,True,True,False
C10199,Chennai,44,M,31,Standard,Month-to-month,1145.0,34607.0,1,Card,True,True,False
C10035,Hyderabad,21,M,5,Basic,Month-to-month,707.0,3403.0,3,Card,True,False,False
C10277,Bengaluru,58,F,28,Basic,Month-to-month,706.0,19192.0,1,UPI,True,False,False
C15625,Pune,37,F,60,Standard,One year,717.0,42320.0,2,Card,False,False,False
C10585,Chennai,72,M,38,Standard,Month-to-month,630.0,23045.0,2,Bank transfer,False,False,False
C10079,Hyderabad,37,F,13,Premium,One year,1579.0,20272.0,1,Bank transfer,True,False,False
C12758,Kochi,45,F,34,Basic,Month-to-month,617.0,20854.0,2,UPI,True,False,False
C14664,Pune,30,M,40,Premium,Two year,1328.0,51901.0,1,Cash,False,True,False
C10904,Bengaluru,69,M,32,Basic,One year,550.0,17091.0,2,Card,False,True,False
C14311,Chennai,33,F,25,Standard,Month-to-month,980.0,23546.0,0,Card,True,False,False
C13754,Chennai,68,F,41,Basic,One year,780.0,31593.0,3,UPI,True,False,False
C13435,Hyderabad,58,F,58,Standard,Two year,935.0,51631.0,1,Card,False,True,False
C16511,Bengaluru,64,F,8,Basic,Month-to-month,514.0,3957.0,0,Bank transfer,False,True,False
C15193,Bengaluru,59,M,22,Basic,Month-to-month,890.0,19009.0,3,Card,True,True,True
C16323,Bengaluru,65,M,20,Standard,Month-to-month,1201.0,23211.0,0,Cash,True,True,False
C12803,Bengaluru,30,F,8,Standard,One year,949.0,7429.0,1,Cash,True,False,False
C16322,Hyderabad,26,M,37,Premium,Two year,1458.0,51366.0,1,UPI,True,False,False
C14208,Bengaluru,59,M,56,Basic,Two year,524.0,29283.0,2,Cash,False,True,False
C14948,Hyderabad,20,F,37,Standard,Month-to-month,967.0,34090.0,0,Cash,True,False,False
C16144,Chennai,23,M,20,Premium,Month-to-month,1687.0,32552.0,0,Cash,True,True,True
C11796,Bengaluru,26,F,27,Basic,One year,700.0,18160.0,2,Cash,True,False,True
C10921,Bengaluru,27,M,3,Standard,Month-to-month,823.0,2363.0,2,Card,False,True,False
C14845,Bengaluru,18,M,2,Basic,Month-to-month,501.0,989.0,3,Card,False,True,False
C11903,Chennai,66,M,42,Standard,Two year,1124.0,45839.0,1,Card,True,True,False
C14029,Kochi,28,M,65,Premium,Two year,1559.0,100951.0,3,Bank transfer,True,False,False
C15738,Bengaluru,50,F,31,Basic,Month-to-month,845.0,25550.0,0,UPI,True,True,False
C16733,Pune,27,F,11,Basic,Month-to-month,757.0,7979.0,0,Bank transfer,True,False,False
C16819,Kochi,34,M,31,Basic,Two year,420.0,12659.0,1,Card,False,False,False
C10064,Hyderabad,39,F,4,Basic,Month-to-month,719.0,2776.0,1,UPI,True,False,False
C11932,Pune,51,M,49,Standard,One year,1006.0,48810.0,1,Card,True,False,False
C12793,Kochi,57,F,22,Standard,Month-to-month,946.0,20155.0,0,Bank transfer,True,False,False
C10498,Hyderabad,57,M,70,Premium,One year,1226.0,82162.0,2,UPI,False,False,False
C14445,Chennai,71,M,28,Basic,Month-to-month,426.0,11370.0,0,Bank transfer,False,False,False
C11457,Hyderabad,43,F,45,Basic,Two year,669.0,29657.0,0,UPI,True,False,False
C12764,Pune,63,M,50,Basic,One year,429.0,21678.0,2,UPI,False,False,False
C16271,Hyderabad,72,F,13,Basic,One year,402.0,5078.0,1,UPI,False,False,False
C10238,Bengaluru,26,M,16,Standard,Month-to-month,685.0,10617.0,1,Card,False,False,True
C16532,Hyderabad,20,M,52,Standard,Two year,998.0,49643.0,1,Card,True,False,False
C15213,Chennai,55,F,30,Premium,Month-to-month,1257.0,37710.0,4,Bank transfer,False,False,True
C11742,Hyderabad,23,F,37,Premium,Two year,1511.0,53323.0,1,UPI,True,False,False
C11709,Bengaluru,51,M,60,Premium,One year,1125.0,67172.0,2,Card,False,False,False
C12546,Hyderabad,21,M,3,Basic,Month-to-month,701.0,2059.0,1,UPI,True,False,True
C10641,Hyderabad,72,M,32,Basic,One year,862.0,27524.0,1,UPI,True,True,False
C11619,Hyderabad,37,M,25,Premium,Month-to-month,1289.0,31819.0,4,Card,False,False,True
C16836,Pune,45,M,32,Standard,Two year,1198.0,37929.0,3,Card,True,True,False
C13656,Bengaluru,42,M,45,Standard,Two year,667.0,29156.0,2,Bank transfer,False,False,False
C13114,Pune,51,M,25,Standard,Month-to-month,721.0,17973.0,0,Card,False,False,True
C12455,Bengaluru,47,F,9,Basic,Month-to-month,704.0,6310.0,2,Card,True,False,True
C10694,Pune,44,M,33,Standard,Month-to-month,682.0,22030.0,1,UPI,False,False,False
C15432,Hyderabad,71,F,3,Premium,Month-to-month,1482.0,4409.0,1,UPI,True,False,False
C15977,Chennai,24,M,29,Premium,Two year,1117.0,32290.0,3,Card,False,False,False
C11737,Bengaluru,25,M,1,Standard,Month-to-month,1025.0,1008.0,0,UPI,True,False,False
C14788,Hyderabad,70,F,7,Basic,Month-to-month,657.0,4409.0,0,UPI,True,False,True
C12093,Bengaluru,62,F,33,Basic,Two year,375.0,11930.0,1,Cash,False,False,False
C12926,Chennai,35,F,27,Premium,Month-to-month,1494.0,39250.0,0,UPI,True,False,False
C12402,Hyderabad,25,F,25,Premium,Month-to-month,1491.0,36042.0,3,Card,True,False,True
C14549,Hyderabad,20,M,19,Basic,One year,873.0,16166.0,2,UPI,True,True,False
C15068,Pune,59,M,27,Standard,One year,1153.0,30510.0,0,Bank transfer,True,True,False
C10957,Hyderabad,54,F,62,Basic,One year,379.0,22909.0,1,Bank transfer,False,False,False
C13851,Hyderabad,23,M,36,Standard,Month-to-month,1015.0,35086.0,2,UPI,True,False,True
C15434,Bengaluru,30,M,16,Basic,One year,596.0,9437.0,0,UPI,False,True,False
C13286,Hyderabad,34,F,34,Standard,Month-to-month,1013.0,34369.0,2,Cash,True,False,False
C10258,Hyderabad,37,M,18,Premium,Two year,1379.0,23846.0,2,UPI,False,True,False
C11978,Hyderabad,63,F,4,Premium,Month-to-month,1184.0,4631.0,3,Cash,False,False,True
C12212,Hyderabad,61,F,59,Standard,One year,985.0,57244.0,0,UPI,True,False,False
C12658,Pune,69,F,7,Standard,Month-to-month,728.0,5012.0,1,Bank transfer,False,False,False
C13516,Chennai,30,M,6,Standard,Month-to-month,962.0,5573.0,4,Cash,True,False,True
C15039,Kochi,54,M,22,Standard,One year,1013.0,21588.0,1,Card,True,False,False
C10696,Pune,37,M,22,Basic,Month-to-month,892.0,19320.0,0,Bank transfer,True,True,False
C12323,Chennai,68,M,18,Premium,One year,1539.0,26429.0,2,UPI,True,False,False
C11193,Bengaluru,51,F,13,Basic,Month-to-month,857.0,10746.0,3,Card,True,True,True
C12520,Hyderabad,20,M,44,Standard,Two year,696.0,29851.0,1,Card,False,False,False
C13177,Chennai,33,F,31,Basic,Two year,426.0,12922.0,1,UPI,False,False,False
C11935,Bengaluru,61,F,3,Standard,Month-to-month,1178.0,3478.0,1,UPI,True,True,False
C12735,Chennai,64,F,32,Standard,One year,792.0,24362.0,0,Cash,False,True,False
C10250,Pune,57,F,20,Premium,Month-to-month,1254.0,23835.0,2,UPI,False,False,False
C11490,Pune,42,M,29,Basic,Month-to-month,500.0,14060.0,0,UPI,False,True,False
C10886,Bengaluru,69,M,53,Basic,Two year,724.0,37429.0,2,UPI,True,False,False
C12126,Chennai,59,M,13,Premium,Month-to-month,1655.0,20795.0,1,UPI,True,True,False
C14654,Bengaluru,47,M,22,Basic,One year,384.0,8243.0,3,Bank transfer,False,False,False
C16467,Chennai,57,M,21,Premium,Month-to-month,1129.0,23318.0,2,UPI,False,False,False
C10357,Bengaluru,52,M,59,Basic,One year,424.0,24182.0,1,Bank transfer,False,False,False
C13149,Hyderabad,50,M,32,Standard,Month-to-month,1149.0,36221.0,2,UPI,True,True,False
C11576,Bengaluru,24,F,23,Standard,Month-to-month,890.0,20112.0,1,UPI,False,True,False
C13214,Kochi,35,M,65,Standard,Two year,1055.0,66974.0,0,Bank transfer,True,False,False
C11544,Pune,23,F,69,Premium,One year,1217.0,83496.0,0,UPI,False,False,False
C10118,Hyderabad,58,F,7,Basic,Month-to-month,415.0,2887.0,0,Cash,False,False,False
C14180,Bengaluru,61,F,46,Basic,One year,810.0,35416.0,3,Card,True,True,False
C16626,Bengaluru,74,F,21,Standard,Month-to-month,1125.0,22777.0,0,Card,True,True,False
C14142,Bengaluru,42,F,69,Standard,One year,709.0,46945.0,0,Bank transfer,False,False,False
C12488,Bengaluru,50,M,63,Premium,Two year,1401.0,85234.0,2,Card,False,True,False
C13737,Pune,54,F,6,Basic,Month-to-month,742.0,4254.0,1,UPI,True,False,False
C11801,Bengaluru,37,M,26,Basic,Two year,825.0,20662.0,0,Card,True,True,False
C12358,Hyderabad,37,M,20,Basic,Two year,402.0,7947.0,0,Cash,False,False,False
C16252,Kochi,74,F,13,Standard,Month-to-month,982.0,12340.0,2,UPI,True,False,False
C12517,Hyderabad,51,M,28,Standard,Two year,806.0,21558.0,3,Bank transfer,False,True,True
C14015,Hyderabad,70,F,22,Basic,Month-to-month,506.0,10229.0,0,Cash,False,True,False
C15966,Pune,46,F,20,Standard,Month-to-month,747.0,14593.0,1,Bank transfer,False,False,False
C15408,Hyderabad,64,M,18,Standard,Two year,963.0,17315.0,1,Card,True,False,False
C10795,Chennai,52,M,40,Basic,Two year,749.0,28595.0,1,UPI,True,False,False
C16340,Hyderabad,55,F,59,Basic,Two year,784.0,45401.0,1,Card,True,False,False
C11321,Chennai,20,F,29,Basic,Month-to-month,331.0,9506.0,0,Bank transfer,False,False,False
C11322,Chennai,73,M,21,Basic,Month-to-month,717.0,14624.0,1,Bank transfer,True,False,False
C10686,Hyderabad,67,F,6,Basic,Month-to-month,802.0,4716.0,1,Bank transfer,True,True,False
C16251,Hyderabad,27,F,24,Standard,Month-to-month,805.0,19029.0,1,Card,False,True,True
C16707,Hyderabad,62,M,66,Basic,One year,539.0,34328.0,1,Card,False,True,False
C14742,Pune,64,F,10,Standard,Two year,648.0,6387.0,1,UPI,False,False,False
C11203,Pune,34,F,36,Standard,Month-to-month,987.0,34060.0,0,Card,True,False,False
C12219,Hyderabad,60,F,16,Basic,Month-to-month,686.0,10934.0,0,Card,True,False,False
C13761,Kochi,52,M,64,Basic,Two year,743.0,46552.0,1,Card,True,False,False
C16649,Hyderabad,37,M,52,Standard,Two year,879.0,44769.0,3,UPI,False,True,False
C16081,Hyderabad,54,F,16,Premium,Month-to-month,1224.0,19241.0,1,Card,False,False,True
C11504,Hyderabad,60,M,18,Premium,Month-to-month,1518.0,26874.0,1,UPI,True,False,False
C10030,Hyderabad,37,F,18,Premium,One year,1196.0,21261.0,0,Cash,False,False,False
C13967,Hyderabad,70,M,26,Basic,Two year,431.0,10894.0,1,Bank transfer,False,False,False
C12080,Pune,34,F,63,Basic,Two year,693.0,43196.0,1,Cash,True,False,False
C13728,Bengaluru,20,M,35,Basic,One year,578.0,19467.0,0,Cash,False,True,False
C14791,Chennai,55,F,27,Basic,Two year,850.0,22873.0,1,Cash,True,True,False
C11972,Chennai,28,F,7,Basic,Two year,517.0,3605.0,2,UPI,False,True,False
C16787,Chennai,23,M,2,Standard,Month-to-month,1004.0,1963.0,1,Bank transfer,True,False,True
C12085,Hyderabad,19,M,17,Standard,One year,1038.0,17377.0,1,Cash,True,False,False
C11352,Bengaluru,70,M,29,Standard,Two year,920.0,26680.0,2,Card,True,False,False
C11278,Kochi,34,F,16,Basic,Month-to-month,880.0,13480.0,3,Cash,True,True,False
C10938,Hyderabad,32,F,15,Basic,One year,541.0,8065.0,2,UPI,False,True,False
C12247,Bengaluru,18,F,9,Basic,Month-to-month,664.0,5827.0,0,Bank transfer,True,False,True
C11950,Hyderabad,47,F,30,Premium,Month-to-month,1509.0,43644.0,1,UPI,True,False,False
C13638,Bengaluru,20,F,17,Premium,Month-to-month,1196.0,20159.0,2,UPI,False,False,False
C15355,Bengaluru,40,F,67,Premium,One year,1497.0,95455.0,2,UPI,True,False,False
C12904,Pune,74,M,44,Premium,Two year,1352.0,58654.0,3,UPI,False,True,False
C16605,Hyderabad,64,F,38,Basic,Month-to-month,370.0,13837.0,0,Bank transfer,False,False,False
C14167,Bengaluru,53,M,8,Premium,Two year,1443.0,11386.0,2,Card,False,True,False
C16111,Pune,35,F,35,Premium,Month-to-month,1521.0,51111.0,0,Card,True,False,False
C14516,Chennai,30,F,9,Premium,Two year,1498.0,13061.0,3,Card,True,False,False
C13604,Chennai,73,F,7,Basic,Month-to-month,743.0,4987.0,3,UPI,True,False,True
C15953,Kochi,73,M,29,Premium,One year,1516.0,43868.0,0,UPI,True,False,False
C15883,Hyderabad,73,F,8,Standard,Month-to-month,918.0,7007.0,1,Card,True,False,True
C10619,Chennai,61,F,37,Basic,Month-to-month,412.0,14529.0,0,Card,False,False,False
C14300,Bengaluru,24,M,53,Premium,One year,1508.0,79831.0,0,Card,True,False,False
C12481,Hyderabad,20,F,24,Standard,Month-to-month,1132.0,26131.0,0,Cash,True,True,False
C10259,Hyderabad,52,M,60,Standard,Two year,811.0,46650.0,1,Card,False,True,False
C16723,Hyderabad,63,F,29,Standard,One year,1151.0,31809.0,4,UPI,True,True,False
C13406,Pune,35,F,7,Premium,Month-to-month,1339.0,9064.0,2,UPI,False,True,False
C16630,Bengaluru,32,M,32,Premium,Month-to-month,1514.0,47446.0,1,Card,True,False,False
C14954,Hyderabad,45,M,43,Standard,Two year,724.0,30056.0,1,Cash,False,False,False
C12387,Hyderabad,58,M,26,Basic,Month-to-month,794.0,20281.0,1,UPI,True,True,False
C16823,Bengaluru,18,M,10,Premium,Two year,1626.0,15844.0,4,Card,True,False,False
C13300,Pune,50,M,37,Basic,Month-to-month,384.0,14207.0,1,Card,False,False,False
C15252,Chennai,22,M,70,Basic,One year,803.0,53461.0,0,UPI,True,True,False
C15292,Kochi,68,F,17,Basic,Two year,825.0,13501.0,2,UPI,True,True,False
C13793,Chennai,70,F,21,Standard,Month-to-month,711.0,14579.0,1,UPI,False,False,False
C16646,Hyderabad,54,F,31,Premium,Month-to-month,1349.0,41566.0,0,UPI,False,True,False
C15405,Kochi,59,M,15,Basic,One year,879.0,12548.0,1,UPI,True,True,False
C13187,Pune,68,F,70,Premium,Two year,1525.0,104315.0,1,Card,True,False,False
C10172,Chennai,23,M,14,Basic,Two year,461.0,6423.0,1,UPI,False,False,False
C11135,Hyderabad,58,M,19,Standard,One year,1083.0,20094.0,0,Card,True,False,False
C11333,Bengaluru,21,F,17,Basic,Month-to-month,452.0,7378.0,2,UPI,False,False,True
C11807,Hyderabad,20,M,61,Basic,Two year,672.0,40766.0,1,UPI,True,False,False
C15358,Bengaluru,26,M,35,Standard,Month-to-month,670.0,22943.0,0,UPI,False,False,False
C14575,Hyderabad,21,M,33,Premium,Month-to-month,1338.0,43543.0,1,Card,False,True,False
C11650,Hyderabad,40,M,16,Premium,Two year,1625.0,25521.0,0,UPI,True,True,False
C14398,Pune,31,F,10,Basic,One year,755.0,7490.0,0,Card,True,False,False
C15514,Hyderabad,36,F,14,Basic,Month-to-month,517.0,6919.0,1,Cash,False,True,False
C13570,Chennai,36,M,36,Basic,Month-to-month,928.0,33408.0,0,Card,True,True,False
C11550,Bengaluru,30,F,19,Basic,Two year,417.0,7628.0,1,Bank transfer,False,False,False
C10084,Kochi,72,M,6,Basic,One year,548.0,3282.0,3,Cash,False,True,True
C14198,Hyderabad,56,M,65,Premium,Two year,1501.0,97476.0,1,UPI,True,False,False
C12305,Pune,62,F,52,Standard,One year,931.0,47181.0,1,Card,True,False,True
C15236,Pune,52,F,15,Basic,Month-to-month,499.0,7438.0,0,UPI,False,True,False
C15969,Pune,46,F,7,Standard,Month-to-month,996.0,6645.0,3,Cash,True,False,False
C16072,Pune,60,F,71,Premium,One year,1491.0,103206.0,0,Bank transfer,True,False,False
C16189,Chennai,26,M,6,Basic,Month-to-month,668.0,3995.0,1,Card,True,False,True
C14381,Bengaluru,30,F,33,Basic,Month-to-month,416.0,13581.0,0,Card,False,False,False
C12805,Chennai,72,M,27,Basic,Month-to-month,425.0,11179.0,3,Bank transfer,False,False,True
C10383,Pune,50,M,33,Basic,Month-to-month,930.0,29240.0,3,UPI,True,True,False
C12466,Bengaluru,39,M,31,Standard,Month-to-month,978.0,29915.0,1,Card,True,False,False
C11172,Bengaluru,71,M,62,Premium,One year,1468.0,88096.0,0,Card,True,False,False
C16942,Chennai,73,M,32,Basic,Month-to-month,700.0,21730.0,1,UPI,True,False,True
C10192,Pune,62,M,1,Basic,Month-to-month,367.0,364.0,2,UPI,False,False,True
C14242,Hyderabad,43,M,35,Premium,Month-to-month,1649.0,56948.0,1,UPI,True,True,False
C11758,Kochi,70,F,23,Standard,Month-to-month,1123.0,24838.0,2,Card,True,True,True
C11442,Hyderabad,54,F,63,Premium,Two year,1219.0,74952.0,0,UPI,False,False,False
C10132,Pune,59,F,4,Basic,Month-to-month,400.0,1582.0,1,Card,False,False,False
C11242,Pune,29,M,43,Basic,Two year,522.0,22067.0,4,UPI,False,True,False
C11583,Hyderabad,25,F,18,Premium,One year,1494.0,26892.0,2,Card,True,False,False
C14326,Chennai,22,M,16,Premium,One year,1637.0,25038.0,0,UPI,True,True,False
C10803,Hyderabad,58,F,10,Standard,Month-to-month,866.0,8391.0,1,Cash,False,True,True
C11760,Chennai,39,F,8,Standard,Month-to-month,783.0,6156.0,0,Card,False,True,True
C13026,Bengaluru,29,M,17,Basic,Month-to-month,400.0,6667.0,3,Cash,False,False,True
C10215,Chennai,36,F,8,Basic,One year,883.0,6902.0,0,UPI,True,True,False
C10060,Hyderabad,18,F,26,Basic,Two year,663.0,16796.0,0,Card,True,False,False
C15118,Pune,49,F,21,Premium,One year,1510.0,30393.0,2,UPI,True,False,False
C15807,Bengaluru,62,F,15,Standard,Month-to-month,1067.0,15735.0,1,Card,True,False,False
C15657,Chennai,42,M,50,Standard,One year,1015.0,49988.0,0,Bank transfer,True,False,False
C10307,Chennai,59,M,23,Basic,Month-to-month,446.0,9784.0,0,UPI,False,False,True
C14861,Kochi,61,F,18,Premium,Month-to-month,1566.0,27399.0,2,Card,True,True,False
C14946,Pune,42,M,29,Basic,Month-to-month,313.0,8875.0,0,Bank transfer,False,False,False
C12392,Chennai,64,M,63,Standard,One year,936.0,58180.0,2,Card,True,False,False
C16702,Chennai,36,M,36,Standard,Month-to-month,746.0,25685.0,1,UPI,False,False,True
C14050,Bengaluru,51,M,31,Premium,Two year,1630.0,49633.0,2,Cash,True,True,False
C12234,Chennai,68,F,54,Premium,Two year,1735.0,92241.0,0,UPI,True,True,False
C16020,Hyderabad,47,F,8,Standard,Month-to-month,1022.0,7808.0,1,Card,True,False,True
C14546,Pune,59,M,24,Basic,Month-to-month,859.0,20078.0,1,UPI,True,True,False
C15918,Pune,28,M,11,Basic,Month-to-month,833.0,8967.0,0,Cash,True,True,True
C10748,Bengaluru,33,M,36,Standard,Month-to-month,677.0,24313.0,0,UPI,False,False,False
C10801,Chennai,26,M,28,Basic,Month-to-month,700.0,18749.0,1,UPI,True,False,False
C14504,Kochi,57,F,37,Premium,Month-to-month,1513.0,54382.0,1,Cash,True,False,True
C15325,Kochi,72,F,30,Basic,Month-to-month,735.0,21667.0,1,Cash,True,False,False
C10828,Bengaluru,52,M,28,Standard,One year,992.0,26803.0,1,UPI,True,False,False
C10777,Hyderabad,33,M,49,Standard,Two year,862.0,41897.0,1,UPI,False,True,False
C13023,Hyderabad,30,F,10,Premium,One year,1645.0,16320.0,3,Bank transfer,True,True,False
C16152,Bengaluru,68,F,20,Standard,Month-to-month,655.0,12808.0,1,Cash,False,False,False
C10549,Bengaluru,64,M,21,Standard,Month-to-month,859.0,18038.0,1,Card,False,True,False
C10798,Chennai,66,M,53,Basic,One year,674.0,34220.0,0,Bank transfer,True,False,False
C16656,Kochi,46,F,22,Standard,One year,1077.0,23552.0,1,Cash,True,False,False
C11426,Hyderabad,74,M,27,Standard,Two year,993.0,26614.0,1,UPI,True,False,False
C13690,Kochi,28,F,57,Premium,Two year,1428.0,77768.0,2,Bank transfer,True,False,False
C16684,Hyderabad,73,F,54,Standard,Two year,1064.0,55607.0,1,UPI,True,True,False
C15790,Bengaluru,47,F,9,Standard,Month-to-month,1160.0,10055.0,3,Card,True,True,True
C10659,Hyderabad,38,F,59,Standard,Two year,1029.0,58783.0,1,UPI,True,False,False
C13626,Bengaluru,25,F,50,Basic,One year,459.0,22907.0,2,UPI,False,False,False
C13838,Bengaluru,74,F,14,Basic,Month-to-month,756.0,10402.0,1,UPI,True,False,False
C10523,Hyderabad,18,F,24,Basic,Month-to-month,714.0,17092.0,2,Card,True,False,False
C13072,Bengaluru,48,F,54,Basic,Two year,904.0,48816.0,3,Bank transfer,True,True,False
C16075,Bengaluru,38,F,53,Basic,One year,864.0,43801.0,1,Card,True,True,False
C14002,Chennai,70,M,59,Standard,One year,1242.0,73195.0,0,UPI,True,True,False
C16234,Bengaluru,41,M,28,Premium,Two year,1560.0,41525.0,2,UPI,True,False,False
C15050,Hyderabad,30,F,30,Standard,Two year,1157.0,33573.0,0,UPI,True,True,False
C15591,Chennai,59,M,9,Basic,One year,346.0,3088.0,1,Card,False,False,False
C14776,Chennai,39,F,61,Standard,One year,711.0,41246.0,0,UPI,False,False,False
C11836,Chennai,59,M,30,Standard,Month-to-month,1018.0,30167.0,3,UPI,True,False,False
C10936,Pune,51,M,24,Standard,Month-to-month,767.0,18000.0,1,UPI,False,False,False
C16089,Bengaluru,34,F,54,Premium,Two year,1645.0,85146.0,2,Bank transfer,True,True,False
C16031,Pune,68,F,1,Premium,Month-to-month,1517.0,1465.0,0,Bank transfer,True,False,False
C11764,Chennai,52,M,16,Standard,Month-to-month,880.0,14053.0,2,Bank transfer,False,True,True
C10322,Bengaluru,48,M,7,Standard,Month-to-month,1013.0,7069.0,4,Bank transfer,True,False,False
C12674,Hyderabad,28,F,46,Standard,One year,1104.0,48374.0,1,Card,True,True,False
C11998,Bengaluru,46,F,50,Basic,One year,790.0,38798.0,3,UPI,True,False,False
C12005,Bengaluru,66,M,6,Basic,Month-to-month,628.0,3675.0,5,UPI,False,True,True
C16104,Hyderabad,67,M,21,Basic,Two year,578.0,11561.0,4,UPI,False,True,False
C13337,Kochi,50,M,2,Basic,Month-to-month,352.0,692.0,1,Card,False,False,False
C11187,Bengaluru,27,F,28,Standard,Month-to-month,986.0,27500.0,3,Bank transfer,True,False,False
C16444,Hyderabad,32,M,38,Basic,Month-to-month,797.0,29929.0,4,UPI,True,False,False
C10028,Bengaluru,30,F,27,Standard,Month-to-month,1153.0,30018.0,3,Cash,True,True,True
C11303,Bengaluru,44,F,71,Basic,One year,313.0,22067.0,0,UPI,False,False,False
C11992,Hyderabad,34,F,23,Basic,Two year,702.0,15502.0,2,Card,True,False,False
C10846,Bengaluru,25,F,30,Basic,Month-to-month,893.0,26272.0,1,Cash,True,True,False
C12046,Hyderabad,41,M,17,Standard,Two year,734.0,12188.0,2,Bank transfer,False,False,True
C10768,Bengaluru,52,M,7,Basic,Month-to-month,744.0,5046.0,0,Card,True,False,False
C14622,Chennai,69,F,13,Premium,One year,1202.0,15411.0,3,UPI,False,False,False
C15889,Hyderabad,41,M,41,Standard,Two year,953.0,38897.0,1,Bank transfer,True,False,False
C12167,Pune,45,F,17,Standard,Two year,986.0,16096.0,0,UPI,True,False,False
C11393,Hyderabad,23,M,22,Basic,Two year,414.0,8694.0,2,Card,False,False,False
C14923,Bengaluru,58,M,2,Standard,Month-to-month,821.0,1564.0,1,Card,False,True,True
C15452,Hyderabad,36,F,24,Premium,Month-to-month,1221.0,28046.0,2,UPI,False,False,False
C11668,Bengaluru,59,F,12,Premium,Month-to-month,1541.0,17646.0,1,Cash,True,True,True
C14271,Bengaluru,67,F,29,Standard,Two year,1035.0,29709.0,0,UPI,True,False,False
C12436,Bengaluru,48,F,35,Basic,Month-to-month,378.0,13052.0,2,Bank transfer,False,False,False
C12779,Hyderabad,19,F,2,Basic,Month-to-month,447.0,865.0,2,Cash,False,False,False
C13551,Chennai,32,F,26,Basic,Two year,601.0,14941.0,0,Card,False,True,False
C10612,Pune,46,F,24,Basic,Month-to-month,546.0,12788.0,2,UPI,False,True,False
C10403,Hyderabad,56,F,1,Basic,Month-to-month,386.0,380.0,1,UPI,False,False,True
C14302,Chennai,46,F,24,Standard,Month-to-month,690.0,15786.0,2,Bank transfer,False,False,True
C13336,Hyderabad,73,M,67,Standard,Two year,980.0,63116.0,1,UPI,True,False,False
C12947,Pune,60,M,30,Basic,Month-to-month,594.0,17075.0,1,UPI,True,False,False
C11817,Bengaluru,52,F,51,Standard,One year,988.0,49668.0,2,Bank transfer,True,False,False
C14032,Hyderabad,37,M,5,Standard,Month-to-month,1195.0,5938.0,1,Card,True,True,False
C11453,Pune,29,F,35,Standard,Month-to-month,892.0,31035.0,2,Cash,False,True,True
C10839,Hyderabad,70,M,54,Premium,Two year,1438.0,75778.0,1,Bank transfer,True,False,False
C13873,Bengaluru,20,M,12,Basic,Month-to-month,448.0,5191.0,2,UPI,False,False,False
C12082,Bengaluru,21,M,64,Standard,One year,1239.0,76612.0,2,Cash,True,True,False
C14852,Hyderabad,66,M,30,Standard,Month-to-month,992.0,28845.0,0,UPI,True,False,True
C12597,Hyderabad,50,M,20,Standard,Two year,1024.0,20110.0,2,UPI,True,False,False
C15476,Bengaluru,45,M,13,Basic,Two year,850.0,10860.0,1,UPI,True,True,False
C16954,Pune,34,F,16,Premium,One year,1278.0,19768.0,0,UPI,False,False,False
C11107,Bengaluru,41,F,63,Standard,One year,1054.0,63907.0,1,Card,True,False,False
C16254,Bengaluru,31,M,13,Basic,Two year,399.0,5030.0,1,Cash,False,False,False
C15379,Bengaluru,24,F,17,Standard,One year,676.0,11431.0,1,Bank transfer,False,False,False
C14102,Hyderabad,37,M,71,Basic,One year,695.0,48466.0,3,Cash,True,False,False
C11623,Hyderabad,24,F,18,Basic,Month-to-month,582.0,10108.0,0,Bank transfer,False,True,True
C15098,Hyderabad,63,M,18,Standard,Month-to-month,750.0,13145.0,0,Card,False,False,True
C11058,Bengaluru,55,F,71,Basic,One year,859.0,58821.0,0,Bank transfer,True,True,False
C16037,Bengaluru,28,F,10,Standard,Month-to-month,754.0,7271.0,1,Card,False,False,False
C12998,Kochi,50,F,13,Premium,One year,1418.0,18371.0,0,Card,False,True,False
C16367,Hyderabad,66,M,16,Standard,One year,1037.0,15818.0,1,UPI,True,False,False
C11123,Hyderabad,65,M,44,Standard,One year,1126.0,47951.0,1,Cash,True,True,False
C15024,Hyderabad,41,M,47,Basic,Two year,690.0,30970.0,0,Cash,True,False,False
C11063,Chennai,53,M,2,Basic,Month-to-month,552.0,1086.0,0,Card,False,True,True
C12542,Hyderabad,37,F,8,Standard,Month-to-month,1035.0,8149.0,1,Card,True,False,False
C15373,Kochi,31,F,40,Standard,One year,1040.0,40923.0,3,Cash,True,False,False
C12318,Pune,73,M,57,Basic,One year,853.0,48423.0,0,UPI,True,True,False
C15307,Chennai,61,F,34,Basic,Month-to-month,837.0,27612.0,1,Bank transfer,True,True,False
C15129,Bengaluru,22,M,33,Premium,One year,1375.0,44214.0,1,Bank transfer,True,False,False
C12325,Pune,66,F,20,Premium,Month-to-month,1587.0,31408.0,2,Card,True,True,True
C16826,Hyderabad,43,F,29,Premium,Month-to-month,1355.0,38499.0,2,Cash,False,True,True
C11947,Chennai,55,F,7,Basic,Month-to-month,842.0,5890.0,2,UPI,True,True,False
C13992,Pune,25,F,17,Premium,Month-to-month,1492.0,25071.0,1,UPI,True,False,False
C14906,Bengaluru,30,F,8,Basic,Month-to-month,366.0,2797.0,2,Card,False,False,False
C10241,Hyderabad,61,M,8,Basic,One year,660.0,5207.0,0,Card,True,False,False
C11304,Hyderabad,42,F,71,Basic,Two year,585.0,40420.0,0,UPI,False,True,False
C13514,Kochi,42,F,39,Basic,Month-to-month,832.0,31030.0,2,UPI,True,True,False
C15585,Chennai,54,M,32,Basic,Month-to-month,827.0,26239.0,1,Card,True,True,False
C12216,Bengaluru,53,M,11,Standard,Month-to-month,1163.0,12741.0,0,UPI,True,True,True
C15486,Bengaluru,56,M,66,Standard,Two year,926.0,60292.0,3,Card,False,True,False
C14181,Chennai,59,M,8,Standard,Month-to-month,1194.0,9511.0,2,UPI,True,True,True
C14071,Kochi,54,M,22,Basic,Month-to-month,715.0,15538.0,3,Bank transfer,True,False,False
C15224,Pune,60,M,39,Basic,Month-to-month,685.0,25726.0,1,UPI,True,False,False
C15053,Chennai,39,F,18,Standard,Month-to-month,1012.0,17872.0,1,UPI,True,False,False
C11308,Hyderabad,50,F,37,Standard,Month-to-month,743.0,27325.0,2,UPI,False,False,False
C12630,Pune,73,F,24,Basic,Month-to-month,673.0,15554.0,1,UPI,True,False,False
C10095,Chennai,48,M,23,Standard,Month-to-month,1079.0,23968.0,1,UPI,True,True,False
C14034,Chennai,21,F,12,Standard,Month-to-month,653.0,7573.0,1,Card,False,False,False
C15478,Bengaluru,33,M,3,Premium,Month-to-month,1198.0,3573.0,2,Card,False,False,False
C13201,Hyderabad,43,F,71,Basic,One year,768.0,53363.0,1,Cash,True,False,False
C12976,Kochi,49,M,20,Basic,Month-to-month,722.0,14282.0,1,UPI,True,False,False
C12975,Hyderabad,36,F,10,Basic,One year,709.0,6133.0,2,Card,True,False,False
C10931,Bengaluru,29,F,13,Standard,Month-to-month,926.0,11904.0,0,UPI,True,False,False
C11109,Chennai,40,F,33,Standard,One year,829.0,27269.0,2,UPI,False,True,False
C10464,Hyderabad,73,F,56,Basic,Two year,832.0,44383.0,1,Card,True,True,False
C10459,Pune,47,F,44,Standard,Two year,1030.0,44657.0,1,UPI,True,False,False
C11497,Hyderabad,68,M,31,Basic,Month-to-month,516.0,15996.0,2,Card,False,True,False
C13725,Hyderabad,53,F,33,Standard,One year,1080.0,34700.0,0,UPI,True,False,False
C16615,Hyderabad,26,F,10,Basic,Month-to-month,388.0,3828.0,1,UPI,False,False,True
C12224,Chennai,43,F,21,Basic,Two year,764.0,15836.0,0,Cash,True,True,False
C14151,Bengaluru,56,M,18,Basic,Two year,822.0,14424.0,0,UPI,True,True,False
C11525,Hyderabad,51,M,18,Basic,One year,720.0,12501.0,0,UPI,True,False,False
C10670,Chennai,56,F,21,Premium,Month-to-month,1645.0,33120.0,0,Card,True,True,False
C10559,Pune,44,F,16,Standard,One year,1006.0,15413.0,2,Bank transfer,True,False,False
C11571,Pune,48,F,36,Standard,Month-to-month,942.0,32772.0,0,Card,True,False,False
C14941,Bengaluru,56,M,29,Basic,Month-to-month,823.0,23708.0,1,Bank transfer,True,True,False
C11881,Chennai,21,F,35,Standard,Month-to-month,983.0,34039.0,1,UPI,True,False,False
C15111,Kochi,37,F,10,Basic,Month-to-month,726.0,7182.0,0,Cash,True,False,False
C16923,Pune,26,F,37,Standard,Month-to-month,855.0,31121.0,3,Card,False,True,False
C14100,Bengaluru,67,M,35,Premium,Two year,1616.0,54221.0,2,Cash,True,True,False
C11150,Pune,26,M,26,Basic,Month-to-month,542.0,13974.0,2,UPI,False,True,False
C11062,Chennai,48,F,52,Standard,Two year,681.0,35050.0,3,UPI,False,False,False
C11365,Kochi,62,F,31,Basic,Two year,716.0,21387.0,0,UPI,True,False,False
C12195,Bengaluru,62,F,32,Standard,One year,810.0,25853.0,1,UPI,False,True,False
C16950,Hyderabad,74,F,30,Standard,Two year,802.0,23775.0,3,Cash,False,True,False
C11884,Chennai,50,M,16,Premium,Month-to-month,1211.0,18487.0,1,Card,False,False,True
C12739,Bengaluru,62,M,35,Standard,Two year,1025.0,34309.0,2,Bank transfer,True,False,False
C16369,Pune,71,M,22,Premium,One year,1381.0,30308.0,3,Bank transfer,False,True,False
C11818,Chennai,36,F,61,Basic,One year,423.0,24646.0,3,Cash,False,False,False
C11838,Kochi,22,M,19,Standard,Month-to-month,998.0,18513.0,1,Card,True,False,False
C13262,Hyderabad,36,F,25,Premium,Month-to-month,1619.0,39741.0,2,Bank transfer,True,True,False
C12220,Pune,43,M,20,Basic,Month-to-month,715.0,13814.0,0,Card,True,False,False
C11162,Bengaluru,73,M,2,Basic,Month-to-month,679.0,1353.0,2,Card,True,False,True
C12767,Hyderabad,37,M,53,Standard,One year,836.0,42664.0,1,Cash,False,True,False
C11927,Chennai,23,F,24,Standard,Month-to-month,984.0,23616.0,1,Card,True,False,False
C15532,Chennai,31,F,38,Premium,Month-to-month,1231.0,45125.0,1,Cash,False,False,True
C11325,Hyderabad,44,F,58,Standard,One year,688.0,37972.0,4,Bank transfer,False,False,False
C12622,Chennai,30,M,38,Premium,Month-to-month,1533.0,57838.0,2,UPI,True,False,False
C10705,Pune,24,F,39,Basic,Month-to-month,564.0,21025.0,1,Card,False,True,False
C14978,Bengaluru,19,F,38,Standard,Month-to-month,683.0,25643.0,1,Bank transfer,False,False,False
C13370,Hyderabad,71,M,48,Basic,One year,659.0,31606.0,3,Card,True,False,False
C13327,Hyderabad,44,M,57,Standard,One year,1212.0,69084.0,1,UPI,True,True,False
C12935,Bengaluru,48,F,31,Basic,Month-to-month,932.0,28690.0,0,UPI,True,True,False
C15191,Chennai,19,M,15,Standard,Month-to-month,733.0,10973.0,2,Card,False,False,True
C10505,Kochi,20,M,16,Standard,Month-to-month,707.0,11098.0,1,UPI,False,False,False
C13304,Pune,37,F,35,Premium,One year,1330.0,44734.0,1,UPI,False,True,False
C14355,Hyderabad,55,F,60,Standard,One year,742.0,43697.0,2,Card,False,False,False
C11811,Bengaluru,48,M,24,Standard,One year,1097.0,25020.0,2,Card,True,True,False
C16008,Bengaluru,46,F,38,Basic,Two year,537.0,20280.0,2,Bank transfer,False,True,True
C10279,Hyderabad,31,M,18,Basic,One year,572.0,10296.0,1,UPI,False,True,False
C16096,Chennai,74,F,35,Basic,Month-to-month,395.0,13624.0,0,Bank transfer,False,False,False
C13372,Hyderabad,74,M,20,Standard,One year,980.0,19388.0,1,Bank transfer,True,False,False
C13132,Chennai,59,M,70,Standard,One year,1004.0,70052.0,2,Cash,True,False,False
C12175,Kochi,23,F,7,Basic,Month-to-month,688.0,4586.0,0,Card,True,False,True
C16349,Chennai,69,M,39,Basic,Two year,619.0,23591.0,1,Cash,False,True,False
C14279,Chennai,66,M,28,Premium,Month-to-month,1158.0,32211.0,2,Bank transfer,False,False,False
C12151,Hyderabad,22,F,11,Standard,Month-to-month,1167.0,12434.0,3,UPI,True,True,True
C10462,Hyderabad,68,M,33,Standard,Month-to-month,884.0,28350.0,3,Cash,False,True,False
C13095,Bengaluru,47,M,15,Standard,Two year,745.0,10647.0,4,UPI,False,False,False
C16317,Pune,33,M,35,Standard,Month-to-month,841.0,28019.0,0,Bank transfer,False,True,False
C15674,Chennai,68,F,25,Basic,Two year,730.0,17611.0,2,Card,True,False,False
C14325,Bengaluru,23,M,25,Standard,Month-to-month,1161.0,28425.0,1,Cash,True,True,False
C14648,Bengaluru,68,M,6,Premium,Month-to-month,1215.0,7084.0,1,Cash,False,False,False
C15928,Hyderabad,41,M,60,Basic,One year,395.0,22595.0,2,Card,False,False,False
C10218,Kochi,61,M,25,Standard,Month-to-month,847.0,20253.0,0,Card,False,True,True
C11493,Hyderabad,47,F,37,Basic,Two year,802.0,28412.0,1,Card,True,False,False
C10776,Chennai,50,M,32,Premium,Month-to-month,1484.0,46203.0,4,Cash,True,False,True
C12038,Kochi,34,M,18,Standard,Month-to-month,695.0,12117.0,1,UPI,False,False,True
C16181,Chennai,20,F,47,Premium,One year,1337.0,59805.0,3,Card,False,True,False
C15300,Hyderabad,53,M,41,Premium,One year,1323.0,53653.0,3,Bank transfer,False,True,False
C11427,Pune,50,F,10,Standard,Month-to-month,1002.0,9842.0,2,UPI,True,False,False
C15823,Kochi,43,M,54,Standard,Two year,1148.0,60187.0,3,UPI,True,True,False
C14672,Bengaluru,35,M,26,Basic,One year,718.0,18017.0,1,UPI,True,False,False
C13193,Pune,59,F,26,Standard,Month-to-month,973.0,24992.0,1,Card,True,False,True
C10982,Chennai,51,M,38,Basic,Month-to-month,674.0,24952.0,1,UPI,True,False,False
C12118,Bengaluru,26,F,15,Standard,Month-to-month,1149.0,16953.0,5,UPI,True,True,False
C14537,Bengaluru,31,M,16,Premium,Two year,1601.0,25417.0,1,UPI,True,True,False
C14983,Hyderabad,19,M,34,Standard,Month-to-month,840.0,27285.0,1,UPI,False,True,False
C14237,Hyderabad,37,F,9,Basic,Month-to-month,685.0,5939.0,1,UPI,True,False,True
C16082,Pune,60,F,23,Basic,Month-to-month,420.0,9528.0,2,Card,False,False,False
C11558,Hyderabad,37,F,7,Standard,Month-to-month,1015.0,7105.0,0,Card,True,False,False
C10328,Hyderabad,72,F,12,Standard,Month-to-month,848.0,9737.0,1,Cash,False,True,False
C10968,Pune,66,M,7,Basic,Month-to-month,422.0,2860.0,3,Card,False,False,True
C12603,Pune,66,F,28,Premium,Month-to-month,1447.0,38590.0,1,UPI,True,False,False
C13253,Hyderabad,71,F,50,Basic,Two year,408.0,19957.0,0,Card,False,False,False
C13474,Chennai,64,F,12,Premium,One year,1367.0,16404.0,2,Card,False,True,False
C14913,Bengaluru,40,M,35,Premium,One year,1354.0,45402.0,4,Bank transfer,False,True,True
C13151,Pune,24,M,42,Standard,Two year,1011.0,41435.0,2,Cash,True,False,False
C12705,Pune,32,F,22,Standard,Two year,700.0,14655.0,2,Cash,False,False,False
C16556,Bengaluru,37,F,40,Standard,Two year,1157.0,45893.0,1,Card,True,False,False
C14683,Bengaluru,62,F,34,Standard,Month-to-month,998.0,33272.0,1,Card,True,False,False
C11894,Bengaluru,46,F,7,Standard,Month-to-month,690.0,4609.0,2,Cash,False,False,True
C13324,Bengaluru,30,M,32,Standard,Month-to-month,813.0,25819.0,1,Bank transfer,False,False,False
C11640,Bengaluru,51,F,34,Basic,Month-to-month,814.0,27375.0,4,Bank transfer,True,True,True
C14207,Chennai,59,M,24,Standard,Month-to-month,1117.0,26366.0,1,UPI,True,True,False
C16521,Hyderabad,57,M,38,Basic,Month-to-month,437.0,16183.0,1,UPI,False,False,False
C11069,Pune,46,F,59,Standard,One year,1196.0,68140.0,2,UPI,True,True,False
C14753,Pune,73,M,38,Premium,Month-to-month,1284.0,46664.0,1,Bank transfer,False,True,False
C15262,Bengaluru,41,M,37,Standard,Two year,1039.0,38207.0,1,UPI,True,False,False
C13349,Bengaluru,26,M,1,Basic,Month-to-month,319.0,303.0,1,Cash,False,False,False
C16960,Hyderabad,59,M,12,Standard,Month-to-month,1182.0,14175.0,2,Bank transfer,True,True,False
C13383,Chennai,62,F,25,Premium,One year,1265.0,31327.0,1,Card,False,False,False
C10091,Chennai,28,F,48,Standard,One year,681.0,31519.0,1,Cash,False,False,False
C10587,Kochi,52,F,15,Basic,Two year,713.0,10483.0,3,Card,True,False,False
C13535,Hyderabad,52,M,4,Basic,Month-to-month,349.0,1338.0,0,Cash,False,False,False
C14826,Kochi,30,M,20,Standard,Month-to-month,655.0,12739.0,1,UPI,False,False,True
C11378,Bengaluru,29,F,37,Basic,Month-to-month,414.0,15107.0,1,Card,False,False,False
C14192,Bengaluru,33,F,34,Standard,One year,1031.0,33310.0,2,Card,True,False,False
C15778,Hyderabad,60,M,37,Standard,Month-to-month,661.0,23259.0,1,Card,False,False,False
C14053,Hyderabad,64,M,38,Basic,Month-to-month,673.0,24471.0,0,UPI,True,False,False
C11671,Bengaluru,40,F,13,Standard,Month-to-month,1002.0,12599.0,0,Cash,True,False,False
C16475,Bengaluru,72,F,19,Basic,Month-to-month,373.0,6962.0,1,UPI,False,False,False
C13315,Hyderabad,33,F,18,Basic,Month-to-month,733.0,12797.0,1,UPI,True,False,False
C15407,Pune,44,F,27,Standard,Month-to-month,846.0,22669.0,0,Bank transfer,False,True,False
C10981,Chennai,57,F,34,Premium,Month-to-month,1561.0,53074.0,1,Cash,True,False,True
C10421,Hyderabad,63,M,2,Basic,Month-to-month,360.0,704.0,4,Bank transfer,False,False,True
C10787,Bengaluru,23,M,57,Basic,Two year,666.0,36461.0,0,UPI,True,False,False
C10922,Bengaluru,62,F,34,Basic,Month-to-month,570.0,19019.0,1,UPI,False,True,False
C15713,Kochi,19,M,7,Standard,Month-to-month,858.0,5866.0,2,Card,False,True,True
C13390,Pune,34,F,38,Basic,One year,837.0,30484.0,0,Card,True,True,False
C14611,Pune,47,M,37,Premium,Month-to-month,1482.0,54259.0,2,Cash,True,False,True
C14289,Bengaluru,32,F,22,Standard,One year,965.0,20756.0,0,Card,True,False,False
C14706,Bengaluru,41,F,32,Premium,Two year,1463.0,46805.0,0,UPI,True,False,False
C14802,Hyderabad,35,M,20,Standard,Month-to-month,1094.0,20959.0,1,Bank transfer,True,True,True
C11834,Bengaluru,25,M,19,Standard,Two year,1180.0,22241.0,0,UPI,True,True,False
C13567,Hyderabad,70,M,71,Basic,One year,335.0,23556.0,1,Card,False,False,False
C10976,Chennai,62,M,32,Basic,Month-to-month,826.0,25863.0,0,Cash,True,True,False
C14924,Chennai,62,F,48,Premium,One year,1451.0,68919.0,2,Card,True,False,True
C15082,Bengaluru,33,F,37,Basic,Month-to-month,705.0,25350.0,1,Card,True,False,False
C14832,Bengaluru,60,F,5,Basic,Month-to-month,346.0,1690.0,2,UPI,False,False,True
C14633,Pune,54,M,48,Basic,Two year,655.0,30115.0,0,UPI,True,False,False
C12966,Bengaluru,34,F,32,Basic,Two year,380.0,12062.0,1,UPI,False,False,False
C16741,Kochi,27,F,29,Standard,Month-to-month,998.0,28055.0,0,Card,True,False,True
C11164,Bengaluru,68,F,23,Premium,Month-to-month,1509.0,34302.0,0,Card,True,False,False
C15298,Pune,25,M,18,Standard,Month-to-month,655.0,11723.0,1,Card,False,False,True
C10545,Pune,18,M,14,Basic,Month-to-month,334.0,4626.0,2,Card,False,False,True
C11421,Chennai,42,F,9,Premium,Month-to-month,1447.0,12404.0,2,Cash,True,False,False
C15839,Bengaluru,35,M,34,Standard,Month-to-month,1038.0,35205.0,0,Card,True,False,True
C14354,Bengaluru,33,M,42,Standard,One year,813.0,32807.0,2,Bank transfer,False,True,True
C10360,Hyderabad,70,M,28,Premium,Month-to-month,1607.0,44904.0,0,Cash,True,True,True
C11261,Chennai,37,F,18,Premium,Month-to-month,1369.0,24513.0,1,UPI,False,True,False
C10622,Bengaluru,49,M,57,Basic,One year,580.0,32155.0,1,Card,False,True,False
C11344,Pune,56,F,6,Basic,Month-to-month,909.0,5265.0,0,Card,True,True,False
C14618,Chennai,52,F,8,Basic,One year,386.0,3001.0,3,Card,False,False,False
C12589,Hyderabad,63,M,33,Premium,Two year,1430.0,44833.0,0,UPI,True,False,False
C14144,Chennai,24,M,1,Basic,Month-to-month,363.0,360.0,3,UPI,False,False,False
C11643,Bengaluru,27,F,37,Premium,Month-to-month,1252.0,44166.0,1,UPI,False,False,False
C15477,Chennai,27,M,37,Standard,Two year,1046.0,37900.0,0,Card,True,False,False
C15107,Chennai,19,M,54,Basic,One year,644.0,33615.0,1,Bank transfer,True,False,False
C10677,Hyderabad,73,F,13,Basic,Month-to-month,726.0,9251.0,0,Cash,True,False,False
C12953,Hyderabad,21,M,1,Standard,Month-to-month,984.0,957.0,0,Bank transfer,True,False,False
C14888,Hyderabad,53,M,34,Basic,Month-to-month,514.0,16719.0,0,UPI,False,True,True
C12611,Bengaluru,41,M,30,Premium,Month-to-month,1491.0,43764.0,1,Bank transfer,True,False,False
C12693,Hyderabad,70,M,34,Standard,Month-to-month,1104.0,36134.0,0,UPI,True,True,False
C16904,Chennai,51,F,22,Premium,Month-to-month,1447.0,31355.0,2,UPI,True,False,False
C13762,Hyderabad,29,M,35,Standard,Two year,1045.0,35724.0,2,Cash,True,False,False
C16913,Bengaluru,39,F,12,Premium,Two year,1634.0,19398.0,1,UPI,True,True,False
C13022,Hyderabad,54,F,65,Basic,One year,370.0,23219.0,0,UPI,False,False,False
C14782,Bengaluru,36,M,24,Basic,Two year,754.0,17458.0,1,UPI,True,False,False
C14462,Hyderabad,58,F,12,Standard,Month-to-month,1028.0,12191.0,1,Bank transfer,True,False,False
C16589,Kochi,56,M,10,Basic,Month-to-month,355.0,3491.0,1,UPI,False,False,False
C16772,Bengaluru,47,F,70,Standard,One year,1038.0,72528.0,1,UPI,True,False,False
C12434,Chennai,70,M,13,Standard,One year,1007.0,12710.0,0,Cash,True,False,True
C16842,Chennai,40,F,39,Standard,Two year,826.0,31192.0,1,Cash,False,True,False
C10952,Kochi,26,M,15,Basic,Month-to-month,378.0,5468.0,1,Card,False,False,True
C12183,Bengaluru,57,F,15,Basic,Month-to-month,484.0,6987.0,1,UPI,False,True,False
C16957,Pune,53,F,43,Premium,Two year,1202.0,51269.0,0,UPI,False,False,False
C15891,Bengaluru,37,F,14,Basic,One year,638.0,8763.0,1,UPI,False,True,False
C12269,Kochi,22,F,30,Standard,Month-to-month,963.0,28651.0,1,Bank transfer,True,False,True
C14749,Bengaluru,66,M,24,Basic,Month-to-month,395.0,9144.0,0,UPI,False,False,False
C12361,Kochi,27,M,36,Premium,Month-to-month,1427.0,50497.0,0,UPI,True,False,False
C12068,Bengaluru,30,M,38,Basic,Month-to-month,827.0,30235.0,0,UPI,True,True,False
C10468,Chennai,58,M,23,Standard,One year,883.0,20045.0,1,Cash,False,True,False
C12647,Hyderabad,55,M,51,Standard,Two year,858.0,42054.0,2,UPI,False,True,False
C13163,Hyderabad,51,F,7,Basic,Month-to-month,675.0,4558.0,3,UPI,True,False,False
C16389,Hyderabad,50,M,5,Basic,Month-to-month,455.0,2196.0,0,Cash,False,False,True
C10054,Kochi,55,M,29,Standard,One year,826.0,23790.0,1,UPI,False,True,False
C15515,Bengaluru,69,M,5,Basic,Month-to-month,650.0,3191.0,0,UPI,True,False,True
C12177,Hyderabad,31,M,23,Basic,Month-to-month,808.0,18389.0,0,Cash,True,True,False
C13591,Chennai,34,F,64,Premium,One year,1446.0,89998.0,2,Card,True,False,False
C11533,Hyderabad,36,M,15,Premium,Two year,1631.0,23696.0,1,UPI,True,True,False
C14001,Bengaluru,66,M,52,Basic,Two year,873.0,43275.0,1,Card,True,True,False
C11678,Bengaluru,72,F,38,Basic,One year,635.0,24027.0,2,Card,True,False,False
C13363,Pune,26,F,14,Basic,One year,406.0,5400.0,1,UPI,False,False,False
C16188,Hyderabad,73,M,28,Premium,Month-to-month,1492.0,41198.0,1,Card,True,False,False
C15086,Chennai,23,F,51,Standard,One year,1063.0,52544.0,0,UPI,True,False,False
C16728,Bengaluru,26,M,37,Basic,Month-to-month,772.0,27238.0,0,Cash,True,False,False
C16758,Bengaluru,72,M,6,Standard,One year,694.0,4030.0,0,Card,False,False,False
C16557,Pune,22,M,37,Standard,Month-to-month,1235.0,44194.0,0,UPI,True,True,True
C14718,Pune,60,M,6,Premium,One year,1179.0,7074.0,1,UPI,False,False,False
C13145,Chennai,43,F,21,Basic,Month-to-month,850.0,17682.0,2,UPI,True,True,True
C14477,Hyderabad,21,M,70,Premium,One year,1719.0,119599.0,1,UPI,True,True,False
C13607,Chennai,48,M,63,Standard,Two year,959.0,57631.0,0,UPI,True,False,False
C10148,Hyderabad,29,F,10,Standard,Month-to-month,679.0,6529.0,0,UPI,False,False,True
C15705,Bengaluru,44,F,40,Basic,One year,744.0,29393.0,0,Bank transfer,True,False,False
C13828,Pune,69,F,9,Basic,Month-to-month,334.0,2959.0,0,Bank transfer,False,False,False
C13271,Bengaluru,54,M,31,Standard,Month-to-month,934.0,28597.0,1,Cash,True,False,False
C13358,Hyderabad,68,M,36,Standard,Month-to-month,1015.0,36141.0,0,Card,True,False,True
C15622,Bengaluru,36,F,10,Basic,One year,439.0,4339.0,1,UPI,False,False,False
C12310,Kochi,18,M,25,Basic,Month-to-month,584.0,14514.0,0,UPI,False,True,False
C16256,Kochi,57,F,45,Premium,One year,1605.0,71635.0,0,Card,True,True,True
C11831,Pune,46,M,18,Premium,Month-to-month,1579.0,27725.0,0,Card,True,False,False
C14579,Hyderabad,37,M,1,Premium,Month-to-month,1564.0,1532.0,1,Cash,True,False,True
C10688,Bengaluru,57,F,14,Basic,Two year,630.0,8631.0,2,Bank transfer,True,False,False
C11877,Hyderabad,69,M,7,Premium,Month-to-month,1313.0,8972.0,0,Cash,False,True,False
C14011,Bengaluru,74,F,10,Standard,Month-to-month,1255.0,12282.0,1,Card,True,True,False
C14982,Pune,29,F,31,Basic,One year,900.0,27825.0,1,Bank transfer,True,True,False
C11987,Bengaluru,36,M,4,Basic,Month-to-month,418.0,1655.0,2,Card,False,False,True
C13510,Hyderabad,33,M,45,Basic,One year,432.0,19163.0,0,Card,False,False,False
C11302,Chennai,67,F,50,Premium,Two year,1191.0,58918.0,1,Cash,False,False,False
C16196,Chennai,18,M,42,Basic,One year,641.0,25716.0,2,Cash,True,False,False
C14811,Pune,52,M,34,Standard,Two year,1141.0,38156.0,1,Cash,True,True,False
C11842,Hyderabad,44,F,23,Standard,Month-to-month,705.0,15851.0,1,Card,False,False,False
C16662,Hyderabad,32,M,57,Basic,Two year,539.0,30257.0,0,UPI,False,True,False
C13073,Chennai,46,M,31,Premium,Month-to-month,1699.0,50344.0,2,UPI,True,True,False
C12210,Pune,57,M,25,Basic,Two year,569.0,13751.0,2,Bank transfer,False,True,False
C13084,Chennai,25,M,8,Basic,Month-to-month,750.0,5780.0,1,UPI,True,False,True
C15278,Bengaluru,32,F,27,Basic,Month-to-month,350.0,9135.0,3,Card,False,False,True
C16179,Chennai,28,F,35,Standard,Month-to-month,850.0,28767.0,0,Cash,False,True,False
C11032,Hyderabad,67,M,26,Standard,Month-to-month,1139.0,28452.0,0,Cash,True,True,False
C14699,Chennai,64,F,20,Basic,Month-to-month,665.0,12711.0,1,Card,True,False,False
C11521,Hyderabad,45,F,40,Premium,One year,1659.0,65340.0,0,Card,True,True,False
C16622,Bengaluru,42,F,21,Basic,Month-to-month,352.0,7272.0,1,Bank transfer,False,False,False
C12871,Bengaluru,62,M,41,Basic,Two year,374.0,15061.0,0,UPI,False,False,False
C12074,Bengaluru,26,M,20,Standard,Month-to-month,1061.0,20191.0,1,UPI,True,False,True
C10723,Chennai,57,F,13,Standard,One year,840.0,10722.0,1,Card,False,True,False
C14645,Hyderabad,21,M,10,Standard,Month-to-month,1014.0,9974.0,1,Card,True,False,False
C15833,Chennai,21,M,22,Standard,Two year,700.0,15115.0,2,UPI,False,False,False
C10376,Pune,46,M,66,Standard,One year,663.0,41909.0,1,Card,False,False,False
C13465,Hyderabad,36,M,28,Premium,Two year,1486.0,40250.0,2,Bank transfer,True,False,False
C12548,Hyderabad,33,F,33,Basic,Month-to-month,881.0,27779.0,2,Card,True,True,False
C15491,Chennai,53,M,53,Basic,Two year,756.0,38386.0,1,Bank transfer,True,False,False
C15734,Hyderabad,35,M,14,Standard,Month-to-month,1001.0,13533.0,0,Card,True,False,False
C12192,Bengaluru,26,M,13,Basic,One year,411.0,5334.0,2,UPI,False,False,True
C14551,Hyderabad,44,M,35,Basic,Month-to-month,698.0,24398.0,0,UPI,True,False,False
C15929,Hyderabad,39,M,34,Standard,Two year,723.0,24484.0,3,Card,False,False,True
C11364,Chennai,70,M,4,Basic,Month-to-month,809.0,3098.0,0,Bank transfer,True,True,False
C11298,Pune,29,F,70,Basic,One year,393.0,26628.0,0,Bank transfer,False,False,False
C12125,Bengaluru,65,F,43,Premium,One year,1374.0,58597.0,1,Card,False,True,False
C16632,Hyderabad,24,M,12,Standard,Month-to-month,872.0,9977.0,2,UPI,False,True,False
C11092,Kochi,30,F,23,Basic,Month-to-month,344.0,7837.0,0,UPI,False,False,False
C16956,Hyderabad,47,M,4,Standard,Month-to-month,1103.0,4243.0,1,UPI,True,True,True
C14662,Chennai,55,F,17,Standard,Month-to-month,739.0,12410.0,1,UPI,False,False,False
C10597,Pune,22,F,9,Standard,Month-to-month,1013.0,9117.0,1,UPI,True,False,False
C15992,Hyderabad,56,M,66,Basic,Two year,693.0,45360.0,3,UPI,True,False,False
C15104,Hyderabad,25,M,39,Premium,Month-to-month,1160.0,44637.0,0,UPI,False,False,False
C14679,Hyderabad,48,M,18,Basic,Month-to-month,545.0,9717.0,3,Bank transfer,False,True,True
C16371,Pune,49,F,57,Basic,One year,888.0,48260.0,0,Bank transfer,True,True,False
C16299,Bengaluru,72,M,25,Basic,Month-to-month,829.0,20000.0,1,UPI,True,True,False
C11999,Pune,22,F,54,Basic,Two year,435.0,22872.0,3,Cash,False,False,False
C11694,Chennai,69,F,71,Standard,Two year,1148.0,79691.0,2,Card,True,True,False
C14876,Bengaluru,58,M,38,Basic,Month-to-month,672.0,24647.0,0,UPI,True,False,False
C13723,Kochi,27,M,35,Standard,Month-to-month,977.0,32924.0,0,UPI,True,False,False
C14110,Bengaluru,26,M,31,Basic,Month-to-month,709.0,21386.0,2,Card,True,False,False
C15457,Bengaluru,70,F,8,Standard,Month-to-month,893.0,6997.0,0,Bank transfer,False,True,False
C12124,Hyderabad,36,M,65,Premium,Two year,1241.0,78921.0,1,UPI,False,False,False
C13004,Hyderabad,60,F,8,Basic,One year,434.0,3395.0,0,UPI,False,False,False
C11383,Bengaluru,59,F,6,Standard,Month-to-month,676.0,3975.0,2,UPI,False,False,False
C14674,Bengaluru,56,M,61,Basic,One year,369.0,21958.0,2,Cash,False,False,False
C15642,Hyderabad,22,M,45,Standard,Two year,681.0,29595.0,1,UPI,False,False,False
C13173,Kochi,42,M,15,Premium,One year,1615.0,23719.0,2,Cash,True,True,False
C12280,Bengaluru,67,F,17,Premium,One year,1423.0,23491.0,1,Card,True,False,False
C15084,Kochi,69,M,64,Basic,One year,454.0,28414.0,0,Bank transfer,False,False,False
C16354,Bengaluru,66,F,25,Standard,Month-to-month,853.0,21176.0,2,UPI,False,True,True
C14533,Hyderabad,63,M,50,Standard,One year,688.0,33533.0,1,Card,False,False,False
C11854,Bengaluru,30,F,30,Premium,Month-to-month,1534.0,44112.0,0,UPI,True,False,False
C10524,Bengaluru,54,M,9,Standard,Month-to-month,900.0,7935.0,0,UPI,False,True,True
C16428,Chennai,53,M,6,Standard,One year,966.0,5666.0,4,Card,True,False,True
C13144,Pune,20,M,16,Basic,Month-to-month,843.0,13444.0,1,UPI,True,True,False
C10958,Kochi,40,M,25,Standard,Month-to-month,954.0,22782.0,1,UPI,True,False,False
C11008,Hyderabad,68,M,20,Standard,Month-to-month,979.0,18613.0,2,Card,True,False,True
C14164,Kochi,21,F,51,Basic,Two year,658.0,33510.0,2,Cash,True,False,False
C11177,Bengaluru,74,F,37,Standard,Month-to-month,759.0,27895.0,2,Bank transfer,False,False,False
C11957,Kochi,28,M,35,Premium,Two year,1471.0,50590.0,3,UPI,True,False,False
C13771,Bengaluru,23,F,19,Premium,Month-to-month,1204.0,22233.0,0,UPI,False,False,True
C16977,Bengaluru,60,F,65,Premium,Two year,1240.0,80240.0,1,Cash,False,False,False
C10978,Chennai,27,M,32,Premium,Month-to-month,1198.0,37796.0,1,Cash,False,False,True
C12264,Bengaluru,65,M,15,Standard,Month-to-month,834.0,12441.0,0,Card,False,True,True
C12199,Hyderabad,33,M,34,Basic,One year,498.0,16595.0,2,Cash,False,True,False
C16802,Hyderabad,41,F,21,Premium,Two year,1693.0,34882.0,2,Card,True,True,False
C14281,Hyderabad,37,F,28,Basic,Month-to-month,454.0,12235.0,1,UPI,False,False,False
C12362,Hyderabad,71,F,38,Standard,Month-to-month,920.0,33530.0,2,Cash,True,False,False
C15636,Bengaluru,64,F,54,Basic,Two year,558.0,29933.0,0,Card,False,True,False
C11091,Bengaluru,63,F,34,Standard,Two year,722.0,24093.0,0,Cash,False,False,False
C14968,Kochi,33,F,39,Basic,One year,415.0,15639.0,5,UPI,False,False,True
C13399,Hyderabad,26,M,29,Basic,Month-to-month,825.0,23022.0,1,UPI,True,True,False
C13774,Pune,25,M,16,Basic,One year,809.0,12404.0,0,Bank transfer,True,True,False
C10117,Hyderabad,54,F,17,Premium,Two year,1185.0,19837.0,1,UPI,False,False,False
C13945,Pune,36,F,28,Basic,One year,519.0,14119.0,0,UPI,False,True,False
C10772,Hyderabad,28,F,30,Premium,One year,1699.0,48989.0,1,Cash,True,True,False
C12942,Kochi,70,M,23,Premium,Month-to-month,1646.0,36443.0,0,UPI,True,True,False
C16992,Hyderabad,55,F,39,Basic,Month-to-month,753.0,28786.0,3,UPI,True,False,True
C10374,Hyderabad,59,M,33,Premium,One year,1626.0,53566.0,1,Cash,True,True,False
C13705,Hyderabad,53,F,18,Basic,Month-to-month,724.0,13023.0,2,UPI,True,False,False
C13860,Chennai,26,M,26,Premium,Month-to-month,1228.0,30785.0,2,Card,False,False,False
C13091,Hyderabad,46,F,20,Premium,Month-to-month,1311.0,26126.0,2,Bank transfer,False,True,True
C11575,Bengaluru,52,F,17,Premium,Month-to-month,1129.0,18967.0,0,UPI,False,False,False
C12996,Pune,52,M,1,Basic,Month-to-month,748.0,736.0,0,Card,True,False,True
C16726,Hyderabad,59,M,20,Standard,Month-to-month,657.0,12551.0,3,Card,False,False,True
C14390,Hyderabad,34,F,12,Basic,One year,678.0,7844.0,1,Card,True,False,False
C12541,Bengaluru,20,F,23,Basic,Month-to-month,590.0,13430.0,1,Card,False,True,False
C16892,Bengaluru,65,M,38,Basic,Month-to-month,393.0,14226.0,0,UPI,False,False,False
C15547,Pune,56,M,32,Basic,Month-to-month,858.0,26206.0,1,UPI,True,True,False
C16623,Pune,29,F,21,Standard,Month-to-month,714.0,14877.0,2,Bank transfer,False,False,False
C16850,Chennai,41,M,21,Basic,Month-to-month,815.0,16955.0,1,Cash,True,False,True
C15901,Pune,26,M,10,Premium,Two year,1661.0,15926.0,1,Bank transfer,True,True,True
C16366,Hyderabad,55,F,1,Basic,Month-to-month,551.0,543.0,1,Card,False,True,True
C14807,Bengaluru,68,M,23,Standard,Month-to-month,686.0,15044.0,1,Card,False,False,True
C12999,Pune,22,M,25,Premium,Month-to-month,1626.0,40219.0,0,Bank transfer,True,True,False
C12091,Hyderabad,71,M,13,Basic,Month-to-month,368.0,4590.0,1,Card,False,False,True
C12108,Bengaluru,51,M,15,Basic,One year,878.0,13155.0,1,Card,True,True,False
C12341,Kochi,45,M,18,Premium,Month-to-month,1679.0,28905.0,0,UPI,True,True,False
C13921,Hyderabad,21,F,36,Standard,One year,856.0,29990.0,3,UPI,False,True,False
C13222,Bengaluru,42,F,37,Premium,Month-to-month,1151.0,40617.0,1,UPI,False,False,False
C13977,Hyderabad,62,M,32,Premium,One year,1272.0,39321.0,1,UPI,False,False,False
C14253,Hyderabad,33,F,41,Standard,Two year,876.0,35546.0,0,UPI,False,True,False
C11829,Hyderabad,24,F,8,Basic,Month-to-month,924.0,7285.0,1,Card,True,True,False
C14932,Bengaluru,55,F,26,Standard,One year,611.0,15300.0,1,UPI,False,False,False
C12870,Bengaluru,61,M,26,Basic,Month-to-month,368.0,9213.0,0,UPI,False,False,False
C11561,Pune,57,M,23,Standard,Month-to-month,1102.0,25304.0,1,Cash,True,True,True
C15338,Bengaluru,30,M,32,Standard,One year,1017.0,32467.0,2,Card,True,False,True
C13584,Bengaluru,60,F,32,Standard,Month-to-month,714.0,22475.0,0,Card,False,False,False
C10099,Bengaluru,60,M,69,Standard,One year,1052.0,69377.0,1,Card,True,False,False
C10445,Chennai,52,M,7,Basic,Two year,361.0,2401.0,5,Bank transfer,False,False,True
C10567,Chennai,47,F,25,Premium,Month-to-month,1132.0,28300.0,1,UPI,False,False,False
C10179,Hyderabad,63,M,22,Basic,Month-to-month,732.0,15714.0,1,Bank transfer,True,True,False
C14020,Chennai,58,F,66,Basic,One year,671.0,43390.0,1,Bank transfer,True,False,False
C15588,Pune,19,F,30,Standard,Two year,1128.0,33462.0,0,Cash,True,True,False
C16759,Hyderabad,72,F,20,Basic,Month-to-month,699.0,13798.0,2,UPI,True,False,True
C13503,Hyderabad,54,F,9,Basic,Month-to-month,665.0,5762.0,2,UPI,True,False,True
C11706,Pune,38,M,53,Premium,Two year,1152.0,60509.0,1,UPI,False,False,False
C14028,Hyderabad,21,M,55,Basic,One year,392.0,20930.0,1,Cash,False,False,False
C13998,Hyderabad,36,M,9,Standard,Month-to-month,1006.0,8618.0,0,Card,True,False,True
C16983,Pune,31,M,19,Premium,One year,1406.0,25494.0,5,UPI,False,True,True
C10237,Bengaluru,44,F,37,Basic,Month-to-month,700.0,25024.0,1,Bank transfer,True,False,False
C15376,Chennai,24,F,40,Standard,Two year,996.0,39140.0,1,UPI,True,False,False
C16028,Hyderabad,43,F,26,Premium,One year,1690.0,41876.0,2,UPI,True,True,False
C14590,Hyderabad,51,M,21,Basic,Two year,710.0,14179.0,1,Bank transfer,True,False,False
C13191,Kochi,72,F,13,Premium,Month-to-month,1347.0,17511.0,1,UPI,False,True,False
C14880,Bengaluru,48,M,65,Basic,Two year,650.0,41246.0,1,UPI,True,False,False
C13160,Chennai,54,M,39,Basic,Month-to-month,577.0,22488.0,0,Card,False,True,True
C14232,Bengaluru,46,F,10,Basic,One year,852.0,8188.0,0,UPI,True,True,False
C16705,Kochi,65,F,35,Basic,Month-to-month,399.0,13876.0,0,Cash,False,False,True
C12937,Chennai,65,F,12,Basic,Two year,683.0,8117.0,0,Card,True,False,False
C15834,Bengaluru,50,M,66,Standard,One year,701.0,44583.0,0,Card,False,False,False
C12066,Hyderabad,34,M,20,Standard,Month-to-month,1042.0,20129.0,0,Card,True,False,False
C13272,Bengaluru,54,M,43,Standard,Two year,1205.0,49297.0,1,Card,True,True,False
C13574,Pune,29,M,24,Standard,Month-to-month,663.0,15821.0,0,UPI,False,False,True
C10598,Hyderabad,74,M,26,Premium,Month-to-month,1350.0,34444.0,4,Card,False,True,True
C11125,Chennai,72,M,64,Standard,One year,1186.0,75602.0,2,UPI,True,True,False
C16253,Kochi,39,F,35,Premium,Month-to-month,1144.0,38685.0,1,Card,False,False,False
C10778,Hyderabad,18,M,37,Standard,Month-to-month,965.0,34565.0,0,Card,True,False,False
C10592,Pune,35,M,21,Premium,Month-to-month,1219.0,24841.0,2,Bank transfer,False,False,False
C16059,Kochi,33,F,10,Standard,Month-to-month,704.0,7006.0,2,Card,False,False,True
C10720,Pune,67,M,58,Standard,One year,849.0,46906.0,1,Cash,False,True,False
C11380,Hyderabad,21,M,31,Basic,Month-to-month,393.0,11906.0,0,UPI,False,False,True
C14831,Hyderabad,45,M,62,Basic,One year,622.0,37697.0,1,UPI,False,True,False
C12439,Pune,52,M,18,Premium,Two year,1360.0,23310.0,0,UPI,False,True,False
C11381,Hyderabad,72,F,36,Standard,Two year,1154.0,40177.0,0,Card,True,True,False
C16248,Chennai,44,M,18,Standard,Two year,734.0,12957.0,2,Bank transfer,False,False,False
C13753,Hyderabad,65,F,8,Standard,Month-to-month,709.0,5419.0,2,Card,False,False,False
C13345,Hyderabad,59,M,69,Basic,Two year,337.0,22570.0,1,Cash,False,False,False
C12687,Chennai,18,M,23,Premium,One year,1162.0,26254.0,1,UPI,False,False,False
C13424,Kochi,42,M,46,Standard,One year,775.0,35526.0,1,Bank transfer,False,False,False
C16990,Hyderabad,20,F,25,Standard,Month-to-month,680.0,16312.0,0,UPI,False,False,False
C16052,Pune,36,M,2,Premium,Month-to-month,1476.0,2941.0,1,UPI,True,False,False
C12718,Chennai,62,M,34,Premium,One year,1480.0,49068.0,1,Bank transfer,True,False,False
C11154,Hyderabad,33,F,58,Basic,One year,832.0,47583.0,2,Bank transfer,True,True,False
C15336,Kochi,56,M,15,Standard,Two year,1007.0,14790.0,1,Cash,True,False,False
C10742,Pune,26,F,39,Standard,Month-to-month,1140.0,43233.0,3,Cash,True,True,False
C15439,Hyderabad,58,M,27,Premium,Month-to-month,1527.0,39814.0,1,Bank transfer,True,False,False
C10663,Chennai,62,F,26,Standard,Month-to-month,1160.0,30057.0,2,Cash,True,True,True
C14082,Kochi,66,M,33,Standard,Month-to-month,1009.0,32058.0,0,Card,True,False,False
C14175,Hyderabad,62,M,36,Standard,Month-to-month,818.0,29429.0,1,Bank transfer,False,True,True
C14870,Hyderabad,63,F,45,Basic,Two year,849.0,36792.0,3,Card,True,True,True
C10436,Bengaluru,60,M,21,Basic,Two year,805.0,16754.0,3,UPI,True,True,False
C15261,Bengaluru,59,M,35,Standard,Month-to-month,1019.0,34256.0,0,UPI,True,False,False
C16500,Pune,20,M,29,Premium,Month-to-month,1527.0,43861.0,1,Card,True,False,True
C11006,Bengaluru,54,F,12,Basic,Month-to-month,696.0,8280.0,2,UPI,True,False,False
C10198,Pune,56,M,47,Basic,One year,427.0,19117.0,1,UPI,False,False,False
C14046,Pune,66,M,35,Standard,Month-to-month,752.0,26229.0,1,UPI,False,True,False
C11803,Bengaluru,65,M,33,Premium,Two year,1646.0,52798.0,2,Bank transfer,True,True,False
C15824,Pune,67,F,20,Basic,Month-to-month,361.0,7206.0,1,UPI,False,False,True
C12986,Chennai,61,F,25,Basic,Month-to-month,826.0,19984.0,2,UPI,True,True,False
C13844,Bengaluru,47,F,23,Standard,One year,764.0,17126.0,0,UPI,False,False,False
C10596,Hyderabad,31,F,62,Premium,Two year,1243.0,74873.0,1,Card,False,False,False
C10270,Pune,69,M,21,Standard,Month-to-month,844.0,17204.0,2,UPI,False,True,True
C12012,Chennai,26,F,29,Standard,Two year,1192.0,33105.0,1,Bank transfer,True,True,False
C12063,Hyderabad,34,M,30,Standard,Two year,1032.0,29834.0,0,UPI,True,False,False
C15071,Hyderabad,21,M,17,Basic,Month-to-month,577.0,9565.0,2,Card,False,True,True
C13673,Hyderabad,60,M,46,Standard,One year,706.0,31944.0,1,Card,False,False,False
C11605,Pune,70,F,1,Basic,Month-to-month,538.0,538.0,3,UPI,False,True,True
C14058,Chennai,63,M,17,Basic,Two year,369.0,6018.0,0,UPI,False,False,False
C13684,Pune,72,M,38,Standard,Month-to-month,993.0,38433.0,3,Card,True,False,False
C14569,Hyderabad,23,F,28,Premium,One year,1283.0,34210.0,3,Bank transfer,False,False,False
C12435,Chennai,42,M,11,Standard,Month-to-month,999.0,10989.0,0,Cash,True,False,False
C16399,Hyderabad,69,F,38,Basic,Month-to-month,676.0,24451.0,1,UPI,True,False,False
C13219,Pune,59,F,9,Standard,Month-to-month,1118.0,9723.0,0,UPI,True,True,False
C13882,Bengaluru,46,M,64,Basic,Two year,597.0,36345.0,0,UPI,False,True,False
C12964,Bengaluru,51,F,20,Premium,Month-to-month,1489.0,28587.0,0,UPI,True,False,False
C11448,Pune,36,M,9,Basic,Month-to-month,695.0,6034.0,0,Card,True,False,False
C11137,Kochi,22,F,61,Premium,One year,1604.0,96858.0,2,Card,True,True,False
C12951,Hyderabad,56,M,4,Standard,Month-to-month,1004.0,3998.0,2,Card,True,False,False
C14830,Hyderabad,37,M,14,Standard,Month-to-month,978.0,13207.0,3,Card,True,False,False
C13640,Chennai,48,F,14,Standard,Month-to-month,655.0,8827.0,3,Bank transfer,False,False,True
C11328,Bengaluru,45,M,23,Standard,Month-to-month,962.0,21306.0,3,UPI,True,False,True
C11676,Chennai,66,M,35,Basic,Two year,508.0,16997.0,0,Card,False,False,False
C10961,Bengaluru,65,F,63,Basic,Two year,872.0,54634.0,2,Bank transfer,True,True,False
C12380,Pune,32,F,30,Basic,Month-to-month,624.0,18102.0,3,UPI,True,False,True
C15181,Chennai,45,F,34,Standard,Month-to-month,865.0,28167.0,3,Bank transfer,False,True,True
C13629,Hyderabad,62,F,9,Basic,Two year,703.0,6327.0,1,UPI,True,False,False
C12133,Bengaluru,62,M,39,Standard,Month-to-month,1052.0,41028.0,4,Bank transfer,True,False,True
C10824,Hyderabad,42,M,28,Premium,Month-to-month,1526.0,41272.0,2,UPI,True,False,False
C15829,Bengaluru,71,F,40,Basic,One year,669.0,26588.0,2,Bank transfer,True,False,False
C11665,Hyderabad,56,F,32,Basic,Month-to-month,692.0,21133.0,0,UPI,True,False,False
C16933,Pune,74,M,38,Basic,Month-to-month,705.0,26349.0,0,UPI,True,False,False
C12604,Hyderabad,58,M,16,Basic,Month-to-month,695.0,11008.0,1,UPI,True,False,False
C13748,Chennai,54,M,38,Premium,Month-to-month,1629.0,60246.0,1,Bank transfer,True,True,False
C12478,Pune,55,F,48,Basic,One year,376.0,17472.0,0,Bank transfer,False,False,False
C13408,Hyderabad,38,M,39,Premium,Month-to-month,1456.0,55194.0,2,Bank transfer,True,False,False
C10209,Hyderabad,27,M,15,Basic,One year,711.0,10320.0,1,UPI,True,False,False
C11562,Hyderabad,45,M,23,Basic,Month-to-month,698.0,15695.0,2,Cash,True,False,True
C16396,Bengaluru,33,F,23,Standard,Month-to-month,786.0,17597.0,1,Cash,False,True,False
C15453,Hyderabad,68,F,54,Standard,One year,998.0,52011.0,0,UPI,True,False,False
C12403,Chennai,57,F,11,Standard,Month-to-month,724.0,7827.0,2,UPI,False,False,True
C11847,Bengaluru,18,F,26,Standard,Two year,676.0,17419.0,2,UPI,False,False,False
C10034,Hyderabad,57,F,32,Basic,Month-to-month,394.0,12537.0,0,Card,False,False,False
C11430,Hyderabad,70,M,12,Standard,Two year,850.0,10021.0,0,Card,False,True,False
C13030,Hyderabad,46,M,16,Standard,Month-to-month,1010.0,16160.0,2,Cash,True,False,False
C14751,Pune,72,M,20,Standard,Month-to-month,1090.0,21727.0,2,UPI,True,True,False
C13298,Chennai,39,M,29,Standard,One year,991.0,27899.0,0,Card,True,False,False
C10743,Kochi,28,F,17,Standard,One year,689.0,11381.0,1,UPI,False,False,True
C12991,Kochi,51,F,33,Standard,Month-to-month,666.0,21830.0,3,Cash,False,False,True
C16739,Hyderabad,71,F,5,Standard,Month-to-month,666.0,3239.0,0,Bank transfer,False,False,False
C11399,Chennai,25,M,17,Standard,Month-to-month,707.0,11873.0,1,UPI,False,False,False
C13323,Pune,53,F,49,Basic,Two year,839.0,39296.0,3,UPI,True,True,False
C14021,Chennai,55,F,34,Standard,One year,1151.0,38926.0,2,UPI,True,True,False
C10313,Kochi,40,M,4,Basic,Month-to-month,909.0,3596.0,3,Card,True,True,False
C15654,Pune,47,F,21,Standard,Month-to-month,710.0,14807.0,3,UPI,False,False,False
C14008,Hyderabad,50,M,11,Premium,Two year,1201.0,13210.0,2,Card,False,False,False
C10244,Bengaluru,40,F,13,Premium,Month-to-month,1657.0,21520.0,1,Card,True,True,True
C16078,Bengaluru,39,F,69,Premium,One year,1216.0,83454.0,1,UPI,False,False,False
C13165,Pune,22,F,9,Standard,Month-to-month,1078.0,9530.0,1,Bank transfer,True,False,False
C12206,Bengaluru,56,M,2,Standard,Month-to-month,919.0,1816.0,1,UPI,True,False,True
C16151,Hyderabad,43,F,25,Premium,Month-to-month,1415.0,33779.0,0,Cash,False,True,False
C11420,Chennai,71,M,21,Basic,Month-to-month,647.0,13422.0,0,UPI,True,False,False
C10278,Hyderabad,55,F,47,Standard,Two year,702.0,32983.0,1,Card,False,False,False
C11452,Kochi,47,M,49,Standard,One year,1141.0,54517.0,3,Bank transfer,True,True,False
C11656,Pune,63,M,38,Basic,Two year,387.0,14159.0,3,UPI,False,False,False
C15346,Hyderabad,42,M,65,Standard,One year,714.0,44241.0,0,UPI,False,False,False
C13534,Hyderabad,18,F,5,Premium,Month-to-month,1206.0,6030.0,2,Card,False,False,True
C10119,Chennai,45,M,10,Basic,Month-to-month,829.0,8159.0,2,Bank transfer,True,True,False
C11268,Kochi,61,F,22,Standard,Month-to-month,812.0,17074.0,1,Bank transfer,False,True,False
C16812,Hyderabad,66,F,14,Standard,Month-to-month,1041.0,14339.0,0,Card,True,False,True
C12076,Hyderabad,24,M,39,Premium,Month-to-month,1586.0,59552.0,0,Cash,True,True,False
C14726,Pune,46,F,9,Standard,Two year,992.0,8605.0,0,Card,True,False,False
C10989,Bengaluru,30,F,28,Basic,Month-to-month,735.0,20061.0,0,UPI,True,True,False
C16891,Chennai,27,F,42,Premium,One year,1236.0,51814.0,0,UPI,False,False,False
C12821,Hyderabad,68,M,13,Basic,Month-to-month,404.0,4999.0,1,Card,False,False,False
C13973,Bengaluru,25,M,40,Standard,Two year,1013.0,40192.0,0,Cash,True,False,False
C16561,Bengaluru,52,M,4,Standard,Month-to-month,836.0,3301.0,1,Card,False,True,True
C15624,Bengaluru,61,F,19,Premium,One year,1385.0,25270.0,0,Bank transfer,True,False,False
C11061,Chennai,52,M,48,Standard,One year,684.0,32115.0,3,UPI,False,False,False
C16778,Bengaluru,54,F,22,Standard,Month-to-month,888.0,19536.0,1,Bank transfer,False,True,True
C13308,Hyderabad,39,F,15,Standard,Two year,663.0,9945.0,2,UPI,False,False,False
C10131,Chennai,53,M,68,Basic,Two year,799.0,52866.0,1,Bank transfer,True,True,False
C14951,Pune,26,M,30,Basic,Month-to-month,667.0,19014.0,3,UPI,True,False,True
C12887,Kochi,60,F,24,Basic,Two year,674.0,15728.0,2,Cash,True,False,False
C13126,Chennai,27,F,31,Standard,Month-to-month,689.0,21229.0,2,Cash,False,False,True
C14205,Bengaluru,38,M,33,Basic,Month-to-month,882.0,27983.0,2,UPI,True,True,False
C14529,Pune,63,M,22,Standard,Month-to-month,839.0,17984.0,3,Bank transfer,False,True,False
C10570,Hyderabad,19,F,61,Basic,Two year,377.0,22855.0,1,Card,False,False,False
C15365,Chennai,51,M,66,Premium,Two year,1569.0,103334.0,2,UPI,True,False,False
C16471,Chennai,39,F,48,Standard,One year,969.0,45062.0,5,UPI,True,False,False
C13227,Chennai,19,M,50,Premium,One year,1142.0,54753.0,0,Cash,False,False,False
C11902,Kochi,42,F,53,Premium,Two year,1508.0,78620.0,0,Card,True,False,False
C10883,Bengaluru,23,F,30,Standard,Month-to-month,1004.0,28743.0,2,Card,True,False,False
C13175,Hyderabad,72,M,33,Basic,One year,516.0,16884.0,2,Cash,False,True,False
C14377,Chennai,28,F,19,Basic,Month-to-month,466.0,8854.0,1,UPI,False,False,False
C16051,Hyderabad,24,F,6,Basic,Month-to-month,682.0,3938.0,2,Bank transfer,True,False,False
C16168,Chennai,57,F,39,Premium,Two year,1662.0,62176.0,5,Card,True,True,False
C13679,Hyderabad,36,M,35,Standard,Month-to-month,729.0,25470.0,2,UPI,False,False,False
C10892,Bengaluru,49,F,37,Basic,Month-to-month,524.0,19203.0,1,UPI,False,True,True
C10815,Kochi,63,M,15,Standard,Month-to-month,962.0,13805.0,0,UPI,True,False,False
C15036,Bengaluru,55,M,65,Standard,One year,868.0,53812.0,0,UPI,False,True,False
C14120,Pune,67,F,23,Basic,Two year,698.0,15588.0,0,UPI,True,False,False
C10280,Kochi,42,M,14,Premium,Month-to-month,1695.0,22781.0,1,UPI,True,True,False
C16182,Bengaluru,31,F,56,Standard,One year,671.0,35946.0,0,Bank transfer,False,False,False
C16214,Hyderabad,18,F,9,Basic,Month-to-month,681.0,5914.0,3,Bank transfer,True,False,True
C12452,Hyderabad,49,F,68,Basic,One year,390.0,25629.0,2,UPI,False,False,False
C10166,Hyderabad,58,F,70,Standard,One year,1015.0,69567.0,1,Bank transfer,True,False,False
C13407,Hyderabad,25,M,21,Premium,Month-to-month,1326.0,26843.0,0,Card,False,True,True
C16300,Pune,63,M,41,Standard,Two year,849.0,33865.0,2,Card,False,True,False
C16461,Bengaluru,34,M,14,Premium,One year,1242.0,17332.0,1,Bank transfer,False,False,False
C11734,Hyderabad,52,M,26,Basic,Month-to-month,870.0,21709.0,0,Card,True,True,False
C12512,Hyderabad,28,F,18,Basic,Month-to-month,736.0,13202.0,1,Card,True,False,False
C14566,Bengaluru,57,F,17,Premium,Two year,1542.0,25303.0,0,Card,True,False,False
C15752,Hyderabad,30,M,25,Basic,Month-to-month,340.0,8297.0,1,UPI,False,False,True
C12853,Pune,52,M,55,Basic,One year,739.0,40125.0,2,UPI,True,False,False
C16962,Pune,29,F,15,Basic,Month-to-month,768.0,11501.0,1,Card,True,False,True
C14619,Bengaluru,33,F,70,Premium,One year,1489.0,101269.0,1,Bank transfer,True,False,False
C10454,Bengaluru,35,F,32,Basic,Month-to-month,416.0,12991.0,0,Card,False,False,False
C14805,Pune,68,M,19,Basic,Month-to-month,697.0,13187.0,1,Cash,True,False,False
C13580,Bengaluru,31,M,11,Basic,Month-to-month,439.0,4606.0,2,Card,False,False,False
C16384,Chennai,45,M,14,Standard,Month-to-month,1001.0,13898.0,0,Cash,True,False,False
C10645,Pune,60,M,30,Basic,Month-to-month,670.0,19519.0,2,UPI,True,False,True
C13813,Pune,68,F,18,Basic,Month-to-month,423.0,7539.0,2,UPI,False,False,True
C15745,Chennai,56,M,4,Premium,Month-to-month,1681.0,6447.0,2,Card,True,True,False
C10018,Hyderabad,38,F,2,Premium,Month-to-month,1720.0,3281.0,0,Card,True,True,True
C15165,Hyderabad,55,F,19,Basic,Two year,877.0,16383.0,1,UPI,True,True,False
C13892,Chennai,58,M,52,Standard,One year,673.0,33726.0,0,Card,False,False,False
C15888,Hyderabad,55,F,21,Standard,Month-to-month,731.0,14636.0,0,UPI,False,False,False
C15764,Bengaluru,40,M,3,Standard,Month-to-month,990.0,2965.0,1,Card,True,False,False
C13307,Bengaluru,22,M,38,Standard,Month-to-month,714.0,26635.0,2,UPI,False,False,False
C12007,Bengaluru,63,F,38,Basic,Two year,622.0,23408.0,1,Card,True,False,False
C15599,Hyderabad,71,M,18,Premium,Month-to-month,1401.0,24275.0,0,Card,False,True,False
C16947,Chennai,59,F,8,Basic,Month-to-month,663.0,5087.0,0,Bank transfer,True,False,False
C10935,Pune,71,M,8,Basic,One year,531.0,4198.0,1,UPI,False,True,False
C16668,Hyderabad,61,M,10,Standard,Month-to-month,1105.0,10937.0,0,Cash,True,True,False
C16217,Chennai,69,F,13,Standard,Two year,709.0,9211.0,0,UPI,False,False,False
C14627,Chennai,37,F,11,Standard,Month-to-month,951.0,10449.0,4,Cash,True,False,False
C16988,Chennai,60,F,35,Standard,Two year,1126.0,38368.0,0,Card,True,True,False
C10101,Chennai,49,F,23,Standard,Two year,1037.0,23433.0,1,Card,True,False,False
C15060,Hyderabad,26,M,4,Premium,Month-to-month,1142.0,4384.0,1,Cash,False,False,True
C10140,Kochi,32,M,9,Basic,Two year,512.0,4404.0,1,Card,False,True,False
C13523,Chennai,50,F,22,Basic,Month-to-month,729.0,15655.0,2,Card,True,False,True
C14743,Bengaluru,59,F,22,Standard,Month-to-month,1026.0,22303.0,0,Cash,True,False,True
C16017,Pune,20,F,32,Premium,Month-to-month,1494.0,47767.0,3,Card,True,False,True
C13167,Bengaluru,53,F,36,Standard,Month-to-month,973.0,33959.0,1,UPI,True,False,False
C12342,Hyderabad,66,M,4,Basic,Month-to-month,682.0,2628.0,3,Cash,True,False,True
C11507,Bengaluru,31,F,39,Premium,Month-to-month,1513.0,58530.0,0,UPI,True,False,False
C15357,Bengaluru,64,F,5,Premium,Month-to-month,1251.0,6203.0,1,Bank transfer,False,False,True
C12404,Hyderabad,43,M,57,Standard,Two year,1014.0,57103.0,2,Bank transfer,True,False,False
C13773,Chennai,36,F,37,Basic,Month-to-month,577.0,20832.0,2,Card,True,False,False
C15342,Hyderabad,40,F,28,Standard,Month-to-month,1023.0,28043.0,0,Bank transfer,True,True,False
C10781,Pune,37,F,6,Standard,Two year,909.0,5258.0,0,UPI,False,True,False
C10294,Chennai,44,M,61,Premium,Two year,1584.0,95690.0,1,UPI,True,True,False
C12042,Hyderabad,53,F,38,Basic,Month-to-month,729.0,27634.0,3,Card,True,False,False
C15702,Hyderabad,42,F,8,Standard,Month-to-month,784.0,6198.0,2,UPI,False,True,True
C10658,Kochi,24,F,36,Premium,One year,1485.0,51567.0,1,UPI,True,False,False
C10873,Pune,29,M,34,Standard,Month-to-month,688.0,22694.0,2,UPI,False,False,True
C14351,Bengaluru,45,F,21,Basic,Month-to-month,684.0,13866.0,1,UPI,True,False,False
C11722,Hyderabad,31,F,50,Basic,One year,652.0,31796.0,0,UPI,True,False,False
C16205,Kochi,33,F,20,Basic,Month-to-month,599.0,11516.0,1,Card,True,False,False
C12233,Pune,44,M,21,Premium,One year,1484.0,29925.0,1,Card,True,False,False
C11970,Hyderabad,59,M,22,Premium,Two year,1531.0,33080.0,0,Card,True,False,False
C12703,Chennai,35,F,22,Standard,Month-to-month,1044.0,22412.0,0,Card,True,False,False
C16026,Kochi,54,F,10,Premium,One year,1218.0,11751.0,4,UPI,False,False,True
C10457,Bengaluru,19,F,45,Standard,One year,1163.0,50921.0,0,UPI,True,True,False
C16736,Chennai,21,F,30,Standard,Month-to-month,667.0,19938.0,1,UPI,False,False,False
C11885,Bengaluru,32,F,16,Basic,Two year,565.0,8964.0,1,Cash,False,True,False
C10466,Bengaluru,54,M,52,Premium,One year,1354.0,70408.0,0,UPI,False,True,False
C11071,Hyderabad,47,M,51,Standard,One year,784.0,38002.0,3,Card,False,False,False
C13946,Kochi,60,M,29,Premium,Month-to-month,1337.0,36953.0,1,Card,False,True,False
C14038,Kochi,69,M,19,Standard,Month-to-month,641.0,11709.0,0,Card,False,False,False
C13909,Chennai,58,M,5,Basic,Month-to-month,807.0,3946.0,1,Card,True,True,True
C10319,Bengaluru,51,M,24,Standard,Month-to-month,1042.0,24037.0,0,Bank transfer,True,False,True
C10339,Hyderabad,41,F,71,Basic,Two year,525.0,37228.0,1,Card,False,True,False
C15223,Bengaluru,32,F,25,Premium,Month-to-month,1256.0,30273.0,0,UPI,False,False,True
C13809,Hyderabad,73,F,32,Basic,Month-to-month,386.0,11969.0,0,Bank transfer,False,False,True
C14314,Chennai,27,M,7,Standard,Month-to-month,1213.0,8264.0,0,Bank transfer,True,True,False
C16148,Bengaluru,51,M,39,Basic,Two year,344.0,12872.0,0,UPI,False,False,False
C13319,Chennai,32,M,1,Basic,Month-to-month,396.0,396.0,1,Cash,False,False,True
C13681,Chennai,34,F,6,Standard,Month-to-month,1103.0,6392.0,3,Card,True,False,False
C14574,Hyderabad,36,M,3,Basic,Month-to-month,903.0,2675.0,1,Card,True,True,False
C11916,Chennai,41,M,34,Standard,Month-to-month,643.0,21213.0,0,UPI,False,False,False
C16993,Chennai,58,F,30,Premium,Two year,1593.0,47524.0,3,UPI,True,True,False
C10502,Bengaluru,29,M,71,Basic,Two year,855.0,60304.0,3,Card,True,True,False
C14711,Pune,41,F,16,Premium,Two year,1251.0,19169.0,1,Card,False,False,False
C12114,Chennai,51,M,1,Basic,Month-to-month,692.0,662.0,2,UPI,True,False,False
C15384,Bengaluru,66,M,4,Basic,Month-to-month,416.0,1587.0,4,UPI,False,False,True
C16303,Bengaluru,65,F,23,Premium,Month-to-month,1388.0,31575.0,1,Bank transfer,False,True,False
C12846,Chennai,50,M,67,Basic,One year,637.0,41267.0,1,UPI,True,False,False
C16191,Hyderabad,69,F,11,Standard,Month-to-month,1172.0,12865.0,1,Card,True,True,False
C11461,Chennai,51,F,39,Premium,Month-to-month,1432.0,54244.0,3,UPI,True,False,True
C15172,Hyderabad,47,F,7,Premium,Month-to-month,1338.0,9131.0,0,Cash,False,True,True
C15097,Kochi,39,M,64,Premium,One year,1234.0,76433.0,2,UPI,False,False,False
C12962,Bengaluru,38,F,16,Standard,Two year,1054.0,16215.0,1,Card,True,True,False
C16439,Hyderabad,42,F,16,Basic,Month-to-month,317.0,4889.0,2,UPI,False,False,True
C12464,Bengaluru,41,F,67,Premium,Two year,1657.0,109365.0,1,Card,True,True,False
C10575,Chennai,25,F,27,Standard,One year,896.0,23541.0,1,Bank transfer,False,True,False
C16727,Kochi,25,F,3,Basic,Month-to-month,786.0,2296.0,1,Bank transfer,True,False,False
C10434,Hyderabad,73,M,63,Basic,One year,903.0,54209.0,0,Bank transfer,True,True,False
C11680,Chennai,71,F,12,Basic,Month-to-month,646.0,7373.0,0,Cash,True,False,True
C16281,Bengaluru,27,M,12,Basic,Month-to-month,659.0,7801.0,0,UPI,True,False,False
C13509,Hyderabad,67,M,6,Premium,Month-to-month,1206.0,6942.0,2,UPI,False,False,False
C12872,Hyderabad,49,F,5,Basic,Month-to-month,401.0,1922.0,1,UPI,False,False,True
C11269,Chennai,32,M,59,Premium,One year,1645.0,93606.0,0,Card,True,True,False
C15500,Hyderabad,74,F,34,Premium,Month-to-month,1566.0,50982.0,0,Cash,True,False,True
C13941,Kochi,26,F,22,Standard,One year,1017.0,21887.0,3,UPI,True,False,False
C15760,Kochi,21,M,8,Basic,Month-to-month,713.0,5704.0,1,Cash,True,False,True
C12378,Bengaluru,60,M,36,Standard,Month-to-month,686.0,24378.0,1,Card,False,False,False
C12626,Pune,40,M,15,Premium,Two year,1563.0,22418.0,0,Bank transfer,True,False,False
C10804,Hyderabad,27,M,25,Standard,Month-to-month,1024.0,25487.0,0,UPI,True,False,False
C11275,Bengaluru,70,M,10,Basic,Month-to-month,895.0,8527.0,0,UPI,True,True,False
C10335,Pune,47,F,12,Standard,Month-to-month,1149.0,13272.0,0,Card,True,True,True
C15038,Pune,29,F,44,Premium,Two year,1554.0,67488.0,1,Card,True,False,True
C13972,Hyderabad,37,F,6,Standard,Month-to-month,668.0,3977.0,0,Card,False,False,True
C16607,Hyderabad,43,F,25,Standard,Two year,687.0,16711.0,2,UPI,False,False,True
C13938,Bengaluru,55,M,21,Basic,Month-to-month,447.0,9098.0,2,Card,False,False,True
C11559,Hyderabad,73,F,3,Basic,Month-to-month,738.0,2170.0,0,UPI,True,False,False
C10603,Bengaluru,50,M,71,Standard,One year,1014.0,69557.0,2,Cash,True,False,False
C15464,Pune,35,F,26,Basic,Month-to-month,457.0,11653.0,1,UPI,False,False,False
C11954,Hyderabad,49,M,13,Basic,Month-to-month,709.0,8961.0,0,UPI,True,False,True
C10684,Hyderabad,69,F,13,Basic,Month-to-month,871.0,11043.0,1,Card,True,True,False
C10546,Hyderabad,52,F,41,Premium,Two year,1356.0,53188.0,2,UPI,False,True,False
C15586,Pune,30,F,53,Premium,Two year,1205.0,62107.0,1,UPI,False,False,False
C13575,Bengaluru,51,M,23,Premium,Two year,1278.0,28566.0,1,Card,False,False,False
C11597,Bengaluru,72,F,15,Premium,One year,1633.0,24274.0,2,UPI,True,True,False
C10324,Pune,19,M,3,Basic,Month-to-month,556.0,1668.0,1,Cash,False,True,True
C11026,Chennai,27,F,9,Basic,Month-to-month,455.0,3945.0,0,Card,False,False,False
C16099,Hyderabad,36,F,5,Basic,Month-to-month,429.0,2069.0,2,Bank transfer,False,False,True
C10770,Kochi,74,M,28,Standard,Month-to-month,1062.0,28647.0,1,UPI,True,False,False
C16614,Chennai,25,F,34,Basic,One year,589.0,19096.0,1,Bank transfer,False,True,False
C14362,Hyderabad,52,M,47,Premium,One year,1415.0,64170.0,0,UPI,True,False,False
C11004,Hyderabad,23,F,22,Standard,Month-to-month,929.0,18686.0,0,Card,True,False,False
C10914,Hyderabad,69,M,6,Standard,Month-to-month,1024.0,6020.0,2,Card,True,False,False
C12866,Pune,33,M,28,Standard,Month-to-month,1056.0,29524.0,2,Cash,True,False,True
C12399,Pune,64,F,15,Basic,Two year,437.0,6324.0,1,UPI,False,False,False
C14667,Kochi,66,F,13,Basic,Two year,739.0,9243.0,1,UPI,True,False,False
C12906,Kochi,64,M,18,Basic,Month-to-month,694.0,12184.0,2,UPI,True,False,True
C12037,Hyderabad,49,F,59,Standard,Two year,941.0,54648.0,1,Cash,True,False,False
C15683,Bengaluru,27,F,65,Standard,Two year,934.0,60200.0,0,Bank transfer,True,False,False
C10563,Bengaluru,62,F,35,Basic,Month-to-month,680.0,23357.0,1,Card,True,False,False
C10786,Hyderabad,42,F,17,Basic,Month-to-month,398.0,6570.0,0,Cash,False,False,False
C12780,Hyderabad,53,F,1,Standard,Month-to-month,1014.0,968.0,2,Card,True,False,False
C13414,Pune,28,F,28,Basic,One year,867.0,24016.0,1,UPI,True,True,False
C11025,Bengaluru,35,M,23,Standard,Two year,980.0,22280.0,1,Cash,True,False,False
C12071,Bengaluru,63,M,60,Basic,Two year,365.0,21395.0,1,UPI,False,False,False
C13908,Kochi,44,F,22,Basic,Month-to-month,693.0,15189.0,0,UPI,True,False,False
C13118,Hyderabad,58,M,45,Standard,Two year,972.0,41649.0,1,Card,True,False,False
C15110,Bengaluru,26,F,14,Basic,Month-to-month,434.0,5872.0,1,UPI,False,False,True
C10868,Pune,41,M,31,Standard,Month-to-month,941.0,28563.0,2,Card,True,False,True
C16505,Chennai,64,M,8,Standard,Month-to-month,667.0,5336.0,1,Cash,False,False,False
C13823,Kochi,59,F,7,Standard,Month-to-month,1010.0,6862.0,0,UPI,True,False,False
C16846,Hyderabad,19,M,21,Premium,Month-to-month,1662.0,34129.0,0,UPI,True,True,False
C16277,Kochi,51,M,33,Standard,Month-to-month,887.0,28137.0,0,UPI,False,True,False
C14347,Chennai,58,F,9,Premium,Two year,1683.0,14651.0,2,Bank transfer,True,True,False
C11247,Pune,39,M,24,Basic,Month-to-month,788.0,18116.0,1,Cash,True,True,False
C15753,Bengaluru,19,F,47,Basic,One year,383.0,17720.0,3,Cash,False,False,False
C13595,Hyderabad,43,F,51,Basic,Two year,606.0,29461.0,2,Cash,False,True,False
C14541,Bengaluru,54,M,59,Standard,Two year,627.0,36338.0,0,UPI,False,False,False
C10697,Kochi,69,M,49,Basic,One year,884.0,42808.0,2,Bank transfer,True,True,False
C10636,Kochi,41,M,17,Premium,One year,1476.0,24443.0,1,UPI,True,False,False
C14248,Kochi,64,M,28,Premium,Month-to-month,1506.0,42057.0,0,Card,True,False,False
C11933,Pune,47,M,52,Basic,Two year,702.0,35339.0,2,UPI,True,False,False
C14251,Kochi,72,M,21,Premium,Month-to-month,1244.0,25919.0,2,Bank transfer,False,False,False
C12417,Hyderabad,73,F,32,Basic,Two year,835.0,25941.0,2,Card,True,True,False
C14411,Pune,49,F,16,Basic,One year,485.0,7684.0,2,Card,False,False,False
C14963,Bengaluru,35,F,30,Standard,Month-to-month,852.0,24686.0,0,UPI,False,True,False
C14225,Chennai,18,F,49,Premium,One year,1322.0,63527.0,1,UPI,False,True,False
C11087,Bengaluru,52,M,23,Standard,Month-to-month,693.0,15283.0,0,UPI,False,False,True
C13815,Pune,24,F,22,Standard,Month-to-month,1151.0,25160.0,1,Card,True,True,True
C13289,Hyderabad,67,M,52,Standard,Two year,1187.0,61626.0,0,UPI,True,True,False
C14682,Hyderabad,69,F,18,Basic,Month-to-month,631.0,11163.0,0,Card,True,False,False
C15102,Bengaluru,54,M,7,Basic,Month-to-month,865.0,5761.0,2,Card,True,True,False
C13047,Hyderabad,71,F,15,Premium,Month-to-month,1197.0,17228.0,2,Bank transfer,False,False,False
C13870,Bengaluru,23,F,56,Standard,One year,1100.0,60289.0,1,UPI,True,True,False
C15356,Hyderabad,23,F,15,Premium,One year,1496.0,21792.0,0,UPI,True,False,False
C14825,Chennai,20,M,2,Basic,Month-to-month,465.0,894.0,0,Bank transfer,False,False,True
C15447,Chennai,18,M,29,Standard,Month-to-month,678.0,18901.0,0,UPI,False,False,False
C16229,Kochi,70,F,23,Standard,One year,659.0,14464.0,1,Bank transfer,False,False,False
C10974,Pune,69,F,6,Basic,Month-to-month,832.0,4746.0,1,Cash,True,True,False
C15156,Hyderabad,57,M,8,Premium,One year,1500.0,11931.0,3,UPI,True,False,False
C11283,Pune,44,F,31,Basic,Month-to-month,438.0,13109.0,3,Card,False,False,True
C16640,Bengaluru,74,F,33,Basic,Month-to-month,708.0,22223.0,1,Card,True,False,False
C15179,Bengaluru,70,F,16,Standard,Two year,971.0,14810.0,3,UPI,True,False,False
C13339,Chennai,69,F,30,Premium,Month-to-month,1533.0,45990.0,1,Card,True,False,False
C16715,Pune,24,M,3,Standard,Month-to-month,853.0,2474.0,1,Bank transfer,False,True,False
C12963,Pune,55,M,34,Standard,One year,835.0,28070.0,2,UPI,False,True,False
C11815,Hyderabad,21,M,25,Basic,Month-to-month,378.0,9294.0,0,Bank transfer,False,False,False
C10122,Bengaluru,53,M,17,Premium,One year,1483.0,24648.0,0,Bank transfer,True,False,False
C13364,Chennai,53,M,12,Standard,One year,839.0,9568.0,1,UPI,False,True,False
C11536,Hyderabad,74,F,18,Standard,Two year,878.0,15733.0,0,Bank transfer,False,True,False
C12584,Hyderabad,18,M,25,Standard,Two year,949.0,23384.0,1,Card,True,False,False
C14794,Pune,31,F,8,Basic,One year,752.0,5731.0,2,Cash,True,False,False
C11555,Chennai,47,M,8,Basic,Month-to-month,540.0,4174.0,1,Card,False,True,False
C14132,Chennai,49,F,67,Premium,Two year,1223.0,78593.0,0,UPI,False,False,False
C12377,Bengaluru,36,F,33,Standard,Month-to-month,1170.0,37356.0,1,Card,True,True,False
C16524,Pune,36,M,48,Basic,Two year,730.0,34783.0,0,UPI,True,False,False
C14854,Chennai,27,F,29,Standard,Month-to-month,953.0,27489.0,0,Card,True,False,False
C12009,Chennai,32,M,55,Basic,Two year,810.0,42867.0,1,UPI,True,True,False
C16397,Kochi,18,F,26,Premium,One year,1661.0,43172.0,3,Card,True,True,False
C13373,Kochi,66,M,5,Premium,Month-to-month,1648.0,8120.0,0,Card,True,True,False
C13981,Hyderabad,24,M,7,Standard,Month-to-month,1051.0,7170.0,1,UPI,True,False,False
C14949,Hyderabad,33,M,13,Basic,Month-to-month,840.0,10920.0,2,Card,True,True,False
C10452,Kochi,64,F,60,Basic,Two year,437.0,25224.0,1,UPI,False,False,False
C10441,Bengaluru,47,M,60,Premium,Two year,1178.0,70110.0,0,UPI,False,False,False
C10614,Bengaluru,66,F,19,Basic,One year,720.0,13553.0,0,UPI,True,False,False
C16663,Pune,19,M,25,Basic,One year,427.0,10369.0,2,Card,False,False,False
C16175,Kochi,29,F,3,Basic,Month-to-month,315.0,899.0,6,Card,False,False,True
C13049,Hyderabad,36,M,62,Basic,One year,505.0,30218.0,1,Bank transfer,False,True,False
C16984,Pune,68,F,2,Premium,Month-to-month,1343.0,2608.0,4,Card,False,True,True
C10428,Pune,65,F,21,Standard,One year,998.0,20131.0,0,Cash,True,False,False
C10551,Hyderabad,36,F,22,Basic,Month-to-month,702.0,14676.0,1,UPI,True,False,False
C12173,Hyderabad,19,M,7,Standard,Month-to-month,880.0,6107.0,3,Bank transfer,False,True,True
C15779,Chennai,24,F,10,Standard,Month-to-month,1153.0,11456.0,1,UPI,True,True,True
C15251,Hyderabad,23,M,59,Standard,Two year,1140.0,65551.0,3,UPI,True,True,False
C10310,Bengaluru,73,M,17,Standard,One year,1000.0,16613.0,3,UPI,True,False,False
C14061,Pune,40,F,29,Basic,One year,735.0,20548.0,1,UPI,True,False,False
C15412,Pune,65,F,19,Standard,One year,1018.0,18749.0,1,Cash,True,False,False
C11179,Hyderabad,48,F,50,Basic,Two year,898.0,44415.0,1,UPI,True,True,False
C11949,Pune,70,M,13,Standard,One year,811.0,10543.0,2,UPI,False,True,False
C15048,Bengaluru,60,F,18,Basic,Month-to-month,873.0,15468.0,4,Cash,True,True,True
C14206,Pune,62,M,67,Basic,Two year,658.0,42538.0,2,Bank transfer,True,False,False
C14135,Bengaluru,29,M,48,Premium,One year,1259.0,58321.0,0,Card,False,True,False
C14701,Hyderabad,48,M,62,Premium,Two year,1392.0,85788.0,1,Card,False,True,False
C13343,Hyderabad,51,M,36,Basic,One year,685.0,23727.0,0,UPI,True,False,False
C14717,Chennai,73,M,12,Standard,Month-to-month,1057.0,12562.0,1,Cash,True,False,True
C16334,Bengaluru,50,F,51,Basic,Two year,779.0,39551.0,0,UPI,True,True,False
C13431,Kochi,63,M,53,Standard,Two year,1020.0,53880.0,0,Cash,True,False,False
C13519,Chennai,66,F,16,Standard,Month-to-month,1130.0,17389.0,1,Cash,True,True,True
C15274,Hyderabad,58,M,7,Premium,Month-to-month,1086.0,7538.0,0,UPI,False,False,True
C11267,Pune,41,F,24,Basic,Month-to-month,688.0,15698.0,0,Card,True,False,False
C11459,Pune,45,F,18,Standard,One year,1034.0,17737.0,0,Cash,True,False,False
C10964,Chennai,46,F,36,Standard,One year,710.0,25310.0,1,UPI,False,False,False
C10362,Pune,61,F,19,Premium,One year,1523.0,28138.0,1,UPI,True,False,False
C16588,Chennai,55,M,55,Premium,Two year,1584.0,83626.0,1,Bank transfer,True,True,False
C16433,Kochi,55,F,25,Standard,Month-to-month,998.0,24787.0,2,Bank transfer,True,False,False
C14364,Bengaluru,18,M,1,Standard,Month-to-month,732.0,728.0,1,UPI,False,False,True
C10343,Chennai,62,F,13,Basic,One year,669.0,8641.0,2,UPI,True,False,True
C12759,Bengaluru,28,M,10,Basic,One year,437.0,4195.0,3,Card,False,False,False
C11704,Bengaluru,68,M,28,Standard,Month-to-month,615.0,17171.0,2,Card,False,False,True
C15215,Hyderabad,44,M,39,Basic,Two year,528.0,20121.0,0,Card,False,True,False
C16699,Hyderabad,63,M,41,Standard,One year,649.0,25968.0,2,UPI,False,False,False
C15861,Chennai,73,F,3,Standard,Month-to-month,1108.0,3240.0,3,UPI,True,True,True
C15908,Bengaluru,27,F,20,Basic,One year,747.0,14358.0,2,UPI,True,False,False
C16210,Pune,20,M,58,Basic,One year,690.0,38272.0,1,UPI,True,False,False
C14727,Hyderabad,43,M,18,Standard,Month-to-month,1002.0,17347.0,3,Cash,True,False,False
C12490,Pune,64,M,63,Basic,Two year,702.0,42148.0,2,Cash,True,False,False
C11284,Kochi,34,F,13,Standard,One year,1005.0,13004.0,1,UPI,True,False,False
C11048,Chennai,59,F,50,Standard,One year,1034.0,49184.0,0,Cash,True,False,False
C13522,Kochi,61,M,25,Standard,Month-to-month,943.0,22971.0,1,UPI,True,False,False
C11072,Hyderabad,71,F,34,Premium,Month-to-month,1483.0,50314.0,4,Card,True,False,True
C10960,Chennai,59,M,15,Standard,Two year,1154.0,16799.0,1,Bank transfer,True,True,False
C14139,Pune,20,F,34,Basic,Month-to-month,476.0,15621.0,2,Card,False,False,True
C13625,Bengaluru,39,F,20,Basic,Month-to-month,400.0,7828.0,4,UPI,False,False,False
C10326,Pune,42,F,26,Standard,Month-to-month,981.0,24445.0,1,Card,True,False,False
C10973,Hyderabad,61,F,34,Premium,Month-to-month,1498.0,49820.0,2,Cash,True,False,True
C10860,Hyderabad,43,F,40,Premium,One year,1480.0,58505.0,1,Cash,True,False,False
C10884,Pune,69,F,34,Basic,One year,634.0,21073.0,0,Card,True,False,False
C11066,Bengaluru,37,M,31,Basic,Month-to-month,527.0,15829.0,3,UPI,False,True,False
C16066,Pune,28,M,27,Standard,Month-to-month,933.0,24472.0,1,UPI,True,False,False
C13969,Kochi,34,F,5,Basic,Month-to-month,808.0,3990.0,3,Cash,True,True,True
C11971,Bengaluru,30,F,31,Basic,Month-to-month,721.0,22080.0,1,Card,True,False,False
C11748,Bengaluru,41,M,26,Premium,Month-to-month,1179.0,30391.0,1,Card,False,False,True
C16714,Chennai,47,F,4,Premium,Month-to-month,1311.0,5167.0,0,UPI,False,True,True
C11250,Kochi,39,M,32,Standard,Month-to-month,705.0,22197.0,1,Card,False,False,False
C11392,Hyderabad,69,F,8,Premium,One year,1527.0,11869.0,0,UPI,True,False,False
C14423,Chennai,23,M,37,Basic,Month-to-month,361.0,13324.0,2,Card,False,False,False
C15548,Bengaluru,38,M,10,Basic,One year,728.0,7111.0,0,UPI,True,False,False
C14009,Chennai,37,M,13,Premium,Month-to-month,1200.0,15073.0,1,Card,False,False,False
C16290,Pune,29,M,52,Standard,One year,681.0,35412.0,4,UPI,False,False,False
C11552,Chennai,40,F,1,Standard,Month-to-month,1001.0,979.0,3,UPI,True,False,True
C14026,Bengaluru,51,F,60,Standard,Two year,1037.0,62220.0,0,UPI,True,False,False
C10422,Pune,57,F,26,Standard,Month-to-month,963.0,24331.0,1,Card,True,False,False
C12843,Hyderabad,52,M,30,Basic,Month-to-month,533.0,15705.0,5,Bank transfer,False,True,False
C13687,Hyderabad,73,F,39,Basic,Month-to-month,425.0,16539.0,1,UPI,False,False,False
C13615,Pune,60,F,3,Standard,Month-to-month,1026.0,2934.0,0,Bank transfer,True,False,False
C15019,Hyderabad,27,F,13,Premium,Month-to-month,1491.0,18987.0,1,Card,True,False,False
C10370,Bengaluru,45,M,22,Premium,Two year,1194.0,25073.0,2,Card,False,False,False
C15831,Pune,27,M,38,Basic,Two year,398.0,14985.0,0,UPI,False,False,False
C12433,Hyderabad,54,F,21,Standard,One year,995.0,20199.0,1,UPI,True,False,False
C15319,Kochi,69,M,24,Premium,Two year,1507.0,35714.0,0,UPI,True,False,False
C12000,Hyderabad,51,F,15,Basic,One year,708.0,10175.0,2,UPI,True,False,True
C13381,Hyderabad,33,F,10,Premium,One year,1493.0,14851.0,4,UPI,True,False,False
C16032,Bengaluru,44,M,16,Basic,Two year,398.0,6175.0,3,Bank transfer,False,False,False
C15535,Hyderabad,59,F,60,Premium,One year,1547.0,89582.0,0,UPI,True,False,False
C10316,Bengaluru,74,M,38,Basic,One year,389.0,14643.0,0,Bank transfer,False,False,False
C13579,Bengaluru,74,F,35,Basic,Month-to-month,743.0,25905.0,2,UPI,True,False,False
C14719,Kochi,50,F,5,Basic,Month-to-month,748.0,3709.0,1,Bank transfer,True,False,False
C12001,Bengaluru,56,F,5,Basic,Month-to-month,395.0,1915.0,1,Card,False,False,False
C10920,Chennai,52,F,12,Basic,Month-to-month,352.0,4054.0,2,UPI,False,False,True
C15080,Bengaluru,49,M,17,Basic,Two year,643.0,10551.0,0,Bank transfer,True,False,False
C15025,Hyderabad,22,F,65,Basic,One year,275.0,17293.0,0,Card,False,False,False
C15040,Chennai,35,F,25,Basic,Month-to-month,701.0,16741.0,1,Cash,True,False,False
C11868,Bengaluru,42,F,36,Standard,Month-to-month,1038.0,37028.0,3,Cash,True,False,False
C15332,Hyderabad,64,F,34,Basic,Month-to-month,371.0,12238.0,2,Cash,False,False,False
C10674,Chennai,40,M,28,Basic,Two year,423.0,11252.0,2,Card,False,False,False
C16955,Hyderabad,36,M,8,Basic,Month-to-month,408.0,3252.0,1,Card,False,False,False
C14505,Hyderabad,35,F,24,Premium,Two year,1321.0,31390.0,1,Card,False,True,False
C14695,Chennai,69,M,34,Basic,Month-to-month,387.0,12699.0,1,Cash,False,False,False
C12415,Chennai,65,M,26,Standard,Month-to-month,737.0,18879.0,2,UPI,False,False,False
C15248,Kochi,68,M,4,Basic,Month-to-month,405.0,1543.0,3,UPI,False,False,False
C12289,Hyderabad,30,M,13,Basic,Month-to-month,737.0,9189.0,0,UPI,True,False,False
C12910,Bengaluru,68,M,8,Basic,Month-to-month,670.0,5181.0,0,UPI,True,False,True
C10882,Hyderabad,34,M,26,Basic,Month-to-month,427.0,10914.0,1,Cash,False,False,True
C10822,Bengaluru,40,F,8,Standard,Month-to-month,1064.0,8145.0,2,UPI,True,True,True
C14553,Hyderabad,27,F,17,Premium,Month-to-month,1465.0,24030.0,0,Cash,True,False,True
C14116,Kochi,25,M,44,Basic,Two year,828.0,35573.0,0,Card,True,True,False
C13897,Hyderabad,46,M,7,Standard,One year,1106.0,7536.0,2,Card,True,True,False
C12612,Bengaluru,44,F,17,Basic,Two year,722.0,12156.0,0,UPI,True,False,False
C13428,Bengaluru,56,M,40,Premium,Two year,1465.0,55904.0,0,UPI,True,False,False
C13927,Chennai,74,F,14,Premium,Month-to-month,1595.0,21343.0,2,Card,True,False,False
C14359,Chennai,66,F,1,Basic,Month-to-month,454.0,443.0,0,Card,False,False,True
C16959,Hyderabad,70,M,12,Basic,Month-to-month,392.0,4610.0,1,Cash,False,False,True
C14156,Bengaluru,74,F,67,Standard,One year,1168.0,75983.0,3,UPI,True,True,False
C14338,Chennai,54,F,65,Standard,Two year,714.0,44319.0,2,Bank transfer,False,False,False
C12263,Hyderabad,59,M,48,Standard,Two year,1014.0,47987.0,0,UPI,True,False,False
C10417,Bengaluru,60,F,38,Standard,Month-to-month,1208.0,45501.0,2,UPI,True,True,False
C10576,Hyderabad,58,F,14,Premium,Month-to-month,1154.0,15442.0,0,Card,False,False,False
C12627,Bengaluru,44,F,37,Standard,Month-to-month,976.0,34313.0,1,UPI,True,False,False
C12619,Chennai,45,F,16,Standard,Month-to-month,1114.0,17052.0,2,Cash,True,True,True
C16537,Hyderabad,30,F,24,Premium,One year,1147.0,26362.0,4,UPI,False,False,False
C15520,Chennai,23,F,21,Basic,Month-to-month,538.0,10787.0,1,Bank transfer,False,True,False
C14562,Kochi,55,M,68,Basic,Two year,652.0,44161.0,1,UPI,False,True,False
C11236,Bengaluru,53,M,13,Basic,Month-to-month,410.0,5252.0,0,Card,False,False,False
C10895,Bengaluru,39,F,28,Basic,Month-to-month,742.0,20531.0,2,Card,True,False,False
C10396,Chennai,39,F,24,Standard,Two year,886.0,20689.0,1,UPI,False,True,False
C11661,Bengaluru,18,M,6,Basic,Month-to-month,934.0,5346.0,1,Card,True,True,False
C16896,Bengaluru,35,F,40,Standard,One year,1086.0,43052.0,1,Card,True,True,False
C15411,Kochi,34,M,8,Standard,Month-to-month,667.0,5165.0,1,UPI,False,False,True
C16186,Hyderabad,72,F,70,Basic,Two year,745.0,51767.0,0,Bank transfer,True,False,False
C13783,Kochi,51,F,16,Basic,Month-to-month,877.0,13647.0,0,Card,True,True,True
C10475,Hyderabad,23,M,1,Basic,Month-to-month,818.0,779.0,2,UPI,True,True,True
C15382,Chennai,27,M,22,Standard,Month-to-month,688.0,15074.0,0,Card,False,False,False
C16917,Kochi,31,F,68,Standard,Two year,689.0,45624.0,1,Cash,False,False,False
C15359,Pune,56,F,38,Premium,Month-to-month,1655.0,60128.0,2,UPI,True,True,True
C14851,Bengaluru,31,M,32,Standard,Month-to-month,679.0,20835.0,3,Bank transfer,False,False,True
C11595,Chennai,32,F,17,Basic,Month-to-month,687.0,11342.0,3,UPI,True,False,True
C12948,Bengaluru,27,M,17,Basic,Month-to-month,726.0,12280.0,3,Card,True,False,False
C14512,Bengaluru,63,M,10,Standard,One year,1214.0,10824.0,2,Cash,True,True,False
C16093,Bengaluru,19,M,39,Standard,Month-to-month,999.0,38960.0,1,Bank transfer,True,False,False
C14795,Chennai,50,F,25,Basic,One year,494.0,12230.0,2,UPI,False,True,True
C11512,Chennai,72,F,22,Premium,Month-to-month,1147.0,24141.0,0,UPI,False,False,False
C14191,Bengaluru,58,F,6,Basic,Month-to-month,400.0,2392.0,1,Card,False,False,False
C14767,Bengaluru,74,F,4,Basic,Month-to-month,660.0,2623.0,1,UPI,True,False,False
C10021,Hyderabad,35,M,18,Premium,Month-to-month,1296.0,22228.0,2,Cash,False,False,True
C12929,Hyderabad,66,M,27,Standard,Month-to-month,994.0,26170.0,0,UPI,True,False,False
C16995,Hyderabad,24,M,38,Standard,Month-to-month,1012.0,36577.0,1,UPI,True,False,False
C11806,Bengaluru,49,F,21,Standard,Month-to-month,1003.0,20261.0,0,Cash,True,False,True
C15755,Chennai,41,M,15,Standard,One year,831.0,12049.0,1,Cash,False,True,False
C12660,Hyderabad,72,M,9,Premium,Month-to-month,1648.0,14542.0,3,UPI,True,True,True
C13652,Chennai,35,F,64,Basic,Two year,441.0,28061.0,4,Bank transfer,False,False,False
C12052,Chennai,52,M,26,Basic,Month-to-month,731.0,18573.0,1,Card,True,False,False
C13003,Hyderabad,28,F,7,Basic,Two year,754.0,5112.0,0,Bank transfer,True,False,False
C16172,Chennai,59,F,24,Premium,Month-to-month,1611.0,38085.0,2,Card,True,True,True
C13954,Kochi,25,F,18,Standard,Month-to-month,949.0,16411.0,0,Card,True,False,False
C14203,Chennai,65,M,14,Premium,Month-to-month,1656.0,22935.0,0,Card,True,True,False
C14043,Kochi,43,F,26,Standard,One year,843.0,20934.0,1,Card,False,True,False
C14810,Chennai,30,F,12,Premium,Month-to-month,1660.0,19517.0,0,UPI,True,True,True
C14285,Kochi,44,M,67,Basic,Two year,539.0,35583.0,1,Bank transfer,False,True,False
C11158,Hyderabad,52,M,51,Basic,One year,762.0,37523.0,1,Cash,True,False,False
C15580,Pune,73,F,5,Standard,Month-to-month,1093.0,5193.0,0,Cash,True,True,True
C14572,Chennai,42,M,1,Basic,Month-to-month,370.0,362.0,0,Card,False,False,False
C15420,Bengaluru,48,F,67,Standard,One year,1009.0,65459.0,0,UPI,True,False,False
C14646,Bengaluru,18,F,2,Standard,Month-to-month,674.0,1322.0,2,Card,False,False,False
C13542,Hyderabad,49,F,62,Premium,One year,1181.0,72229.0,1,UPI,False,False,False
C11518,Hyderabad,63,M,3,Standard,Month-to-month,693.0,2042.0,1,UPI,False,False,False
C11662,Hyderabad,39,F,55,Basic,Two year,705.0,37486.0,1,UPI,True,False,False
C14650,Chennai,41,M,32,Standard,Month-to-month,1065.0,34025.0,2,UPI,True,False,True
C16005,Hyderabad,52,M,65,Standard,Two year,909.0,57472.0,0,Card,True,False,False
C12109,Bengaluru,67,F,30,Basic,Two year,856.0,24600.0,0,Card,True,True,False
C16055,Pune,48,F,61,Standard,One year,794.0,47982.0,1,UPI,False,True,False
C15393,Hyderabad,39,M,10,Standard,Month-to-month,778.0,6921.0,1,Card,False,False,False
C12154,Hyderabad,43,F,17,Basic,Month-to-month,584.0,9695.0,2,UPI,False,True,True
C12675,Hyderabad,35,F,10,Standard,Two year,786.0,7792.0,3,Card,False,True,False
C13224,Bengaluru,74,M,42,Basic,One year,732.0,29929.0,0,UPI,True,False,False
C15659,Bengaluru,24,M,11,Basic,One year,655.0,7038.0,0,Bank transfer,True,False,False
C13548,Bengaluru,71,F,26,Basic,Month-to-month,431.0,10916.0,0,Card,False,False,False
C10402,Chennai,26,F,71,Standard,Two year,1072.0,73116.0,1,Bank transfer,True,True,False
C11749,Pune,45,F,71,Standard,Two year,694.0,48088.0,2,UPI,False,False,False
C16154,Chennai,39,F,24,Basic,One year,788.0,18901.0,2,Card,True,True,False
C12398,Pune,39,F,13,Basic,Two year,399.0,5075.0,0,UPI,False,False,False
C13616,Hyderabad,51,F,50,Basic,Two year,401.0,19782.0,2,UPI,False,False,False
C10842,Bengaluru,29,F,26,Basic,Month-to-month,913.0,23165.0,2,Card,True,True,False
C12699,Bengaluru,47,M,16,Premium,Two year,1635.0,25241.0,1,Card,True,True,False
C14571,Chennai,48,M,24,Standard,Month-to-month,644.0,15096.0,1,Bank transfer,False,False,True
C14721,Chennai,52,M,14,Standard,Month-to-month,1045.0,14488.0,1,UPI,True,False,False
C13265,Kochi,24,F,30,Premium,Month-to-month,1461.0,42552.0,2,Cash,True,False,False
C13635,Bengaluru,54,F,37,Standard,One year,874.0,30990.0,1,UPI,False,True,False
C14519,Kochi,46,M,26,Basic,Two year,849.0,21446.0,1,UPI,True,True,False
C11068,Chennai,26,M,28,Premium,One year,1330.0,35845.0,0,Card,False,True,False
C15143,Pune,73,F,17,Basic,Month-to-month,706.0,11432.0,0,UPI,True,False,True
C15308,Hyderabad,25,M,1,Standard,Month-to-month,1018.0,1018.0,0,Bank transfer,True,False,False
C12252,Pune,67,M,60,Basic,Two year,668.0,38431.0,0,Card,True,False,False
C15808,Chennai,25,F,2,Premium,Month-to-month,1132.0,2198.0,2,Card,False,False,True
C16821,Bengaluru,72,M,64,Basic,Two year,866.0,55424.0,0,UPI,True,True,False
C16843,Kochi,47,F,42,Standard,Two year,1163.0,47585.0,1,Card,True,True,False
C10924,Chennai,38,F,34,Premium,One year,1651.0,54927.0,0,UPI,True,True,False
C12408,Hyderabad,23,F,10,Basic,Month-to-month,867.0,8439.0,0,Cash,True,True,False
C16269,Hyderabad,47,F,58,Premium,One year,1200.0,66163.0,2,Card,False,False,False
C16572,Pune,31,F,4,Premium,Month-to-month,1677.0,6378.0,0,Cash,True,True,True
C13314,Bengaluru,65,M,36,Basic,Month-to-month,944.0,33164.0,0,UPI,True,True,False
C11580,Chennai,54,M,12,Premium,Two year,1476.0,17044.0,0,UPI,True,False,False
C11898,Bengaluru,67,F,34,Standard,Two year,1137.0,38139.0,3,Cash,True,True,False
C10825,Pune,46,M,11,Basic,Month-to-month,820.0,8751.0,2,UPI,True,True,False
C11861,Bengaluru,44,F,44,Basic,One year,427.0,18471.0,2,UPI,False,False,False
C10700,Kochi,44,F,10,Standard,Month-to-month,1161.0,11371.0,1,Card,True,True,False
C10231,Bengaluru,61,M,48,Standard,Two year,734.0,35232.0,1,UPI,False,False,False
C12482,Bengaluru,39,F,54,Premium,Two year,1537.0,82701.0,2,UPI,True,False,False
C11613,Kochi,67,F,65,Standard,One year,1126.0,72085.0,3,UPI,True,True,False
C13234,Hyderabad,32,M,13,Standard,One year,952.0,12271.0,1,Cash,True,False,False
C13374,Hyderabad,51,M,42,Basic,One year,364.0,14676.0,1,Card,False,False,False
C14610,Hyderabad,32,M,9,Basic,Month-to-month,714.0,6257.0,0,UPI,True,False,True
C10007,Bengaluru,42,M,36,Basic,Month-to-month,515.0,17734.0,1,UPI,False,True,True
C13107,Hyderabad,42,M,31,Basic,One year,693.0,21066.0,1,Bank transfer,True,False,False
C14758,Chennai,60,M,35,Basic,Month-to-month,360.0,12360.0,1,Card,False,False,False
C16063,Pune,34,F,57,Basic,Two year,813.0,45941.0,0,UPI,True,True,False
C10934,Chennai,68,M,29,Basic,Month-to-month,571.0,16226.0,2,UPI,False,True,False
C10371,Hyderabad,34,M,20,Premium,Month-to-month,1476.0,28353.0,0,Bank transfer,True,False,False
C14817,Bengaluru,37,M,25,Standard,Month-to-month,649.0,16043.0,1,UPI,False,False,False
C13901,Kochi,42,F,23,Standard,Month-to-month,1007.0,22593.0,3,Card,True,False,True
C10899,Bengaluru,32,F,38,Premium,One year,1449.0,52584.0,1,Card,True,False,False
C13738,Bengaluru,70,M,39,Standard,Month-to-month,860.0,32049.0,0,Card,False,True,False
C15409,Chennai,50,F,16,Basic,One year,697.0,10844.0,3,UPI,True,False,False
C14684,Hyderabad,70,M,60,Standard,Two year,796.0,47670.0,0,Card,False,True,False
C14464,Hyderabad,46,F,33,Premium,Month-to-month,1500.0,49107.0,0,Bank transfer,True,False,False
C15440,Pune,38,F,31,Premium,Month-to-month,1276.0,39391.0,0,Card,False,True,False
C14165,Chennai,45,F,27,Premium,One year,1559.0,40025.0,0,Card,True,False,False
C10193,Hyderabad,23,F,14,Basic,Month-to-month,444.0,6171.0,2,UPI,False,False,True
C15799,Hyderabad,59,F,18,Premium,Two year,1515.0,26057.0,0,UPI,True,False,False
C11826,Bengaluru,44,F,14,Premium,One year,1507.0,20531.0,0,UPI,True,False,False
C16969,Hyderabad,71,F,45,Basic,Two year,414.0,18542.0,0,Cash,False,False,False
C11696,Hyderabad,55,F,34,Basic,Two year,691.0,23429.0,1,UPI,True,False,False
C14608,Bengaluru,71,F,19,Standard,One year,1129.0,20884.0,2,Card,True,True,False
C13230,Hyderabad,21,M,27,Basic,Month-to-month,796.0,20601.0,1,UPI,True,True,False
C14730,Chennai,28,F,38,Standard,Month-to-month,967.0,36085.0,1,UPI,True,False,False
C12130,Hyderabad,48,F,34,Standard,Month-to-month,643.0,21208.0,1,Card,False,False,True
C15232,Bengaluru,62,M,4,Standard,Month-to-month,677.0,2677.0,3,Card,False,False,True
C13259,Bengaluru,36,M,8,Basic,Month-to-month,699.0,5501.0,3,Cash,True,False,True
C13460,Bengaluru,18,F,27,Basic,Month-to-month,735.0,19770.0,2,UPI,True,False,False
C16173,Chennai,41,M,24,Basic,Month-to-month,548.0,12553.0,2,Cash,False,True,True
C10746,Hyderabad,27,F,6,Basic,Two year,527.0,3032.0,0,Card,False,True,False
C11339,Bengaluru,48,F,32,Basic,Month-to-month,740.0,22568.0,1,UPI,True,False,False
C11720,Kochi,42,F,40,Standard,One year,680.0,26105.0,4,UPI,False,False,False
C13478,Bengaluru,45,M,37,Basic,One year,215.0,7599.0,0,Card,False,False,False
C16330,Hyderabad,35,F,41,Basic,One year,379.0,15005.0,0,Cash,False,False,True
C10522,Chennai,38,F,36,Basic,Month-to-month,402.0,13827.0,3,Bank transfer,False,False,True
C12221,Pune,31,M,66,Standard,Two year,1151.0,74832.0,3,Cash,True,True,False
C15235,Pune,40,M,30,Standard,Month-to-month,1032.0,29703.0,0,UPI,True,False,False
C10303,Chennai,74,F,17,Standard,Month-to-month,669.0,11163.0,1,UPI,False,False,False
C10487,Hyderabad,25,F,64,Basic,One year,575.0,35247.0,2,UPI,False,True,False
C13249,Bengaluru,61,M,30,Basic,Month-to-month,548.0,15808.0,3,Card,False,True,True
C11130,Chennai,23,F,38,Standard,Month-to-month,975.0,35566.0,1,Card,True,False,False
C16514,Kochi,40,F,21,Basic,Month-to-month,891.0,18549.0,3,Cash,True,True,True
C11129,Bengaluru,65,F,11,Basic,Month-to-month,690.0,7356.0,3,Card,True,False,False
C10171,Bengaluru,39,M,33,Basic,One year,519.0,17092.0,2,Cash,False,True,False
C15531,Kochi,34,M,60,Standard,One year,726.0,42995.0,2,Bank transfer,False,False,False
C10197,Hyderabad,60,F,28,Standard,Month-to-month,642.0,17919.0,1,UPI,False,False,False
C16275,Bengaluru,72,F,15,Basic,One year,820.0,12247.0,1,Card,True,True,False
C15090,Pune,60,M,51,Premium,One year,1515.0,75616.0,1,Cash,True,False,False
C12638,Chennai,29,F,36,Premium,Month-to-month,1461.0,52572.0,0,UPI,True,False,False
C12847,Bengaluru,73,F,6,Standard,Month-to-month,992.0,5829.0,1,UPI,True,False,False
C12961,Hyderabad,26,M,48,Standard,Two year,708.0,33984.0,3,Cash,False,False,False
C10221,Kochi,21,F,15,Basic,Month-to-month,525.0,7577.0,2,Card,False,True,False
C15866,Hyderabad,27,M,35,Standard,Month-to-month,701.0,24321.0,2,UPI,False,False,False
C15691,Chennai,41,M,25,Standard,One year,648.0,15787.0,3,Cash,False,False,False
C15073,Hyderabad,49,M,56,Premium,Two year,1631.0,89618.0,0,UPI,True,True,False
C12997,Chennai,18,M,27,Standard,Month-to-month,1137.0,29206.0,0,Card,True,True,False
C10087,Hyderabad,71,F,34,Premium,Month-to-month,1217.0,41356.0,1,Bank transfer,False,False,True
C15937,Chennai,54,F,4,Standard,Month-to-month,1166.0,4460.0,0,Card,True,True,False
C13455,Bengaluru,71,F,26,Basic,One year,664.0,16671.0,0,UPI,True,False,False
C15286,Hyderabad,60,M,34,Basic,Month-to-month,857.0,28827.0,2,UPI,True,True,False
C16546,Bengaluru,19,M,29,Basic,One year,673.0,18942.0,0,UPI,True,False,False
C14716,Hyderabad,40,F,35,Standard,Month-to-month,824.0,28381.0,2,UPI,False,True,True
C13950,Chennai,73,F,19,Standard,Month-to-month,958.0,17607.0,1,Cash,True,False,False
C14950,Pune,27,M,35,Standard,Month-to-month,949.0,31895.0,0,Card,True,False,False
C14688,Bengaluru,54,M,58,Standard,One year,1132.0,62420.0,2,UPI,True,True,True
C10745,Hyderabad,60,F,31,Standard,Month-to-month,837.0,24975.0,2,UPI,False,True,False
C12480,Bengaluru,65,M,66,Standard,Two year,1224.0,80128.0,1,UPI,True,True,False
C12141,Hyderabad,57,F,69,Premium,Two year,1185.0,79336.0,0,UPI,False,False,False
C12925,Hyderabad,56,F,13,Standard,One year,761.0,9427.0,0,UPI,False,False,False
C11888,Pune,47,F,7,Standard,One year,972.0,6641.0,0,Cash,True,False,True
C13764,Bengaluru,26,M,71,Basic,One year,739.0,50109.0,1,Card,True,False,False
C15148,Chennai,56,M,32,Standard,Month-to-month,1001.0,31399.0,1,Cash,True,False,True
C11781,Pune,37,M,39,Standard,Month-to-month,994.0,38178.0,0,UPI,True,False,False
C12371,Chennai,44,F,60,Premium,One year,1677.0,98192.0,0,Card,True,True,False
C16861,Chennai,30,F,30,Premium,Month-to-month,1609.0,47022.0,1,UPI,True,True,True
C11134,Bengaluru,72,F,61,Basic,Two year,337.0,20264.0,1,Bank transfer,False,False,False
C14773,Kochi,57,M,7,Basic,Two year,334.0,2291.0,1,UPI,False,False,False
C12023,Hyderabad,32,F,4,Premium,Month-to-month,1179.0,4492.0,1,Card,False,False,False
C15361,Hyderabad,35,F,52,Basic,One year,746.0,37528.0,1,Card,True,False,False
C12824,Kochi,51,F,28,Basic,Month-to-month,736.0,20156.0,0,Card,True,False,False
C13691,Bengaluru,30,F,22,Standard,Two year,1057.0,22535.0,3,Bank transfer,True,False,False
C11689,Chennai,51,F,7,Premium,Two year,1542.0,10329.0,4,Bank transfer,True,False,False
C16011,Bengaluru,46,M,40,Basic,Two year,722.0,27472.0,3,UPI,True,False,False
C14621,Bengaluru,40,M,18,Premium,Month-to-month,1179.0,21006.0,0,Bank transfer,False,False,True
C10448,Pune,34,F,11,Basic,Month-to-month,711.0,7678.0,3,UPI,True,False,True
C12268,Hyderabad,24,F,16,Standard,Two year,779.0,12161.0,1,Bank transfer,False,True,False
C11996,Pune,27,F,34,Standard,Two year,929.0,31387.0,3,Cash,True,False,False
C10836,Hyderabad,70,F,49,Standard,One year,835.0,40223.0,1,UPI,False,True,False
C15529,Hyderabad,35,M,64,Premium,One year,1151.0,71018.0,1,Cash,False,False,False
C10057,Chennai,73,M,28,Basic,One year,535.0,14445.0,0,Cash,False,True,False
C12992,Bengaluru,39,F,26,Premium,One year,1561.0,39952.0,3,Cash,True,True,False
C11609,Bengaluru,61,M,6,Standard,Two year,638.0,3790.0,2,Card,False,False,False
C14005,Hyderabad,22,M,18,Basic,Month-to-month,399.0,6980.0,1,UPI,False,False,False
C16989,Bengaluru,37,F,29,Standard,One year,1039.0,28905.0,0,UPI,True,False,False
C16365,Chennai,18,F,59,Basic,One year,454.0,26516.0,0,Bank transfer,False,False,False
C16233,Kochi,59,M,6,Basic,Month-to-month,463.0,2775.0,1,Cash,False,False,True
C10263,Chennai,68,M,15,Basic,Month-to-month,653.0,9447.0,1,Cash,True,False,False
C13014,Hyderabad,68,F,12,Basic,Month-to-month,648.0,7411.0,1,UPI,True,False,False
C10525,Kochi,50,F,16,Premium,Month-to-month,1321.0,20538.0,1,Cash,False,True,False
C14375,Kochi,60,F,8,Standard,One year,1000.0,7852.0,1,Cash,True,False,False
C14176,Bengaluru,72,F,20,Premium,Month-to-month,1479.0,29258.0,0,Card,True,False,False
C12796,Pune,27,F,57,Basic,Two year,400.0,21670.0,2,Cash,False,False,False
C14451,Chennai,69,M,28,Standard,Month-to-month,972.0,27077.0,0,UPI,True,False,False
C16412,Bengaluru,71,F,10,Standard,Two year,972.0,9630.0,1,UPI,True,False,False
C13841,Hyderabad,55,M,8,Standard,Two year,605.0,4756.0,2,UPI,False,False,False
C13733,Hyderabad,50,M,7,Basic,Month-to-month,772.0,5224.0,2,UPI,True,False,True
C14274,Kochi,54,F,29,Premium,Two year,1179.0,33979.0,1,Card,False,False,False
C13631,Bengaluru,21,F,10,Standard,Month-to-month,993.0,8584.0,1,Bank transfer,True,False,True
C13708,Hyderabad,39,M,9,Standard,Month-to-month,704.0,6223.0,1,Card,False,False,False
C16042,Kochi,30,F,6,Standard,Month-to-month,1005.0,5789.0,1,Bank transfer,True,False,True
C14466,Chennai,73,F,7,Basic,Month-to-month,809.0,5490.0,1,Cash,True,True,True
C11708,Hyderabad,59,M,15,Standard,Month-to-month,713.0,10644.0,0,UPI,False,False,False
C13194,Pune,52,F,46,Premium,One year,1488.0,66010.0,0,UPI,True,False,False
C15246,Bengaluru,47,F,28,Standard,Two year,862.0,23309.0,1,UPI,False,True,False
C15326,Hyderabad,45,F,3,Basic,Month-to-month,366.0,1074.0,3,UPI,False,False,False
C13171,Chennai,60,F,13,Premium,One year,1434.0,17971.0,1,UPI,True,False,True
C15850,Hyderabad,28,F,6,Standard,Month-to-month,957.0,5596.0,0,UPI,True,False,False
C15269,Pune,42,F,15,Standard,Month-to-month,1008.0,14764.0,1,Card,True,False,True
C14138,Pune,61,M,20,Standard,Month-to-month,1120.0,21287.0,3,Card,True,True,False
C13412,Kochi,68,M,23,Basic,Month-to-month,413.0,9256.0,0,Cash,False,False,False
C16035,Bengaluru,54,M,4,Basic,Month-to-month,670.0,2675.0,1,UPI,True,False,True
C12940,Bengaluru,44,M,11,Basic,Month-to-month,431.0,4627.0,1,UPI,False,False,False
C12650,Hyderabad,22,M,5,Standard,Month-to-month,845.0,4118.0,0,Card,False,True,False
C15368,Bengaluru,36,F,8,Standard,One year,698.0,5569.0,1,UPI,False,False,False
C10928,Hyderabad,42,M,8,Standard,Two year,1172.0,9339.0,2,Card,True,True,False
C15610,Kochi,22,M,25,Standard,Two year,612.0,15300.0,2,UPI,False,False,False
C15212,Hyderabad,27,F,9,Standard,One year,754.0,6772.0,2,Card,False,False,False
C14385,Hyderabad,19,M,60,Standard,Two year,818.0,48476.0,0,UPI,False,True,False
C15714,Hyderabad,64,F,67,Basic,One year,740.0,47924.0,4,Bank transfer,True,False,False
C10538,Chennai,54,M,70,Standard,One year,795.0,53229.0,1,Bank transfer,False,True,False
C10253,Hyderabad,63,F,34,Premium,Month-to-month,1486.0,48848.0,0,Card,True,False,True
C11423,Pune,71,F,21,Premium,Month-to-month,1243.0,25529.0,2,UPI,False,False,True
C13320,Hyderabad,53,M,10,Standard,Month-to-month,1009.0,9931.0,2,Card,True,False,False
C10393,Hyderabad,22,M,5,Standard,Month-to-month,1138.0,5474.0,0,UPI,True,True,False
C10002,Chennai,47,F,21,Standard,Two year,1133.0,22815.0,4,Bank transfer,True,True,False
C16943,Bengaluru,41,M,27,Standard,Two year,982.0,25865.0,2,Bank transfer,True,False,False
C12073,Kochi,33,F,28,Premium,Month-to-month,1558.0,42713.0,0,UPI,True,False,True
C10816,Pune,54,F,68,Basic,Two year,352.0,22747.0,2,Bank transfer,False,False,False
C12629,Kochi,47,F,25,Standard,Month-to-month,689.0,16772.0,1,UPI,False,False,False
C15175,Chennai,71,F,70,Standard,One year,1081.0,74717.0,2,UPI,True,False,False
C16410,Kochi,38,M,13,Basic,Month-to-month,860.0,10628.0,1,Card,True,True,True
C13477,Bengaluru,66,F,2,Standard,Month-to-month,815.0,1569.0,0,Card,False,True,True
C16230,Chennai,56,M,48,Basic,One year,662.0,31776.0,1,UPI,True,False,False
C10476,Chennai,33,M,63,Standard,Two year,810.0,49902.0,2,Cash,False,True,False
C10599,Bengaluru,61,F,13,Standard,Month-to-month,886.0,11462.0,1,Cash,False,True,False
C15243,Hyderabad,51,M,24,Standard,Two year,1174.0,27473.0,2,UPI,True,True,False
C13879,Bengaluru,74,F,12,Premium,Month-to-month,1201.0,14183.0,2,Card,False,False,False
C11151,Pune,68,M,36,Standard,One year,1080.0,37753.0,3,Cash,True,False,False
C13125,Pune,48,M,2,Premium,Month-to-month,1154.0,2289.0,1,UPI,False,False,True
C13299,Bengaluru,20,M,16,Basic,Month-to-month,633.0,9835.0,2,Cash,True,False,False
C16544,Kochi,69,F,26,Standard,One year,1234.0,31179.0,0,UPI,True,True,False
C12163,Kochi,48,F,7,Standard,Month-to-month,1175.0,8112.0,2,Bank transfer,True,True,False
C13822,Bengaluru,19,M,4,Basic,Month-to-month,863.0,3358.0,0,Bank transfer,True,True,False
C13907,Bengaluru,38,F,32,Basic,Month-to-month,668.0,20381.0,1,UPI,True,False,False
C10195,Bengaluru,42,F,53,Basic,One year,680.0,34963.0,3,UPI,True,False,False
C15784,Chennai,57,F,21,Standard,Month-to-month,1153.0,23208.0,2,Card,True,True,True
C11986,Pune,44,F,39,Premium,Two year,1219.0,47122.0,1,Cash,False,False,False
C15428,Pune,39,F,22,Premium,Month-to-month,1099.0,23464.0,2,Cash,False,False,False
C14548,Chennai,27,M,28,Standard,Month-to-month,721.0,19824.0,3,Card,False,False,False
C11581,Chennai,26,M,29,Standard,One year,809.0,22823.0,0,UPI,False,True,False
C13821,Chennai,63,F,66,Basic,One year,727.0,46318.0,1,Card,True,False,False
C16837,Hyderabad,56,F,54,Premium,Two year,1522.0,78167.0,0,Bank transfer,True,False,False
C15147,Bengaluru,33,M,67,Basic,One year,642.0,42957.0,1,Cash,True,False,False
C12333,Hyderabad,26,M,32,Basic,One year,754.0,23647.0,4,Bank transfer,True,False,False
C11215,Chennai,44,F,15,Basic,Month-to-month,892.0,12762.0,0,Cash,True,True,False
C14555,Hyderabad,65,M,13,Standard,One year,958.0,12339.0,1,Card,True,False,True
C15685,Bengaluru,55,M,34,Premium,Month-to-month,1623.0,53465.0,1,Cash,True,True,False
C13675,Hyderabad,25,M,22,Standard,One year,990.0,21493.0,0,Card,True,False,False
C11763,Pune,18,M,35,Basic,One year,871.0,30485.0,0,UPI,True,True,False
C14162,Pune,52,F,29,Premium,Month-to-month,1690.0,48225.0,1,Card,True,True,False
C11625,Chennai,72,M,16,Standard,One year,979.0,15267.0,2,Bank transfer,True,False,False
C15573,Hyderabad,45,M,6,Standard,Month-to-month,941.0,5534.0,1,UPI,True,False,False
C16595,Bengaluru,64,F,33,Standard,Two year,1021.0,33693.0,1,UPI,True,False,False
C14295,Pune,58,M,9,Standard,Month-to-month,846.0,7480.0,2,UPI,False,True,True
C14670,Pune,19,M,9,Standard,One year,693.0,6056.0,1,Card,False,False,False
C16273,Hyderabad,22,M,63,Premium,One year,1218.0,73895.0,1,UPI,False,False,False
C15902,Kochi,40,F,56,Premium,One year,1493.0,82848.0,0,Card,True,False,False
C12045,Bengaluru,31,F,34,Standard,Month-to-month,918.0,31211.0,1,Card,True,False,False
C10292,Hyderabad,62,M,3,Basic,Month-to-month,712.0,2091.0,1,UPI,True,False,True
C15954,Hyderabad,69,F,26,Standard,Month-to-month,953.0,24107.0,1,Card,True,False,False
C13769,Pune,63,F,29,Premium,Month-to-month,1540.0,44366.0,4,Card,True,False,True
C13318,Hyderabad,69,F,4,Standard,Month-to-month,747.0,2952.0,1,Card,False,False,True
C11200,Chennai,46,M,30,Premium,Month-to-month,1631.0,47397.0,2,Card,True,True,True
C16145,Bengaluru,27,F,48,Standard,Two year,1068.0,48713.0,0,Card,True,False,False
C15894,Kochi,25,F,32,Standard,Month-to-month,825.0,26295.0,2,Card,False,True,False
C12461,Pune,28,F,25,Standard,Month-to-month,1068.0,25427.0,1,Cash,True,False,False
C15958,Hyderabad,44,M,38,Premium,Two year,1545.0,57551.0,1,Bank transfer,True,False,False
C10432,Bengaluru,58,M,52,Basic,One year,772.0,39872.0,3,Card,True,True,False
C12700,Kochi,36,F,2,Standard,Month-to-month,1036.0,2054.0,1,Card,True,False,False
C12483,Hyderabad,67,F,28,Basic,Two year,811.0,21790.0,2,Bank transfer,True,True,True
C10650,Chennai,39,M,30,Premium,One year,1467.0,42247.0,1,UPI,True,False,False
C11471,Hyderabad,20,M,44,Standard,One year,665.0,28979.0,1,Cash,False,False,False
C12119,Chennai,51,M,46,Premium,Two year,1527.0,68107.0,1,UPI,True,False,False
C12554,Bengaluru,22,M,22,Standard,Month-to-month,871.0,18653.0,0,Card,False,True,False
C14958,Bengaluru,33,F,14,Basic,Month-to-month,360.0,4859.0,1,UPI,False,False,False
C13088,Bengaluru,57,F,28,Basic,Month-to-month,656.0,17938.0,2,Cash,True,False,False
C16798,Chennai,39,M,64,Basic,One year,882.0,53781.0,1,UPI,True,True,False
C14321,Bengaluru,42,M,6,Basic,Two year,561.0,3288.0,2,UPI,False,True,False
C15814,Hyderabad,20,M,38,Basic,One year,706.0,25714.0,1,UPI,True,False,False
C16241,Chennai,22,F,63,Premium,One year,1618.0,101651.0,1,Bank transfer,True,True,False
C14597,Chennai,29,M,25,Basic,One year,386.0,9348.0,0,Cash,False,False,False
C11840,Chennai,59,M,60,Basic,One year,633.0,36350.0,1,UPI,True,False,True
C11670,Chennai,68,F,13,Basic,One year,535.0,6608.0,0,UPI,False,True,False
C12556,Hyderabad,34,F,28,Standard,Month-to-month,842.0,22561.0,3,Bank transfer,False,True,False
C13442,Hyderabad,73,F,25,Premium,Month-to-month,1527.0,37830.0,1,UPI,True,False,True
C16478,Bengaluru,63,M,32,Premium,Month-to-month,1124.0,35968.0,0,UPI,False,False,False
C14366,Chennai,35,F,15,Standard,Month-to-month,1128.0,16510.0,0,UPI,True,True,False
C13734,Pune,64,F,68,Standard,Two year,986.0,66178.0,1,UPI,True,False,False
C12229,Bengaluru,25,F,14,Standard,Month-to-month,746.0,10399.0,3,UPI,False,False,False
C12822,Chennai,46,F,11,Basic,Month-to-month,906.0,9740.0,0,Bank transfer,True,True,False
C10239,Hyderabad,54,M,26,Standard,Month-to-month,1012.0,25691.0,0,Cash,True,False,True
C12049,Kochi,63,M,23,Basic,Month-to-month,869.0,19093.0,1,Bank transfer,True,True,False
C13268,Kochi,72,F,19,Basic,Month-to-month,699.0,12938.0,1,Cash,True,False,False
C15990,Kochi,73,F,17,Standard,Two year,1008.0,16817.0,0,Bank transfer,True,False,False
C13019,Hyderabad,47,M,69,Standard,One year,693.0,46085.0,1,UPI,False,False,False
C15401,Pune,31,M,8,Basic,Month-to-month,314.0,2396.0,2,UPI,False,False,True
C13611,Hyderabad,33,F,41,Basic,Two year,782.0,31319.0,1,UPI,True,False,False
C14145,Hyderabad,65,F,37,Premium,Month-to-month,1679.0,61413.0,0,Card,True,True,False
C14738,Chennai,74,M,7,Premium,One year,1656.0,11322.0,1,Card,True,True,False
C12848,Hyderabad,71,M,20,Standard,Month-to-month,962.0,19124.0,1,Card,True,False,False
C10644,Bengaluru,60,F,18,Standard,One year,1056.0,18598.0,1,UPI,True,False,False
C13209,Chennai,47,M,15,Standard,Two year,635.0,9394.0,2,Cash,False,False,False
C13081,Bengaluru,53,F,28,Standard,Month-to-month,1191.0,32735.0,1,Bank transfer,True,True,False
C12965,Bengaluru,73,M,19,Premium,Month-to-month,1245.0,22887.0,1,UPI,False,False,False
C13157,Kochi,37,F,23,Standard,Month-to-month,721.0,15827.0,0,UPI,False,False,False
C16282,Bengaluru,61,F,36,Standard,Two year,676.0,24203.0,1,Cash,False,False,False
C10005,Bengaluru,18,M,69,Basic,One year,849.0,56742.0,2,Card,True,True,True
C14904,Hyderabad,22,F,17,Standard,Month-to-month,943.0,15573.0,2,UPI,True,False,False
C14322,Chennai,64,F,17,Standard,Month-to-month,782.0,12873.0,0,UPI,False,False,False
C10334,Kochi,33,M,37,Standard,Month-to-month,832.0,30464.0,2,UPI,False,True,False
C12809,Bengaluru,69,M,42,Basic,One year,341.0,14108.0,2,Cash,False,False,False
C16789,Pune,22,F,30,Standard,Month-to-month,1065.0,31214.0,0,UPI,True,False,True
C11079,Bengaluru,55,F,3,Basic,Month-to-month,573.0,1680.0,0,Card,False,True,False
C10494,Kochi,36,M,70,Basic,Two year,680.0,47003.0,0,Bank transfer,True,False,False
C11585,Bengaluru,71,F,6,Standard,Month-to-month,797.0,4584.0,3,UPI,False,True,False
C14334,Chennai,71,M,41,Basic,Two year,855.0,34613.0,1,Card,True,True,False
C12834,Bengaluru,67,M,37,Premium,One year,1652.0,60014.0,3,Card,True,True,False
C14158,Hyderabad,24,M,5,Premium,Month-to-month,1406.0,6996.0,0,Bank transfer,False,True,False
C13984,Chennai,39,M,15,Basic,Month-to-month,397.0,5912.0,1,UPI,False,False,False
C11454,Chennai,65,M,66,Standard,Two year,1174.0,76378.0,1,Cash,True,True,False
C14378,Bengaluru,27,F,58,Basic,Two year,667.0,38628.0,2,UPI,True,False,True
C13566,Hyderabad,69,M,8,Standard,Month-to-month,1061.0,8420.0,1,UPI,True,False,True
C16237,Bengaluru,63,M,25,Basic,Month-to-month,857.0,20711.0,1,UPI,True,True,False
C12288,Chennai,30,M,34,Standard,One year,822.0,26610.0,3,Cash,False,True,True
C15742,Hyderabad,59,M,19,Basic,Month-to-month,501.0,9084.0,0,Bank transfer,False,True,False
C15827,Kochi,48,M,45,Standard,Two year,692.0,30873.0,1,Cash,False,False,False
C11977,Pune,18,M,34,Basic,Month-to-month,818.0,27462.0,1,Card,True,True,True
C12761,Hyderabad,25,M,22,Basic,Month-to-month,668.0,14597.0,4,Card,True,False,False
C16122,Pune,58,F,10,Basic,One year,638.0,6135.0,2,UPI,True,False,False
C10312,Hyderabad,35,F,9,Standard,Two year,1033.0,9146.0,3,Cash,True,False,False
C10240,Hyderabad,25,M,15,Basic,Month-to-month,701.0,10409.0,1,UPI,True,False,False
C13830,Hyderabad,20,F,23,Premium,Month-to-month,1627.0,37130.0,0,Card,True,True,False
C13210,Kochi,31,F,2,Basic,Month-to-month,477.0,941.0,0,Cash,False,True,True
C13836,Hyderabad,67,F,23,Basic,One year,659.0,14784.0,1,UPI,True,False,False
C12176,Hyderabad,72,F,43,Standard,One year,684.0,28158.0,2,Bank transfer,False,False,False
C10735,Bengaluru,68,M,19,Basic,Two year,651.0,12126.0,1,Card,True,False,False
C16427,Pune,38,M,29,Premium,One year,1171.0,33641.0,2,Cash,False,False,True
C14470,Bengaluru,51,M,30,Premium,One year,1201.0,35411.0,0,Card,False,False,True
C13695,Hyderabad,46,F,27,Standard,Month-to-month,1014.0,27297.0,1,UPI,True,False,False
C11849,Pune,74,M,17,Basic,Two year,486.0,7868.0,0,Cash,False,True,False
C14457,Hyderabad,25,F,24,Standard,Two year,1223.0,28138.0,4,UPI,True,True,True
C16056,Chennai,48,F,12,Standard,Month-to-month,1054.0,12230.0,0,Card,True,True,False
C14388,Bengaluru,70,M,38,Standard,Month-to-month,971.0,35978.0,0,UPI,True,False,False
C15186,Kochi,61,M,31,Standard,Two year,866.0,25981.0,1,UPI,False,True,False
C14471,Bengaluru,60,M,21,Basic,Month-to-month,828.0,16798.0,1,Card,True,True,True
C11510,Hyderabad,72,M,62,Basic,One year,759.0,46053.0,0,Card,True,False,False
C13947,Hyderabad,18,F,19,Premium,Month-to-month,1529.0,28365.0,1,UPI,True,False,False
C13651,Hyderabad,25,M,5,Premium,Month-to-month,1442.0,7170.0,1,UPI,True,False,True
C14434,Chennai,45,M,42,Basic,Two year,705.0,29253.0,1,Bank transfer,True,False,False
C15463,Hyderabad,39,F,36,Basic,One year,831.0,28884.0,1,Card,True,True,False
C12669,Kochi,20,M,15,Premium,Two year,1496.0,22037.0,1,Cash,True,False,False
C13914,Hyderabad,48,F,66,Standard,One year,910.0,57768.0,0,UPI,False,True,False
C12777,Hyderabad,43,M,18,Basic,Month-to-month,659.0,11845.0,2,Bank transfer,True,False,False
C15057,Bengaluru,70,F,15,Standard,Month-to-month,882.0,13179.0,2,UPI,False,True,False
C13379,Kochi,67,F,7,Basic,Month-to-month,814.0,5651.0,1,UPI,True,True,True
C15617,Hyderabad,70,F,35,Basic,Two year,790.0,26856.0,0,Card,True,True,False
C10304,Bengaluru,21,F,22,Standard,One year,712.0,15407.0,0,Card,False,False,False
C15555,Hyderabad,26,F,24,Basic,Two year,525.0,12247.0,2,Bank transfer,False,True,False
C14680,Pune,44,F,7,Basic,Month-to-month,368.0,2450.0,4,Cash,False,False,True
C10364,Bengaluru,65,M,67,Premium,Two year,1202.0,80042.0,1,Card,False,False,False
C10528,Chennai,54,F,19,Standard,One year,1132.0,21508.0,1,UPI,True,True,False
C16550,Hyderabad,26,F,14,Basic,Month-to-month,866.0,11706.0,0,Cash,True,True,False
C15049,Bengaluru,67,M,18,Standard,Month-to-month,989.0,17296.0,1,Cash,True,False,True
C14095,Kochi,69,F,34,Standard,Two year,1127.0,37261.0,3,Card,True,True,False
C11036,Hyderabad,71,M,37,Premium,One year,1493.0,53729.0,1,Cash,True,False,False
C14412,Chennai,53,M,35,Premium,Month-to-month,1163.0,40070.0,2,Bank transfer,False,False,True
C10613,Bengaluru,72,M,35,Basic,Month-to-month,753.0,26321.0,0,Bank transfer,True,False,False
C14247,Hyderabad,62,M,68,Basic,One year,745.0,50074.0,2,Bank transfer,True,False,False
C12971,Bengaluru,34,F,28,Basic,Month-to-month,737.0,20214.0,1,Cash,True,False,False
C14197,Hyderabad,61,M,63,Basic,Two year,375.0,23110.0,1,Card,False,False,False
C11502,Pune,63,F,5,Standard,Month-to-month,942.0,4682.0,1,UPI,True,False,False
C13112,Bengaluru,23,F,14,Standard,One year,1014.0,13709.0,1,Card,True,False,False
C10515,Kochi,72,M,14,Standard,Month-to-month,801.0,10778.0,3,Cash,False,True,False
C14586,Hyderabad,68,M,38,Standard,Month-to-month,1139.0,42994.0,0,Bank transfer,True,True,True
C16647,Hyderabad,46,F,7,Standard,Month-to-month,816.0,5622.0,4,Card,False,True,True
C13883,Hyderabad,61,M,13,Basic,Month-to-month,580.0,7396.0,1,Card,False,True,True
C14508,Hyderabad,37,M,36,Standard,One year,956.0,34167.0,0,UPI,True,False,False
C15348,Hyderabad,70,M,13,Basic,Month-to-month,879.0,11250.0,1,Bank transfer,True,True,False
C16731,Bengaluru,63,F,28,Basic,One year,395.0,10616.0,1,Bank transfer,False,False,False
C12890,Chennai,38,F,13,Standard,Two year,780.0,10084.0,0,UPI,False,False,False
C15081,Pune,70,M,15,Standard,One year,973.0,14504.0,0,Card,True,False,False
C14560,Bengaluru,30,M,31,Premium,Month-to-month,1338.0,40527.0,4,Cash,False,True,True
C10301,Bengaluru,69,M,24,Premium,Month-to-month,1508.0,34918.0,0,Bank transfer,True,False,False
C12550,Bengaluru,67,M,11,Premium,Month-to-month,1532.0,16701.0,0,Card,True,False,False
C11257,Hyderabad,38,F,7,Basic,Month-to-month,544.0,3755.0,3,Bank transfer,False,True,True
C14886,Bengaluru,62,F,37,Basic,Two year,905.0,32753.0,0,UPI,True,True,False
C14542,Pune,40,M,4,Basic,Month-to-month,527.0,2100.0,3,UPI,False,True,True
C12249,Hyderabad,41,M,39,Premium,One year,1238.0,46929.0,0,Card,False,False,False
C12958,Pune,46,M,14,Standard,Month-to-month,1151.0,16511.0,0,Bank transfer,True,True,False
C13045,Bengaluru,34,M,11,Standard,Month-to-month,673.0,7268.0,0,Card,False,False,False
C11023,Bengaluru,43,F,11,Premium,Month-to-month,1229.0,12926.0,1,Card,False,False,False
C11730,Chennai,42,F,4,Basic,Month-to-month,503.0,2001.0,1,UPI,False,True,True
C11478,Hyderabad,45,M,24,Standard,Month-to-month,701.0,16598.0,1,UPI,False,False,False
C13599,Hyderabad,73,F,23,Standard,Month-to-month,983.0,21631.0,1,Card,True,False,True
C10956,Pune,51,M,23,Basic,One year,511.0,11528.0,1,Bank transfer,False,True,False
C16198,Hyderabad,23,F,33,Basic,Month-to-month,794.0,25231.0,2,Cash,True,True,False
C15303,Chennai,59,F,5,Standard,Month-to-month,1017.0,4993.0,2,Bank transfer,True,False,False
C10741,Hyderabad,26,M,32,Standard,One year,970.0,29702.0,2,Cash,True,False,False
C15523,Hyderabad,46,F,62,Basic,One year,733.0,44276.0,3,Cash,True,False,False
C16460,Bengaluru,43,F,53,Basic,One year,835.0,42152.0,0,UPI,True,True,False
C10771,Bengaluru,26,M,12,Basic,Month-to-month,848.0,10088.0,2,Bank transfer,True,True,False
C16512,Chennai,22,M,35,Basic,Two year,633.0,22155.0,1,Bank transfer,True,False,False
C14759,Pune,27,F,18,Basic,Month-to-month,512.0,8949.0,3,UPI,False,False,True
C11499,Hyderabad,46,F,38,Basic,One year,544.0,19647.0,0,UPI,False,True,False
C15795,Chennai,57,F,12,Basic,Month-to-month,668.0,7860.0,3,Card,True,False,False
C11731,Hyderabad,57,F,33,Standard,Month-to-month,1113.0,36382.0,1,UPI,True,True,False
C10631,Hyderabad,71,M,59,Basic,One year,545.0,32059.0,1,UPI,False,True,False
C14229,Bengaluru,65,M,34,Standard,Month-to-month,646.0,21854.0,1,Bank transfer,False,False,False
C15204,Pune,50,F,22,Standard,Two year,659.0,14448.0,0,Card,False,False,False
C12253,Bengaluru,73,F,1,Standard,Month-to-month,1004.0,1000.0,2,UPI,True,False,False
C11719,Kochi,34,F,9,Standard,One year,878.0,7769.0,3,UPI,False,True,False
C12311,Chennai,57,M,41,Standard,Two year,852.0,33561.0,3,Cash,False,True,False
C16543,Bengaluru,50,F,26,Basic,Month-to-month,598.0,15318.0,2,UPI,True,False,True
C11199,Kochi,35,F,1,Standard,Month-to-month,718.0,695.0,1,Cash,False,False,True
C10639,Hyderabad,64,M,39,Basic,Month-to-month,447.0,17255.0,2,UPI,False,False,False
C14990,Chennai,65,M,18,Basic,Month-to-month,919.0,16192.0,2,Bank transfer,True,True,True
C14402,Chennai,69,F,10,Basic,Month-to-month,667.0,6607.0,2,Card,True,False,False
C10165,Bengaluru,71,F,14,Standard,Two year,620.0,8425.0,0,Card,False,False,False
C13759,Bengaluru,39,F,36,Premium,Month-to-month,1349.0,47869.0,0,Bank transfer,False,True,True
C15912,Chennai,68,M,15,Standard,Month-to-month,1186.0,17297.0,0,Bank transfer,True,True,False
C16402,Pune,65,F,21,Premium,Month-to-month,1362.0,28085.0,0,Bank transfer,False,True,False
C10530,Chennai,22,M,50,Standard,One year,1001.0,48523.0,1,UPI,True,False,False
C16658,Bengaluru,53,M,9,Basic,Month-to-month,691.0,6162.0,2,UPI,True,False,False
C10848,Chennai,35,F,17,Standard,Month-to-month,803.0,13345.0,0,Bank transfer,False,True,False
C10286,Chennai,32,F,4,Basic,Month-to-month,616.0,2427.0,3,Cash,True,False,False
C14480,Hyderabad,74,F,15,Basic,One year,492.0,7299.0,0,Bank transfer,False,False,True
C12668,Hyderabad,29,M,29,Basic,Month-to-month,545.0,15417.0,0,UPI,False,True,False
C13292,Chennai,64,F,35,Standard,Month-to-month,737.0,24722.0,0,UPI,False,False,False
C15139,Hyderabad,47,F,16,Premium,Month-to-month,1268.0,20204.0,2,Bank transfer,False,False,True
C13054,Hyderabad,49,F,8,Standard,Month-to-month,653.0,5128.0,0,Card,False,False,False
C15867,Pune,47,F,39,Basic,One year,362.0,13837.0,1,Bank transfer,False,False,False
C16526,Hyderabad,67,M,30,Standard,Month-to-month,644.0,18961.0,2,Card,False,False,True
C11702,Kochi,61,F,26,Standard,Month-to-month,1065.0,26630.0,0,Card,True,False,False
C11470,Hyderabad,70,M,13,Basic,Month-to-month,649.0,8297.0,1,Cash,True,False,True
C11772,Bengaluru,73,M,35,Basic,Month-to-month,583.0,20017.0,2,Card,True,False,False
C12026,Bengaluru,50,M,28,Standard,Month-to-month,1093.0,29969.0,2,Card,True,False,False
C11534,Chennai,66,M,1,Standard,Month-to-month,706.0,687.0,1,UPI,False,False,False
C11911,Chennai,67,F,5,Basic,Month-to-month,875.0,4222.0,0,UPI,True,True,False
C16669,Chennai,24,M,20,Basic,Month-to-month,690.0,13510.0,3,Bank transfer,True,False,True
C12826,Pune,37,M,65,Standard,One year,653.0,41534.0,1,UPI,False,False,False
C16395,Bengaluru,18,M,8,Basic,One year,718.0,5645.0,1,Card,True,False,False
C11077,Hyderabad,46,F,11,Premium,Month-to-month,1615.0,17434.0,1,UPI,True,True,True
C16882,Hyderabad,68,F,14,Standard,Month-to-month,1212.0,16574.0,1,UPI,True,True,False
C11615,Bengaluru,30,M,15,Standard,Month-to-month,1012.0,14573.0,0,Card,True,False,True
C10676,Hyderabad,65,M,33,Basic,Month-to-month,781.0,25313.0,2,Card,True,True,False
C13100,Bengaluru,38,M,22,Premium,One year,1403.0,30597.0,0,Card,True,False,False
C15284,Hyderabad,28,F,23,Premium,Month-to-month,1233.0,27476.0,2,Card,False,False,True
C11821,Bengaluru,59,M,13,Standard,One year,860.0,10622.0,1,Cash,False,True,True
C15820,Hyderabad,36,F,71,Basic,Two year,719.0,48977.0,0,UPI,True,False,False
C15983,Chennai,39,M,32,Premium,One year,1122.0,34396.0,4,Card,False,False,False
C14815,Chennai,63,M,37,Standard,Month-to-month,865.0,31862.0,2,Card,False,True,True
C13069,Pune,48,M,12,Basic,Month-to-month,808.0,9564.0,2,UPI,True,True,False
C15765,Chennai,33,M,71,Basic,One year,864.0,59287.0,0,UPI,True,True,False
C10355,Hyderabad,47,F,19,Premium,Month-to-month,1197.0,22525.0,3,UPI,False,False,True
C12316,Hyderabad,36,M,53,Standard,Two year,1116.0,59135.0,1,Bank transfer,True,True,False
C10573,Bengaluru,50,F,31,Premium,Month-to-month,1590.0,47199.0,2,UPI,True,True,False
C12103,Chennai,68,F,1,Premium,Month-to-month,1231.0,1209.0,2,UPI,False,False,True
C11248,Bengaluru,60,M,11,Basic,Month-to-month,713.0,7602.0,1,Cash,True,False,True
C16450,Kochi,28,M,34,Basic,Month-to-month,394.0,13215.0,2,Card,False,False,False
C11306,Bengaluru,55,F,31,Standard,Two year,639.0,19070.0,0,Card,False,False,False
C12491,Hyderabad,57,F,9,Standard,Month-to-month,932.0,8080.0,2,UPI,False,True,False
C15170,Pune,72,F,27,Basic,One year,879.0,23178.0,4,UPI,True,True,False
C15616,Hyderabad,59,M,50,Standard,Two year,985.0,48863.0,2,UPI,True,False,False
C12495,Bengaluru,27,F,60,Basic,Two year,690.0,41058.0,0,Card,True,False,False
C12867,Hyderabad,51,F,33,Premium,Month-to-month,1228.0,39140.0,0,UPI,False,False,False
C13248,Bengaluru,40,F,11,Basic,Month-to-month,701.0,7684.0,3,UPI,True,False,False
C11305,Hyderabad,57,M,34,Standard,One year,1021.0,34297.0,2,Bank transfer,True,False,False
C12896,Bengaluru,56,M,18,Standard,Month-to-month,685.0,11787.0,0,Card,False,False,True
C10832,Hyderabad,19,M,19,Standard,Month-to-month,794.0,14704.0,3,UPI,False,True,False
C16430,Hyderabad,72,M,54,Basic,Two year,458.0,24227.0,0,UPI,False,False,False
C12213,Chennai,19,M,30,Premium,Month-to-month,1151.0,33048.0,1,UPI,False,False,True
C10539,Kochi,45,F,16,Basic,Month-to-month,382.0,5809.0,3,UPI,False,False,True
C11211,Kochi,56,M,16,Premium,Month-to-month,1182.0,18123.0,1,UPI,False,False,True
C14012,Pune,51,M,39,Standard,Month-to-month,761.0,28460.0,3,UPI,False,False,True
C13952,Pune,28,F,27,Premium,One year,1200.0,30856.0,0,UPI,False,False,False
C10893,Bengaluru,45,F,30,Premium,Month-to-month,1135.0,33533.0,3,Card,False,False,False
C11144,Kochi,68,F,5,Basic,Month-to-month,658.0,3226.0,3,UPI,True,False,True
C14976,Kochi,32,F,22,Premium,Month-to-month,1482.0,30980.0,6,Card,True,False,True
C11054,Pune,38,M,12,Basic,Month-to-month,866.0,10138.0,1,UPI,True,True,False
C13572,Chennai,55,M,40,Standard,One year,863.0,33093.0,3,Bank transfer,False,True,False
C12296,Bengaluru,33,F,68,Basic,Two year,652.0,44092.0,1,UPI,True,False,False
C16905,Pune,67,F,7,Basic,Two year,829.0,5629.0,2,Cash,True,True,False
C11056,Pune,31,F,60,Standard,One year,751.0,44351.0,1,Cash,False,False,False
C16266,Kochi,44,F,27,Basic,Month-to-month,353.0,9521.0,1,UPI,False,False,False
C14397,Kochi,38,M,27,Premium,Month-to-month,1505.0,39985.0,2,UPI,True,False,False
C13906,Bengaluru,66,M,15,Basic,Month-to-month,757.0,11355.0,2,UPI,True,True,False
C10945,Bengaluru,50,M,11,Standard,One year,1177.0,12742.0,2,Card,True,True,False
C11813,Pune,42,F,58,Basic,Two year,563.0,31927.0,0,Bank transfer,False,True,False
C10695,Bengaluru,19,M,28,Premium,Month-to-month,1674.0,46314.0,0,Bank transfer,True,True,False
C13322,Bengaluru,31,M,40,Standard,One year,1140.0,43642.0,0,UPI,True,True,False
C13437,Hyderabad,18,M,20,Basic,Two year,316.0,6271.0,2,Card,False,False,False
C15533,Bengaluru,22,F,4,Premium,Month-to-month,1636.0,6337.0,1,Card,True,True,False
C10297,Hyderabad,48,F,61,Standard,One year,874.0,51081.0,3,UPI,False,True,False
C13713,Pune,40,M,69,Basic,Two year,749.0,49484.0,1,Bank transfer,True,False,False
C16571,Chennai,67,F,67,Standard,One year,951.0,60733.0,0,UPI,False,True,False
C15218,Hyderabad,29,M,9,Premium,Month-to-month,1256.0,11001.0,1,Cash,False,False,False
C14239,Chennai,67,M,35,Premium,One year,1328.0,44726.0,1,Cash,False,True,False
C16046,Hyderabad,68,M,23,Premium,Month-to-month,1208.0,26744.0,0,UPI,False,False,True
C11572,Hyderabad,51,F,13,Standard,Month-to-month,738.0,9241.0,1,Card,False,False,True
C10346,Hyderabad,73,M,9,Standard,Month-to-month,1106.0,9901.0,3,UPI,True,True,False
C11747,Chennai,39,F,70,Basic,One year,649.0,43436.0,1,Cash,True,False,False
C15489,Chennai,48,F,32,Basic,Month-to-month,858.0,26257.0,1,Card,True,True,False
C11966,Hyderabad,68,F,38,Basic,One year,655.0,24093.0,0,Cash,True,False,False
C15563,Bengaluru,41,M,27,Standard,Month-to-month,1004.0,26741.0,2,UPI,True,False,False
C14033,Chennai,25,F,14,Standard,One year,1155.0,15970.0,1,Card,True,True,False
C13929,Bengaluru,47,M,21,Basic,Month-to-month,704.0,14298.0,0,Card,True,False,True
C13936,Chennai,35,M,32,Standard,Two year,723.0,22201.0,2,Card,False,False,False
C16326,Hyderabad,39,F,25,Basic,Month-to-month,438.0,10857.0,1,UPI,False,False,False
C11566,Bengaluru,48,F,25,Premium,Month-to-month,1675.0,40717.0,0,UPI,True,True,False
C14501,Hyderabad,22,M,51,Standard,One year,1158.0,58043.0,1,Cash,True,True,False
C13855,Pune,64,M,28,Basic,Month-to-month,380.0,10307.0,1,Card,False,False,True
C14872,Chennai,60,M,41,Premium,Two year,1503.0,61040.0,1,Bank transfer,True,False,False
C10993,Chennai,29,F,43,Basic,One year,582.0,24775.0,2,UPI,False,True,False
C11501,Hyderabad,43,M,61,Basic,Two year,945.0,54793.0,0,Cash,True,True,False
C10451,Chennai,51,M,34,Premium,Month-to-month,1363.0,44887.0,2,UPI,False,True,False
C11914,Bengaluru,20,M,41,Standard,Two year,964.0,38592.0,0,UPI,True,False,False
C14157,Bengaluru,64,F,19,Standard,Month-to-month,896.0,16235.0,0,Card,False,True,True
C16742,Chennai,63,F,26,Basic,Two year,832.0,21125.0,2,UPI,True,True,False
C10480,Bengaluru,62,M,17,Premium,One year,1677.0,27753.0,1,UPI,True,True,True
C16226,Pune,35,M,24,Premium,One year,1494.0,35212.0,2,Card,True,False,False
C15404,Chennai,20,F,37,Basic,Month-to-month,681.0,24278.0,1,UPI,True,False,False
C16708,Pune,67,M,47,Basic,One year,356.0,16141.0,1,UPI,False,False,False
C15203,Bengaluru,55,F,10,Standard,Month-to-month,1047.0,10136.0,1,UPI,True,False,True
C15443,Hyderabad,52,F,9,Premium,One year,1384.0,12242.0,3,Cash,False,True,True
C12802,Chennai,68,F,13,Basic,Month-to-month,720.0,9243.0,2,Cash,True,False,False
C13481,Hyderabad,24,M,39,Basic,Month-to-month,628.0,24022.0,0,Card,True,False,False
C10473,Pune,73,M,38,Basic,Month-to-month,852.0,31857.0,2,Card,True,True,False
C14891,Kochi,51,F,20,Basic,Two year,365.0,6991.0,0,UPI,False,False,False
C11951,Pune,38,M,20,Premium,Month-to-month,1202.0,23600.0,1,Card,False,False,True
C12182,Hyderabad,27,M,30,Standard,One year,653.0,19357.0,0,Cash,False,False,False
C14691,Hyderabad,55,M,22,Standard,Two year,760.0,15514.0,0,Card,False,False,True
C13755,Chennai,39,M,38,Premium,One year,1486.0,54514.0,1,Card,True,False,False
C15280,Bengaluru,55,F,67,Standard,Two year,723.0,46633.0,0,Cash,False,False,False
C15569,Pune,36,F,52,Standard,One year,1055.0,53891.0,1,Card,True,False,False
C15257,Hyderabad,21,M,51,Basic,One year,690.0,33927.0,1,Cash,True,False,False
C13067,Hyderabad,63,F,40,Basic,One year,637.0,24632.0,0,Bank transfer,True,False,False
C12339,Pune,30,F,63,Standard,One year,968.0,58980.0,2,Cash,True,False,False
C13979,Chennai,36,F,26,Basic,Two year,718.0,18319.0,1,Card,True,False,False
C10724,Hyderabad,31,M,26,Premium,Two year,1444.0,36805.0,1,Card,True,False,False
C10350,Bengaluru,34,M,62,Basic,One year,855.0,52359.0,2,UPI,True,True,False
C10765,Pune,63,F,11,Premium,One year,1206.0,13266.0,1,UPI,False,False,False
C15392,Pune,53,M,62,Basic,Two year,699.0,42684.0,1,Card,True,False,False
C10188,Bengaluru,25,M,24,Basic,Month-to-month,693.0,16534.0,0,Card,True,False,False
C16808,Hyderabad,45,F,25,Basic,Month-to-month,695.0,16962.0,2,UPI,True,False,False
C14780,Hyderabad,49,M,56,Standard,One year,666.0,37066.0,2,Card,False,False,False
C14522,Kochi,66,F,29,Standard,One year,1070.0,30010.0,1,Bank transfer,True,False,False
C12654,Hyderabad,63,F,53,Standard,Two year,872.0,46070.0,2,Card,False,True,False
C14057,Chennai,69,M,29,Basic,Month-to-month,388.0,10815.0,2,Cash,False,False,True
C16236,Bengaluru,65,M,21,Basic,Two year,885.0,17908.0,1,UPI,True,True,False
C16119,Bengaluru,42,F,56,Standard,Two year,1107.0,60212.0,1,Card,True,True,False
C10660,Chennai,45,F,50,Basic,One year,739.0,36571.0,1,UPI,True,False,False
C16788,Bengaluru,23,M,12,Standard,Month-to-month,961.0,11078.0,0,Card,True,False,True
C14777,Kochi,37,M,26,Basic,Month-to-month,675.0,16832.0,2,Cash,True,False,False
C13099,Hyderabad,67,M,9,Standard,Month-to-month,1086.0,9406.0,0,Bank transfer,True,True,True
C15065,Chennai,25,F,26,Premium,Month-to-month,1477.0,37495.0,2,Cash,True,False,False
C13905,Kochi,42,F,28,Standard,Month-to-month,1100.0,30575.0,1,Card,True,True,False
C11855,Chennai,59,F,46,Basic,One year,724.0,31790.0,1,UPI,True,False,False
C10733,Bengaluru,73,F,19,Standard,Two year,731.0,13218.0,4,Card,False,False,False
C14993,Pune,22,F,14,Standard,Month-to-month,961.0,13064.0,1,UPI,True,False,True
C11592,Hyderabad,42,F,31,Basic,Two year,405.0,12187.0,1,Card,False,False,False
C13449,Bengaluru,24,M,67,Standard,One year,709.0,45346.0,3,UPI,False,False,False
C14768,Bengaluru,28,M,57,Basic,One year,618.0,33675.0,1,UPI,False,True,False
C11620,Bengaluru,21,F,34,Premium,Month-to-month,1372.0,44035.0,2,UPI,False,True,True
C14909,Pune,23,M,1,Standard,Month-to-month,646.0,621.0,0,Card,False,False,False
C14233,Bengaluru,47,F,48,Standard,One year,702.0,32127.0,0,Card,False,False,False
C12806,Pune,61,M,2,Basic,Month-to-month,790.0,1504.0,1,Card,True,True,False
C14023,Kochi,57,M,12,Premium,One year,1409.0,16706.0,1,UPI,False,True,False
C10984,Bengaluru,42,F,15,Basic,One year,609.0,8819.0,4,Bank transfer,False,True,True
C15413,Hyderabad,33,F,11,Basic,Month-to-month,824.0,8733.0,2,UPI,True,True,False
C10484,Hyderabad,49,F,4,Standard,Month-to-month,1006.0,3878.0,1,Cash,True,False,True
C16276,Pune,71,M,26,Basic,One year,733.0,18968.0,2,UPI,True,False,False
C11602,Bengaluru,21,F,25,Standard,Month-to-month,980.0,24098.0,0,Bank transfer,True,False,False
C14661,Bengaluru,60,M,61,Premium,Two year,1213.0,71329.0,1,UPI,False,False,False
C10234,Pune,41,F,31,Standard,Two year,1109.0,33338.0,0,Card,True,True,False
C16700,Bengaluru,22,F,35,Basic,Month-to-month,682.0,23688.0,0,Card,True,False,True
C11835,Pune,29,M,47,Standard,Two year,776.0,35871.0,0,Card,False,True,False
C10807,Hyderabad,53,M,34,Premium,One year,1566.0,53135.0,2,Card,True,False,False
C10424,Kochi,40,F,28,Standard,Month-to-month,854.0,22924.0,1,UPI,False,True,True
C16294,Pune,69,M,13,Premium,Two year,1620.0,21060.0,3,UPI,True,True,False
C15459,Hyderabad,59,F,1,Basic,Month-to-month,728.0,727.0,2,Card,True,False,False
C13976,Hyderabad,55,F,19,Basic,Month-to-month,692.0,12531.0,4,Card,True,False,True
C10219,Kochi,47,F,29,Standard,One year,1049.0,30076.0,2,Card,True,False,True
C11604,Hyderabad,69,M,5,Standard,Month-to-month,856.0,4215.0,0,Card,False,True,False
C11632,Hyderabad,63,M,28,Premium,Month-to-month,1349.0,37685.0,0,UPI,False,True,False
C12470,Hyderabad,30,F,28,Premium,Month-to-month,1754.0,47235.0,0,UPI,True,True,False
C14785,Hyderabad,68,M,37,Basic,One year,692.0,24556.0,3,UPI,True,False,False
C14573,Chennai,37,M,21,Basic,Month-to-month,747.0,14997.0,2,Bank transfer,True,False,False
C15076,Hyderabad,54,M,24,Standard,Month-to-month,999.0,23162.0,1,UPI,True,False,False
C12565,Chennai,34,F,30,Basic,One year,682.0,19823.0,0,Card,True,False,False
C14763,Chennai,47,M,62,Basic,One year,356.0,21883.0,2,Cash,False,False,False
C15628,Pune,26,M,67,Standard,One year,1034.0,66092.0,0,Cash,True,False,False
C10085,Chennai,56,F,3,Basic,Month-to-month,710.0,2093.0,0,Card,True,False,True
C13236,Kochi,52,M,29,Standard,Month-to-month,718.0,20057.0,2,Card,False,False,False
C11528,Hyderabad,46,M,63,Basic,Two year,653.0,39545.0,2,UPI,True,False,False
C16459,Pune,41,M,17,Standard,Month-to-month,683.0,11542.0,2,Card,False,False,True
C16405,Hyderabad,35,F,39,Premium,Month-to-month,1319.0,50265.0,2,Card,False,True,True
C14258,Bengaluru,19,M,5,Standard,Month-to-month,729.0,3597.0,0,Card,False,False,True
C16667,Pune,53,M,38,Premium,Month-to-month,1114.0,42132.0,2,Bank transfer,False,False,False
C11617,Hyderabad,20,M,59,Basic,One year,510.0,29128.0,0,UPI,False,True,False
C12084,Chennai,57,F,39,Standard,Month-to-month,1025.0,39027.0,0,UPI,True,False,True
C11102,Kochi,55,M,48,Basic,One year,382.0,17700.0,0,UPI,False,False,False
C13747,Hyderabad,48,F,30,Premium,Month-to-month,1495.0,44047.0,1,UPI,True,False,False
C12430,Bengaluru,47,F,29,Basic,One year,393.0,11130.0,2,UPI,False,False,False
C10083,Hyderabad,55,F,34,Premium,Month-to-month,1142.0,38222.0,0,UPI,False,False,True
C15182,Pune,64,M,25,Premium,Month-to-month,1362.0,33124.0,0,UPI,False,True,False
C14003,Pune,24,M,10,Premium,Month-to-month,1470.0,14700.0,2,Cash,True,False,True
C16963,Hyderabad,21,F,9,Basic,Month-to-month,726.0,6267.0,1,UPI,True,False,True
C15402,Hyderabad,59,F,3,Standard,Month-to-month,1042.0,3126.0,2,Cash,True,False,True
C11368,Chennai,54,F,25,Standard,Month-to-month,1093.0,27001.0,0,UPI,True,True,False
C12188,Chennai,42,M,39,Standard,Two year,715.0,26738.0,1,Card,False,False,False
C16033,Bengaluru,34,F,56,Basic,Two year,717.0,38560.0,1,UPI,True,False,False
C16343,Hyderabad,46,F,28,Basic,Two year,544.0,15129.0,2,UPI,False,True,False
C14037,Bengaluru,24,M,22,Basic,Month-to-month,563.0,12209.0,0,Cash,False,True,True
C10089,Hyderabad,22,F,53,Basic,One year,447.0,22612.0,4,UPI,False,False,False
C10082,Hyderabad,47,M,15,Basic,One year,723.0,10512.0,0,Card,True,False,False
C16971,Bengaluru,28,M,5,Standard,Month-to-month,712.0,3425.0,1,UPI,False,False,False
C15815,Bengaluru,49,M,62,Premium,Two year,1540.0,96567.0,1,Cash,True,False,False
C13530,Bengaluru,21,F,34,Premium,One year,1517.0,50970.0,0,Bank transfer,True,False,False
C12132,Bengaluru,61,M,11,Premium,One year,1468.0,15563.0,1,Card,True,False,False
C15688,Hyderabad,49,F,10,Basic,Month-to-month,664.0,6530.0,1,Card,True,False,True
C10061,Hyderabad,70,M,30,Basic,Month-to-month,836.0,24245.0,3,Card,True,True,True
C13456,Pune,69,M,38,Standard,Month-to-month,819.0,30112.0,1,Card,False,True,False
C10907,Pune,57,F,17,Premium,Month-to-month,1199.0,20236.0,1,Card,False,False,False
C12054,Pune,72,M,32,Basic,Month-to-month,692.0,22131.0,0,Card,True,False,False
C15579,Hyderabad,32,F,36,Basic,Month-to-month,698.0,23880.0,0,UPI,True,False,False
C11864,Bengaluru,66,F,8,Basic,Month-to-month,854.0,6653.0,2,UPI,True,True,False
C15466,Pune,43,F,55,Standard,One year,1060.0,57464.0,2,UPI,True,True,False
C14382,Chennai,57,M,37,Premium,One year,1499.0,53140.0,0,Card,True,False,False
C15495,Bengaluru,28,M,52,Standard,Two year,605.0,30131.0,0,UPI,False,False,False
C16030,Hyderabad,58,M,5,Standard,Month-to-month,947.0,4512.0,0,Card,True,False,False
C13536,Hyderabad,50,M,40,Basic,Two year,713.0,27530.0,0,UPI,True,False,False
C10901,Hyderabad,63,F,34,Standard,Month-to-month,812.0,27608.0,0,UPI,False,True,False
C11347,Hyderabad,57,M,68,Basic,Two year,485.0,32252.0,2,UPI,False,True,False
C14840,Pune,46,F,37,Standard,Two year,1042.0,37026.0,0,UPI,True,False,False
C14374,Kochi,22,M,27,Basic,Month-to-month,905.0,23680.0,0,UPI,True,True,False
C13971,Bengaluru,44,M,8,Basic,One year,635.0,4977.0,1,Card,False,True,True
C16910,Pune,48,F,32,Standard,Two year,721.0,22953.0,1,Card,False,False,False
C10108,Hyderabad,43,F,19,Premium,Month-to-month,1189.0,21477.0,0,Bank transfer,False,False,False
C12596,Hyderabad,28,M,31,Basic,Month-to-month,648.0,19846.0,2,Bank transfer,True,False,False
C13515,Hyderabad,67,F,7,Standard,Month-to-month,1156.0,8085.0,4,Bank transfer,True,True,False
C15684,Chennai,59,F,23,Standard,Two year,961.0,21216.0,0,UPI,True,False,False
C16507,Bengaluru,19,M,7,Premium,Month-to-month,1653.0,11571.0,2,Card,True,True,True
C14877,Pune,57,M,29,Standard,One year,668.0,19023.0,0,Bank transfer,False,False,False
C16839,Chennai,65,M,18,Basic,Month-to-month,717.0,12349.0,1,Cash,True,False,False
C12707,Bengaluru,43,M,31,Basic,One year,678.0,20865.0,3,Card,True,False,False
C15662,Bengaluru,56,M,23,Premium,Month-to-month,1203.0,26396.0,0,Bank transfer,False,False,False
C16025,Hyderabad,47,M,23,Basic,Two year,677.0,15320.0,1,Card,True,False,False
C13490,Bengaluru,28,F,18,Basic,Month-to-month,666.0,11403.0,1,Card,True,False,False
C11479,Hyderabad,45,M,38,Basic,Month-to-month,559.0,20483.0,2,UPI,False,True,False
C14750,Hyderabad,44,M,32,Premium,Month-to-month,1540.0,49280.0,0,Card,True,False,False
C16620,Bengaluru,40,F,18,Basic,Month-to-month,711.0,12191.0,1,UPI,True,False,False
C12730,Pune,54,F,12,Standard,Month-to-month,691.0,8292.0,0,Cash,False,False,False
C13245,Bengaluru,53,M,9,Basic,Month-to-month,672.0,5872.0,3,Bank transfer,True,False,False
C16877,Chennai,20,F,38,Premium,Month-to-month,1502.0,56585.0,2,Card,True,False,False
C15238,Hyderabad,52,M,7,Basic,One year,364.0,2462.0,0,UPI,False,False,False
C10527,Hyderabad,54,F,40,Basic,One year,699.0,27778.0,1,Card,True,False,False
C16878,Bengaluru,42,M,25,Standard,One year,1019.0,24873.0,1,Cash,True,False,False
C13109,Bengaluru,58,F,3,Standard,Month-to-month,669.0,1944.0,1,Bank transfer,False,False,True
C12193,Hyderabad,70,F,22,Premium,Month-to-month,1190.0,25603.0,3,UPI,False,False,False
C13021,Pune,38,F,33,Premium,Month-to-month,1551.0,49638.0,2,Card,True,True,False
C12030,Chennai,67,M,17,Basic,One year,559.0,9377.0,2,UPI,False,True,True
C11192,Hyderabad,32,F,19,Basic,Two year,716.0,13483.0,3,UPI,True,False,False
C11496,Kochi,63,F,6,Standard,Month-to-month,743.0,4260.0,0,UPI,False,False,True
C15168,Bengaluru,21,M,7,Basic,Month-to-month,374.0,2544.0,2,UPI,False,False,True
C15114,Chennai,34,M,28,Standard,Month-to-month,731.0,20468.0,1,UPI,False,False,True
C10581,Kochi,53,M,37,Standard,One year,1126.0,39779.0,3,Card,True,True,False
C16552,Chennai,55,M,2,Basic,Month-to-month,593.0,1160.0,0,UPI,True,False,True
C15590,Bengaluru,51,F,19,Standard,Two year,1093.0,20551.0,2,Card,True,True,False
C10655,Bengaluru,64,F,41,Basic,Two year,683.0,27680.0,0,UPI,True,False,False
C14062,Hyderabad,35,M,37,Basic,Two year,815.0,30155.0,1,UPI,True,True,False
C10998,Pune,30,M,40,Standard,One year,1166.0,45706.0,2,UPI,True,True,False
C15490,Kochi,37,F,36,Premium,Two year,1193.0,42002.0,0,Bank transfer,False,False,False
C15656,Chennai,55,F,25,Premium,Month-to-month,1452.0,35790.0,1,Bank transfer,True,False,False
C11382,Kochi,46,M,6,Basic,Month-to-month,383.0,2273.0,2,Card,False,False,False
C11843,Pune,48,M,9,Basic,Two year,409.0,3526.0,0,Bank transfer,False,False,False
C15571,Hyderabad,64,M,59,Premium,Two year,1112.0,64197.0,0,Bank transfer,False,False,False
C14930,Hyderabad,69,M,66,Basic,One year,314.0,19952.0,1,UPI,False,False,False
C11218,Chennai,43,F,55,Basic,One year,616.0,33880.0,0,UPI,True,False,False
C12529,Pune,66,F,71,Basic,One year,548.0,38769.0,2,UPI,False,True,False
C10648,Hyderabad,33,M,37,Basic,One year,698.0,25064.0,1,Card,True,False,False
C13577,Hyderabad,25,F,18,Standard,Month-to-month,678.0,11651.0,1,UPI,False,False,True
C16113,Chennai,24,F,62,Standard,One year,1132.0,69313.0,1,UPI,True,True,False
C11816,Bengaluru,24,F,56,Standard,One year,991.0,54116.0,3,Card,True,False,False
C12987,Pune,55,M,15,Basic,Month-to-month,661.0,9552.0,0,Cash,True,False,False
C15403,Bengaluru,63,M,13,Standard,Month-to-month,1155.0,14980.0,0,Card,True,True,False
C11251,Bengaluru,52,M,29,Standard,One year,1144.0,33051.0,1,Cash,True,True,False
C11413,Hyderabad,66,M,16,Premium,Month-to-month,1576.0,24014.0,0,Cash,True,True,True
C16358,Kochi,61,F,9,Premium,Month-to-month,1200.0,10532.0,1,Bank transfer,False,False,True
C16690,Pune,72,M,59,Standard,Two year,1097.0,63397.0,2,UPI,True,True,False
C16279,Chennai,21,F,15,Premium,Month-to-month,1515.0,21800.0,2,Card,True,False,False
C16496,Bengaluru,62,M,23,Standard,One year,959.0,20977.0,1,UPI,True,False,False
C14140,Bengaluru,21,F,64,Premium,Two year,1452.0,92492.0,0,UPI,True,False,False
C12574,Chennai,71,M,36,Premium,Month-to-month,1403.0,50491.0,0,UPI,False,True,True
C14914,Chennai,18,M,42,Premium,Two year,1177.0,47803.0,3,Card,False,False,False
C14628,Pune,22,M,18,Basic,Month-to-month,847.0,14768.0,1,UPI,True,True,False
C14686,Chennai,63,M,67,Basic,One year,834.0,53282.0,1,UPI,True,True,False
C11859,Bengaluru,24,F,24,Standard,Month-to-month,988.0,23135.0,2,UPI,True,False,False
C16604,Chennai,37,F,52,Standard,Two year,695.0,34790.0,2,Bank transfer,False,False,False
C13885,Pune,30,M,32,Standard,Two year,996.0,31470.0,3,UPI,True,False,False
C15890,Hyderabad,62,F,38,Standard,Month-to-month,967.0,35883.0,0,UPI,True,False,False
C11554,Pune,26,F,13,Premium,Month-to-month,1481.0,19161.0,2,UPI,True,False,False
C13993,Hyderabad,48,F,34,Basic,Month-to-month,507.0,16408.0,2,Bank transfer,False,True,True
C11658,Hyderabad,71,M,6,Standard,Month-to-month,627.0,3661.0,4,Card,False,False,False
C14595,Bengaluru,56,M,24,Standard,One year,661.0,15590.0,1,Bank transfer,False,False,False
C13865,Hyderabad,73,M,14,Standard,Month-to-month,1018.0,13766.0,4,UPI,True,False,False
C14407,Pune,68,M,28,Premium,Month-to-month,1500.0,41135.0,2,Cash,True,False,False
C10327,Chennai,69,F,30,Standard,Month-to-month,940.0,27930.0,1,UPI,True,False,False
C13000,Hyderabad,68,M,37,Standard,One year,1192.0,43837.0,1,UPI,True,True,False
C12096,Bengaluru,74,F,27,Standard,Month-to-month,758.0,20055.0,2,UPI,False,False,False
C10911,Hyderabad,39,M,35,Premium,One year,1630.0,55688.0,0,Bank transfer,True,True,False
C10127,Pune,26,F,15,Premium,Month-to-month,1496.0,21493.0,1,UPI,True,False,False
C10043,Chennai,24,F,37,Basic,Two year,357.0,12631.0,2,Card,False,False,False
C14284,Bengaluru,29,M,36,Basic,Month-to-month,687.0,23581.0,1,UPI,True,False,False
C15639,Bengaluru,44,F,28,Basic,Two year,695.0,18825.0,0,UPI,True,False,False
C12293,Chennai,41,M,21,Standard,Two year,1107.0,22133.0,1,Bank transfer,True,True,False
C16834,Chennai,66,M,71,Premium,One year,1187.0,80227.0,1,Card,False,False,False
C15967,Hyderabad,40,M,46,Basic,One year,724.0,32942.0,3,UPI,True,False,False
C15018,Pune,44,M,28,Standard,One year,868.0,24152.0,1,UPI,False,True,False
C11404,Chennai,69,M,53,Basic,Two year,401.0,20788.0,1,UPI,False,False,False
C15565,Pune,27,M,14,Basic,Month-to-month,726.0,9681.0,2,Bank transfer,True,False,True
C12544,Hyderabad,24,M,12,Premium,One year,1179.0,13804.0,1,Card,False,False,False
C13491,Hyderabad,68,F,8,Premium,One year,1601.0,12351.0,1,Card,True,True,False
C10290,Pune,70,M,63,Basic,Two year,775.0,48712.0,0,Cash,True,True,False
C10470,Bengaluru,51,F,21,Basic,Month-to-month,450.0,9208.0,4,Cash,False,False,False
C11548,Hyderabad,24,M,29,Basic,Month-to-month,391.0,10964.0,0,Bank transfer,False,False,False
C13839,Bengaluru,37,M,4,Standard,Month-to-month,692.0,2717.0,1,UPI,False,False,True
C16887,Chennai,61,F,1,Standard,Month-to-month,963.0,927.0,1,Card,True,False,False
C10011,Hyderabad,54,M,49,Basic,Two year,701.0,33787.0,0,Card,True,False,False
C11741,Bengaluru,49,M,7,Standard,One year,1050.0,7079.0,1,Bank transfer,True,False,False
C12500,Bengaluru,61,F,13,Premium,One year,1625.0,20452.0,2,UPI,True,True,True
C14291,Bengaluru,42,M,62,Standard,Two year,968.0,60016.0,1,UPI,True,False,False
C11467,Hyderabad,55,M,20,Premium,Two year,1237.0,23712.0,1,Card,False,False,False
C12027,Pune,65,M,28,Premium,Month-to-month,1432.0,39720.0,2,UPI,True,False,False
C11677,Pune,56,M,12,Basic,Month-to-month,396.0,4594.0,0,UPI,False,False,False
C10853,Pune,63,F,26,Basic,Month-to-month,761.0,19710.0,1,Card,True,True,False
C13120,Hyderabad,44,M,69,Standard,Two year,1150.0,78714.0,2,Card,True,True,False
C15933,Chennai,23,F,17,Standard,Month-to-month,675.0,11096.0,0,UPI,False,False,True
C15806,Chennai,62,F,34,Standard,Two year,892.0,29368.0,0,Card,True,False,False
C14577,Hyderabad,54,F,36,Standard,Month-to-month,1090.0,37483.0,1,UPI,True,True,False
C12110,Chennai,65,F,1,Standard,Month-to-month,1105.0,1105.0,2,Card,True,True,True
C15804,Hyderabad,71,F,10,Basic,Month-to-month,501.0,4804.0,0,UPI,False,True,False
C13869,Hyderabad,53,M,11,Basic,Month-to-month,705.0,7452.0,0,Card,True,False,False
C16553,Hyderabad,63,M,44,Standard,Two year,1011.0,42873.0,2,Card,True,False,False
C10594,Kochi,47,F,58,Standard,Two year,1004.0,56840.0,1,Bank transfer,True,False,False
C12645,Kochi,52,F,41,Basic,One year,715.0,27997.0,1,Card,True,False,False
C16406,Bengaluru,19,F,12,Standard,Two year,861.0,10047.0,0,Card,False,True,False
C12897,Pune,35,M,5,Premium,Month-to-month,1452.0,7116.0,1,UPI,True,False,True
C16682,Hyderabad,63,M,18,Standard,Month-to-month,822.0,14134.0,1,UPI,False,True,False
C10875,Hyderabad,64,M,35,Standard,Month-to-month,1143.0,38505.0,0,UPI,True,True,False
C15944,Hyderabad,38,F,31,Standard,Month-to-month,1027.0,31368.0,2,UPI,True,False,False
C14966,Pune,58,F,39,Basic,Month-to-month,690.0,26295.0,1,UPI,True,False,False
C13711,Hyderabad,69,M,41,Basic,Two year,698.0,27771.0,0,Card,True,False,False
C11314,Pune,49,F,39,Standard,One year,969.0,36134.0,1,Cash,True,False,False
C16698,Kochi,62,F,22,Standard,Month-to-month,696.0,14832.0,2,UPI,False,False,False
C14620,Kochi,53,M,8,Premium,Two year,1505.0,11931.0,1,UPI,True,False,False
C10692,Hyderabad,51,M,17,Basic,One year,656.0,10975.0,3,Bank transfer,True,False,False
C15328,Chennai,24,M,17,Basic,Two year,593.0,10013.0,2,UPI,False,True,False
C16755,Bengaluru,20,F,12,Standard,Month-to-month,840.0,10024.0,2,UPI,False,True,True
C16257,Bengaluru,63,M,37,Premium,Month-to-month,1726.0,62379.0,1,Card,True,True,False
C16975,Hyderabad,49,F,15,Standard,Month-to-month,1153.0,16512.0,1,Cash,True,True,False
C12908,Chennai,74,F,39,Basic,One year,601.0,22324.0,2,UPI,False,True,False
C13499,Bengaluru,41,M,57,Premium,One year,1258.0,70500.0,1,Card,False,False,False
C14460,Bengaluru,24,F,3,Standard,Month-to-month,1029.0,2955.0,1,Cash,True,False,True
C15153,Chennai,21,M,28,Standard,Month-to-month,987.0,27496.0,2,UPI,True,False,False
C14981,Bengaluru,67,M,30,Basic,Month-to-month,499.0,14658.0,1,UPI,False,False,True
C10477,Bengaluru,65,M,50,Premium,Two year,1693.0,81427.0,1,UPI,True,True,False
C11264,Bengaluru,29,F,32,Standard,Month-to-month,995.0,30685.0,1,Card,True,False,False
C16987,Bengaluru,19,M,22,Basic,Month-to-month,390.0,8562.0,0,Bank transfer,False,False,True
C14938,Bengaluru,30,F,48,Basic,Two year,379.0,18179.0,2,UPI,False,False,False
C15847,Bengaluru,63,F,1,Standard,Month-to-month,675.0,668.0,0,UPI,False,False,True
C16027,Hyderabad,22,F,2,Basic,Month-to-month,726.0,1381.0,1,Bank transfer,True,False,False
C16310,Pune,44,M,7,Basic,Two year,862.0,5820.0,2,UPI,True,True,True
C15631,Kochi,63,F,32,Basic,Two year,909.0,27898.0,3,UPI,True,True,False
C10861,Bengaluru,71,F,58,Basic,One year,728.0,40519.0,1,UPI,True,False,False
C12191,Hyderabad,57,M,67,Standard,Two year,1031.0,68453.0,2,Bank transfer,True,False,False
C11612,Pune,21,F,28,Basic,One year,674.0,18232.0,1,Cash,True,False,False
C10731,Chennai,26,F,12,Premium,Month-to-month,1670.0,19960.0,0,Bank transfer,True,True,True
C16479,Hyderabad,42,F,56,Basic,One year,831.0,44696.0,1,Bank transfer,True,True,False
C10643,Chennai,46,M,37,Premium,Month-to-month,1180.0,41752.0,2,UPI,False,False,False
C12248,Bengaluru,21,F,39,Basic,Month-to-month,521.0,19456.0,1,Card,False,True,False
C11342,Bengaluru,29,F,3,Basic,Month-to-month,674.0,2019.0,2,Card,True,False,True
C15005,Pune,35,M,34,Basic,Month-to-month,451.0,14723.0,4,Card,False,False,True
C16606,Chennai,62,M,32,Basic,Month-to-month,702.0,22256.0,2,Bank transfer,True,False,False
C11522,Bengaluru,34,F,1,Basic,Month-to-month,878.0,861.0,2,Card,True,True,True
C10611,Bengaluru,54,F,12,Basic,Month-to-month,698.0,8012.0,1,Card,True,False,False
C10159,Hyderabad,35,F,53,Basic,One year,662.0,34106.0,2,UPI,True,False,True
C10926,Kochi,53,M,35,Standard,Month-to-month,663.0,22356.0,0,UPI,False,False,False
C14536,Chennai,58,M,32,Basic,Month-to-month,601.0,18744.0,1,Cash,False,True,False
C10805,Bengaluru,74,M,27,Basic,Month-to-month,319.0,8418.0,5,Card,False,False,True
C13960,Chennai,63,M,25,Basic,Two year,659.0,16095.0,0,UPI,True,False,True
C14430,Bengaluru,67,F,42,Premium,One year,1209.0,49258.0,1,Bank transfer,False,False,False
C14848,Pune,54,F,49,Premium,One year,1265.0,60574.0,3,UPI,False,False,False
C14372,Hyderabad,21,M,61,Basic,One year,692.0,40253.0,0,UPI,True,False,False
C16677,Hyderabad,74,F,59,Standard,One year,1081.0,63167.0,0,UPI,True,True,False
C10764,Bengaluru,58,M,66,Standard,One year,1085.0,69029.0,1,Card,True,False,False
C14647,Kochi,73,M,24,Premium,Month-to-month,1520.0,36480.0,2,UPI,True,False,False
C16541,Pune,27,F,44,Basic,One year,704.0,30305.0,2,Bank transfer,True,False,False
C15117,Chennai,31,F,39,Standard,Month-to-month,1026.0,38159.0,0,UPI,True,False,False
C12031,Chennai,25,M,2,Standard,Month-to-month,818.0,1616.0,1,UPI,False,True,False
C16411,Hyderabad,37,M,46,Basic,Two year,697.0,31574.0,1,UPI,True,False,False
C14588,Kochi,65,M,5,Premium,Month-to-month,1189.0,5648.0,1,Card,False,False,True
C10052,Hyderabad,64,M,25,Basic,Month-to-month,567.0,13557.0,0,UPI,False,True,False
C11254,Bengaluru,50,M,8,Premium,Month-to-month,1464.0,11351.0,0,UPI,True,False,False
C15727,Hyderabad,21,M,32,Standard,One year,829.0,26499.0,1,UPI,False,True,False
C12215,Chennai,62,F,30,Standard,Month-to-month,983.0,28315.0,1,Cash,True,False,True
C10755,Bengaluru,57,F,25,Standard,Month-to-month,602.0,14594.0,1,Cash,False,False,False
C16004,Hyderabad,44,F,26,Basic,Two year,674.0,17372.0,1,Card,True,False,False
C11477,Bengaluru,20,F,3,Basic,Month-to-month,573.0,1692.0,1,Cash,False,True,True
C10520,Pune,68,M,7,Basic,One year,610.0,4222.0,1,UPI,True,False,False
C13896,Bengaluru,52,M,5,Basic,Month-to-month,702.0,3502.0,2,Card,True,False,True
C14937,Kochi,64,F,30,Basic,One year,395.0,11373.0,2,Cash,False,False,True
C12190,Chennai,34,F,25,Standard,Month-to-month,1220.0,29012.0,3,Bank transfer,True,True,True
C10155,Chennai,22,M,46,Standard,One year,1185.0,52489.0,5,Cash,True,True,True
C15856,Bengaluru,24,F,2,Basic,Month-to-month,695.0,1366.0,0,Card,True,False,False
C15649,Kochi,47,F,20,Standard,Two year,632.0,12019.0,0,Cash,False,False,False
C10488,Hyderabad,45,M,37,Premium,Month-to-month,1467.0,53483.0,2,Card,True,False,False
C10183,Hyderabad,50,F,17,Premium,One year,1543.0,26025.0,2,Bank transfer,True,False,False
C14006,Kochi,49,F,12,Standard,Month-to-month,943.0,10998.0,1,Cash,True,False,False
C15945,Chennai,28,F,6,Basic,Month-to-month,444.0,2621.0,2,Cash,False,False,True
C15843,Pune,31,M,37,Premium,Month-to-month,1357.0,48790.0,2,Bank transfer,False,True,True
C16522,Chennai,37,M,64,Premium,Two year,1701.0,105931.0,1,UPI,True,True,False
C10656,Pune,49,F,70,Premium,Two year,1214.0,83767.0,3,Card,False,False,False
C13166,Bengaluru,25,F,33,Basic,One year,840.0,27309.0,0,UPI,True,True,False
C12040,Chennai,71,F,14,Basic,Month-to-month,652.0,8958.0,1,Card,True,False,False
C10679,Hyderabad,55,F,36,Basic,One year,674.0,23320.0,2,Cash,True,False,False
C13090,Hyderabad,73,F,6,Standard,Month-to-month,1022.0,5863.0,1,Card,True,False,True
C10269,Hyderabad,68,F,6,Standard,Month-to-month,963.0,5568.0,0,UPI,True,False,False
C10808,Pune,29,M,16,Premium,Month-to-month,1492.0,22745.0,1,Card,True,False,False
C10384,Hyderabad,26,F,37,Basic,Month-to-month,829.0,29436.0,0,UPI,True,True,False
C15647,Pune,23,M,22,Basic,Month-to-month,395.0,8354.0,1,Bank transfer,False,False,False
C14507,Kochi,40,F,33,Standard,Month-to-month,730.0,23802.0,3,Card,False,False,False
C10529,Hyderabad,34,M,9,Basic,Month-to-month,442.0,3818.0,1,Bank transfer,False,False,False
C14953,Chennai,64,F,16,Premium,Month-to-month,1276.0,19958.0,1,UPI,False,True,False
C13392,Hyderabad,31,F,17,Basic,Month-to-month,558.0,9185.0,1,UPI,False,True,True
C11725,Pune,59,M,53,Basic,One year,780.0,40315.0,2,Cash,True,False,False
C10986,Hyderabad,47,M,8,Standard,Month-to-month,1077.0,8340.0,1,Bank transfer,True,False,False
C15472,Pune,28,M,50,Basic,One year,818.0,39249.0,2,UPI,True,True,False
C15318,Hyderabad,42,F,3,Premium,Month-to-month,1526.0,4559.0,1,Card,True,False,False
C11799,Pune,57,F,46,Premium,One year,1191.0,53975.0,0,UPI,False,False,False
C10392,Pune,33,M,64,Basic,One year,398.0,24606.0,3,Card,False,False,False
C13564,Bengaluru,34,M,38,Basic,Month-to-month,742.0,26960.0,0,UPI,True,False,False
C15609,Chennai,62,F,13,Premium,Month-to-month,1407.0,17912.0,0,UPI,True,False,False
C11711,Pune,53,M,8,Basic,Month-to-month,786.0,6192.0,1,UPI,True,False,False
C12414,Pune,45,M,15,Basic,Month-to-month,878.0,12676.0,1,Cash,True,True,True
C15078,Bengaluru,31,F,36,Premium,One year,1452.0,50859.0,0,Bank transfer,True,False,False
C16693,Chennai,24,F,30,Basic,Month-to-month,810.0,24005.0,0,UPI,True,True,False
C14898,Bengaluru,72,M,6,Premium,Month-to-month,1144.0,6566.0,0,Bank transfer,False,False,False
C15553,Bengaluru,73,F,66,Premium,Two year,1723.0,110214.0,0,Card,True,True,False
C13931,Hyderabad,38,F,48,Basic,One year,807.0,38595.0,1,UPI,True,True,False
C15001,Kochi,37,F,38,Standard,One year,813.0,29820.0,0,UPI,False,True,False
C16510,Pune,67,M,15,Standard,Month-to-month,1006.0,14828.0,0,UPI,True,False,False
C11955,Chennai,30,F,55,Standard,Two year,675.0,37125.0,2,UPI,False,False,False
C14994,Bengaluru,24,M,68,Standard,One year,946.0,63522.0,2,Card,True,False,False
C15066,Chennai,53,M,10,Basic,Month-to-month,847.0,8380.0,0,Card,True,True,False
C16073,Bengaluru,24,F,68,Basic,Two year,830.0,55629.0,3,UPI,True,True,False
C15017,Pune,26,M,18,Premium,One year,1502.0,27035.0,2,UPI,True,False,True
C11293,Kochi,56,F,54,Standard,One year,1023.0,54600.0,1,UPI,True,False,False
C16176,Bengaluru,72,M,23,Standard,Month-to-month,658.0,15103.0,0,Card,False,False,False
C10788,Chennai,44,F,11,Basic,Two year,398.0,4217.0,0,UPI,False,False,False
C10995,Chennai,68,F,23,Premium,Two year,1419.0,31682.0,0,Cash,True,False,False
C10716,Chennai,61,F,4,Standard,Month-to-month,1210.0,4607.0,4,Card,True,True,False
C10835,Hyderabad,19,M,54,Standard,One year,1022.0,54811.0,2,Card,True,False,False
C13772,Chennai,31,M,43,Basic,One year,843.0,36249.0,2,Cash,True,True,False
C11439,Bengaluru,40,F,17,Basic,Month-to-month,714.0,11711.0,4,UPI,True,False,True
C11315,Chennai,70,F,37,Basic,Month-to-month,793.0,28169.0,0,Bank transfer,True,True,False
C14723,Chennai,48,F,71,Basic,Two year,703.0,49833.0,0,UPI,True,False,False
C11296,Pune,34,F,32,Premium,One year,1425.0,43625.0,0,Bank transfer,False,True,False
C15471,Kochi,68,M,17,Standard,Month-to-month,1009.0,16322.0,1,Card,True,False,False
C15600,Pune,70,F,33,Standard,Month-to-month,635.0,20879.0,0,UPI,False,False,True
C16753,Pune,72,M,24,Basic,Month-to-month,424.0,10176.0,0,Card,False,False,False
C14952,Chennai,70,M,36,Basic,Month-to-month,688.0,24263.0,1,UPI,True,False,False
C15260,Hyderabad,53,M,35,Standard,Month-to-month,1124.0,37532.0,2,Card,True,True,False
C11127,Chennai,24,F,2,Basic,Month-to-month,864.0,1657.0,2,UPI,True,True,False
C10351,Pune,67,F,1,Standard,Month-to-month,956.0,926.0,0,Cash,True,False,True
C10282,Hyderabad,26,F,30,Premium,Two year,1479.0,43101.0,1,UPI,True,False,False
C15826,Pune,62,F,11,Standard,Month-to-month,619.0,6683.0,0,Bank transfer,False,False,True
C15206,Chennai,56,F,25,Standard,Month-to-month,985.0,24486.0,5,UPI,True,False,True
C13688,Bengaluru,24,F,45,Basic,One year,625.0,26858.0,1,UPI,True,False,False
C12540,Bengaluru,50,M,26,Standard,Month-to-month,967.0,24099.0,3,Card,True,False,False
C13888,Hyderabad,50,F,36,Basic,Month-to-month,378.0,13382.0,0,Cash,False,False,False
C15163,Hyderabad,42,F,19,Premium,Month-to-month,1209.0,22327.0,2,UPI,False,False,False
C11635,Hyderabad,28,M,23,Standard,Month-to-month,698.0,15296.0,4,Card,False,False,False
C16587,Bengaluru,70,F,38,Standard,Two year,693.0,25448.0,2,UPI,False,False,False
C12250,Bengaluru,38,M,22,Premium,Month-to-month,1348.0,28424.0,3,UPI,False,True,False
C10220,Hyderabad,34,M,69,Standard,One year,966.0,65393.0,4,UPI,True,False,False
C11028,Chennai,23,F,41,Standard,One year,1055.0,42280.0,1,Bank transfer,True,False,False
C15948,Bengaluru,66,M,37,Standard,Month-to-month,896.0,31800.0,1,Cash,False,True,False
C11133,Bengaluru,26,F,18,Premium,Month-to-month,1656.0,29808.0,2,UPI,True,True,True
C16344,Bengaluru,61,M,8,Standard,One year,705.0,5375.0,1,UPI,False,False,False
C13902,Bengaluru,37,M,15,Basic,One year,880.0,12908.0,0,Bank transfer,True,True,False
C10022,Hyderabad,25,M,25,Basic,Month-to-month,741.0,18421.0,2,Card,True,False,False
C12479,Pune,65,M,31,Basic,Month-to-month,720.0,21604.0,2,UPI,True,False,False
C12161,Hyderabad,37,M,29,Basic,Two year,348.0,10092.0,3,Card,False,False,False
C16064,Chennai,45,M,14,Premium,Month-to-month,1690.0,23042.0,1,UPI,True,True,True
C10111,Chennai,18,M,43,Standard,Two year,633.0,26446.0,2,Card,False,False,False
C10455,Chennai,48,M,9,Standard,Two year,928.0,8272.0,0,UPI,True,False,False
C10160,Chennai,44,F,17,Premium,Month-to-month,1619.0,26646.0,2,Cash,True,True,False
C11733,Chennai,71,F,12,Standard,Month-to-month,728.0,8327.0,1,Cash,False,False,True
C15871,Hyderabad,29,F,34,Basic,Month-to-month,449.0,14568.0,3,Card,False,False,True
C10236,Kochi,38,M,66,Basic,Two year,701.0,45612.0,1,Bank transfer,True,False,False
C10820,Bengaluru,20,F,5,Standard,Month-to-month,816.0,3942.0,0,Bank transfer,False,True,False
C11701,Bengaluru,47,M,34,Premium,Month-to-month,1511.0,49420.0,1,Bank transfer,True,False,False
C14178,Kochi,55,F,24,Premium,Month-to-month,1490.0,34601.0,2,Bank transfer,True,False,False
C16898,Bengaluru,27,F,50,Basic,Two year,709.0,33911.0,0,Bank transfer,True,False,False
C11466,Pune,27,F,54,Basic,Two year,659.0,33872.0,0,UPI,True,False,False
C14676,Hyderabad,38,F,13,Standard,One year,792.0,9852.0,1,UPI,False,True,False
C16634,Bengaluru,41,M,14,Premium,Month-to-month,1458.0,20145.0,3,Cash,True,False,True
C16793,Bengaluru,65,F,39,Basic,Month-to-month,396.0,15082.0,0,Card,False,False,True
C11601,Chennai,18,F,18,Premium,Month-to-month,1196.0,21528.0,1,UPI,False,False,True
C13325,Chennai,40,M,69,Premium,One year,1353.0,89085.0,0,UPI,False,True,False
C14073,Chennai,37,M,19,Basic,Month-to-month,700.0,12852.0,2,Bank transfer,True,False,True
C16482,Bengaluru,70,F,60,Premium,One year,1485.0,86275.0,6,UPI,True,False,True
C11463,Chennai,62,M,16,Premium,Two year,1613.0,25027.0,0,UPI,True,True,False
C11012,Hyderabad,33,M,21,Standard,Month-to-month,1183.0,24221.0,3,Bank transfer,True,True,True
C12578,Chennai,33,M,31,Standard,Two year,709.0,21622.0,2,UPI,False,False,False
C12743,Hyderabad,36,M,62,Premium,One year,1695.0,102150.0,2,Card,True,True,False
C14748,Chennai,58,M,34,Standard,Two year,944.0,31387.0,0,Bank transfer,True,False,False
C11519,Hyderabad,18,F,49,Standard,One year,1095.0,51653.0,3,Card,True,True,False
C14304,Hyderabad,20,F,8,Standard,Month-to-month,1134.0,8638.0,0,UPI,True,True,True
C13504,Bengaluru,70,F,20,Basic,Month-to-month,413.0,7937.0,1,Card,False,False,False
C10272,Hyderabad,42,M,6,Standard,Month-to-month,1123.0,6611.0,0,UPI,True,True,False
C10493,Pune,39,F,36,Basic,Month-to-month,654.0,23520.0,1,Cash,True,False,False
C13202,Bengaluru,63,F,19,Premium,Month-to-month,1710.0,31575.0,0,UPI,True,True,False
C11155,Pune,38,M,60,Premium,Two year,1464.0,85032.0,2,Bank transfer,True,False,False
C15281,Hyderabad,48,M,71,Standard,One year,1035.0,70202.0,2,Cash,True,False,False
C14884,Chennai,29,F,17,Basic,Month-to-month,774.0,12961.0,1,Cash,True,False,False
C10071,Hyderabad,62,F,39,Basic,Month-to-month,618.0,23074.0,1,Card,True,False,False
C12429,Chennai,58,F,23,Standard,Month-to-month,1081.0,23913.0,2,Cash,True,True,False
C10149,Chennai,55,F,3,Standard,Month-to-month,1011.0,2981.0,3,Bank transfer,True,False,True
C12936,Hyderabad,54,F,52,Standard,Two year,950.0,49036.0,3,Card,True,False,False
C14964,Hyderabad,37,M,43,Standard,Two year,1151.0,49362.0,1,Bank transfer,True,True,False
C16363,Chennai,38,F,65,Basic,Two year,731.0,45447.0,1,Card,True,False,False
C10044,Pune,40,M,46,Standard,One year,986.0,44530.0,1,UPI,True,False,False
C13395,Kochi,71,M,6,Basic,Month-to-month,562.0,3317.0,0,Bank transfer,False,True,False
C10102,Kochi,36,M,27,Premium,Month-to-month,1348.0,35858.0,1,Cash,False,True,True
C12149,Bengaluru,70,M,70,Standard,One year,1158.0,81060.0,0,Card,True,True,False
C11828,Bengaluru,34,F,18,Standard,Month-to-month,723.0,12612.0,1,Card,False,False,True
C13403,Hyderabad,27,M,29,Basic,One year,702.0,20334.0,0,Bank transfer,True,False,False
C15627,Chennai,42,M,7,Basic,Month-to-month,764.0,5326.0,3,UPI,True,True,False
C10090,Hyderabad,20,F,10,Basic,Month-to-month,657.0,6259.0,1,UPI,True,False,True
C16329,Pune,70,M,22,Standard,Month-to-month,1150.0,23529.0,1,Card,True,True,True
C13689,Pune,20,M,21,Premium,Month-to-month,1303.0,26808.0,1,Card,False,True,False
C13547,Kochi,62,M,24,Basic,One year,689.0,16248.0,1,UPI,True,False,False
C15572,Chennai,58,F,24,Standard,Month-to-month,617.0,14642.0,1,Card,False,False,True
C16549,Bengaluru,54,M,22,Basic,Month-to-month,692.0,14864.0,1,Cash,True,False,False
C10556,Kochi,43,M,12,Standard,One year,806.0,9595.0,0,UPI,False,True,False
C14405,Bengaluru,44,F,20,Standard,Two year,802.0,15272.0,0,UPI,False,True,False
C12690,Hyderabad,20,F,22,Standard,Month-to-month,1117.0,23821.0,3,UPI,True,True,False
C14319,Hyderabad,50,M,10,Standard,Month-to-month,1002.0,9696.0,1,UPI,True,False,False
C12160,Hyderabad,73,F,29,Basic,Month-to-month,564.0,15937.0,3,Card,False,True,False
C10359,Bengaluru,36,F,38,Standard,One year,983.0,37251.0,0,UPI,True,False,False
C14919,Kochi,45,M,61,Basic,One year,534.0,32574.0,0,UPI,False,True,False
C15423,Bengaluru,27,M,33,Basic,Month-to-month,695.0,22055.0,1,Cash,True,False,True
C13494,Pune,70,F,67,Premium,One year,1184.0,78479.0,1,Card,False,False,False
C14812,Bengaluru,57,M,9,Standard,Month-to-month,962.0,8539.0,4,Bank transfer,True,False,True
C16581,Hyderabad,67,F,45,Standard,Two year,989.0,44455.0,2,Card,True,False,False
C11189,Pune,50,F,32,Premium,Month-to-month,1356.0,43009.0,0,Bank transfer,False,True,False
C16919,Kochi,30,F,38,Premium,Two year,1642.0,61387.0,2,UPI,True,True,False
C14380,Chennai,41,F,1,Standard,Month-to-month,1141.0,1128.0,0,Card,True,True,False
C16729,Hyderabad,60,M,36,Basic,Two year,337.0,11866.0,1,Card,False,False,False
C15390,Hyderabad,21,M,32,Standard,Month-to-month,650.0,19961.0,1,Bank transfer,False,False,True
C10398,Kochi,28,M,13,Premium,Month-to-month,1110.0,13986.0,0,UPI,False,False,True
C13079,Kochi,45,M,35,Standard,Month-to-month,1009.0,34346.0,0,Cash,True,False,False
C13686,Hyderabad,50,F,70,Standard,Two year,1158.0,80543.0,3,UPI,True,True,False
C12749,Hyderabad,49,F,60,Standard,Two year,1189.0,69887.0,1,UPI,True,True,False
C14652,Bengaluru,59,M,5,Premium,Month-to-month,1642.0,8197.0,2,UPI,True,True,True
C16925,Hyderabad,63,M,39,Basic,Month-to-month,671.0,24990.0,1,Cash,True,False,False
C16818,Hyderabad,24,F,24,Basic,One year,670.0,15405.0,3,Card,True,False,False
C12360,Hyderabad,36,F,22,Premium,Month-to-month,1543.0,32301.0,1,UPI,True,False,False
C16378,Bengaluru,23,M,2,Premium,Month-to-month,1662.0,3276.0,3,UPI,True,True,True
C16190,Pune,67,F,28,Premium,Month-to-month,1572.0,43261.0,0,UPI,True,False,False
C10737,Pune,61,M,7,Basic,Two year,478.0,3300.0,1,Cash,False,False,True
C16641,Hyderabad,47,M,18,Basic,Month-to-month,413.0,7368.0,2,Bank transfer,False,False,False
C14010,Kochi,69,F,42,Premium,Two year,1560.0,62485.0,1,UPI,True,True,False
C14729,Chennai,66,F,2,Basic,Month-to-month,455.0,870.0,3,Bank transfer,False,True,True
C12862,Hyderabad,46,F,4,Basic,Month-to-month,749.0,2977.0,2,Cash,True,False,True
C14710,Hyderabad,66,M,27,Premium,Month-to-month,1260.0,33447.0,2,Cash,False,False,False
C11206,Pune,35,M,28,Standard,Month-to-month,1023.0,27277.0,0,UPI,True,False,False
C14365,Bengaluru,28,M,37,Basic,Two year,702.0,25501.0,2,UPI,True,False,False
C11739,Bengaluru,55,M,35,Standard,Two year,1021.0,34552.0,1,Cash,True,False,False
C14584,Pune,27,M,8,Basic,Month-to-month,680.0,5440.0,2,UPI,True,False,True
C11042,Kochi,32,F,19,Standard,Month-to-month,1004.0,18226.0,3,UPI,True,False,False
C12010,Chennai,52,F,11,Standard,Two year,610.0,6391.0,0,Cash,False,False,False
C10732,Bengaluru,61,M,15,Standard,Month-to-month,1037.0,14939.0,1,Card,True,False,False
C11320,Kochi,40,M,63,Standard,Two year,1041.0,64431.0,1,Cash,True,False,False
C16597,Bengaluru,31,F,19,Basic,Month-to-month,376.0,7135.0,1,Bank transfer,False,False,False
C11990,Bengaluru,56,F,12,Premium,Month-to-month,1499.0,17898.0,2,UPI,True,False,False
C16381,Kochi,39,M,58,Premium,One year,1495.0,83528.0,0,UPI,True,False,False
C12595,Bengaluru,60,M,9,Basic,One year,378.0,3372.0,1,UPI,False,False,False
C16616,Chennai,31,M,12,Basic,Month-to-month,577.0,6921.0,1,Card,False,True,False
C16767,Pune,21,F,39,Basic,One year,394.0,15041.0,3,UPI,False,False,False
C15923,Hyderabad,31,M,33,Premium,Month-to-month,1094.0,35439.0,1,Bank transfer,False,False,False
C11324,Hyderabad,28,F,11,Basic,Month-to-month,816.0,8543.0,1,Bank transfer,True,True,False
C12696,Chennai,49,M,68,Standard,One year,987.0,65978.0,3,Cash,True,False,False
C15793,Chennai,67,F,41,Standard,Two year,1039.0,41834.0,0,Cash,True,False,False
C16585,Bengaluru,44,F,18,Premium,Two year,1166.0,19954.0,0,Card,False,False,False
C12968,Kochi,30,F,16,Standard,Month-to-month,1188.0,18098.0,2,UPI,True,True,True
C13313,Pune,19,F,60,Premium,Two year,1522.0,88717.0,3,Card,True,False,False
C12451,Chennai,68,M,65,Basic,Two year,577.0,37445.0,2,UPI,False,True,False
C13375,Chennai,28,M,36,Premium,Month-to-month,1171.0,40093.0,1,Card,False,False,False
C15437,Hyderabad,26,M,52,Premium,One year,1503.0,75316.0,1,UPI,True,False,False
C10323,Pune,20,M,2,Basic,Month-to-month,329.0,628.0,1,Card,False,False,False
C15620,Bengaluru,49,M,32,Basic,One year,401.0,12515.0,0,Card,False,False,False
C10347,Hyderabad,49,F,56,Basic,One year,832.0,44292.0,1,Bank transfer,True,True,False
C10429,Pune,40,M,9,Standard,Month-to-month,1039.0,9275.0,1,UPI,True,False,False
C12726,Hyderabad,49,F,30,Basic,Two year,683.0,20356.0,0,UPI,True,False,False
C10977,Bengaluru,66,F,11,Basic,Month-to-month,796.0,8721.0,1,Bank transfer,True,True,True
C15677,Hyderabad,67,M,11,Standard,Month-to-month,876.0,9508.0,3,UPI,False,True,True
C12823,Hyderabad,61,F,10,Basic,One year,708.0,6762.0,0,Cash,True,False,False
C14644,Pune,26,F,8,Standard,Month-to-month,611.0,4722.0,0,UPI,False,False,True
C13001,Bengaluru,28,F,66,Basic,One year,446.0,28868.0,1,Bank transfer,False,False,False
C10851,Hyderabad,54,F,7,Standard,Month-to-month,721.0,5033.0,1,Card,False,False,False
C11726,Pune,44,M,68,Standard,One year,723.0,48475.0,0,Bank transfer,False,False,False
C10719,Kochi,71,F,23,Basic,Month-to-month,700.0,15837.0,0,Card,True,False,False
C16155,Bengaluru,66,M,22,Premium,Month-to-month,1240.0,26054.0,1,Bank transfer,False,False,True
C13208,Pune,21,F,10,Standard,Month-to-month,985.0,9390.0,2,UPI,True,False,False
C12018,Bengaluru,42,F,6,Premium,Two year,1495.0,8957.0,1,UPI,True,False,False
C13794,Hyderabad,32,F,33,Basic,Two year,735.0,24040.0,2,UPI,True,False,False
C13889,Hyderabad,30,M,23,Standard,Month-to-month,688.0,15214.0,5,UPI,False,False,False
C16352,Hyderabad,70,M,27,Standard,Month-to-month,1095.0,28886.0,1,Card,True,True,True
C12121,Hyderabad,51,M,33,Standard,Month-to-month,900.0,29314.0,1,UPI,False,True,True
C14841,Hyderabad,72,F,27,Basic,One year,845.0,21848.0,0,UPI,True,True,False
C12332,Hyderabad,72,F,27,Basic,Two year,743.0,19735.0,1,Card,True,False,False
C10504,Pune,39,M,28,Standard,Two year,1135.0,31265.0,1,UPI,True,True,False
C12257,Bengaluru,19,M,6,Standard,One year,980.0,5623.0,1,UPI,True,False,False
C16776,Pune,37,F,69,Basic,Two year,699.0,48075.0,2,UPI,True,False,False
C10713,Bengaluru,32,M,12,Basic,Two year,555.0,6541.0,0,UPI,False,True,False
C14323,Bengaluru,59,M,9,Premium,One year,1496.0,13072.0,4,UPI,True,False,False
C12453,Chennai,58,F,32,Premium,Month-to-month,1149.0,35120.0,3,Cash,False,False,False
C15612,Kochi,30,F,39,Premium,Month-to-month,1308.0,48699.0,2,Bank transfer,False,True,False
C16416,Hyderabad,38,M,46,Basic,Two year,859.0,39049.0,3,UPI,True,True,False
C14254,Hyderabad,64,F,51,Basic,Two year,732.0,37305.0,1,Card,True,False,False
C10293,Chennai,69,M,30,Standard,Month-to-month,1187.0,34913.0,0,Card,True,True,False
C11040,Hyderabad,72,F,36,Premium,Two year,1186.0,42390.0,1,Card,False,False,False
C10969,Bengaluru,38,M,19,Basic,Month-to-month,763.0,13933.0,1,UPI,True,False,False
C11354,Bengaluru,39,M,36,Premium,Month-to-month,1303.0,44722.0,0,UPI,False,True,False
C15613,Kochi,31,M,31,Premium,Month-to-month,1672.0,51137.0,1,UPI,True,True,True
C11740,Chennai,50,M,30,Standard,Month-to-month,1062.0,30784.0,1,UPI,True,False,False
C15830,Chennai,40,F,8,Basic,Month-to-month,360.0,2811.0,0,UPI,False,False,False
C13197,Hyderabad,40,M,2,Standard,Month-to-month,957.0,1873.0,4,UPI,True,False,True
C11041,Hyderabad,62,M,70,Standard,One year,988.0,68146.0,1,UPI,True,False,False
C12225,Pune,54,M,5,Basic,Month-to-month,717.0,3556.0,0,Card,True,False,False
C13235,Chennai,59,F,23,Premium,Month-to-month,1448.0,32486.0,2,UPI,True,False,True
C14048,Bengaluru,55,F,42,Basic,One year,730.0,29587.0,2,UPI,True,False,False
C14456,Pune,23,F,36,Standard,Month-to-month,1041.0,37007.0,2,UPI,True,False,False
C10940,Chennai,69,M,56,Standard,One year,1003.0,54464.0,0,UPI,True,False,False
C10261,Chennai,67,M,22,Basic,Two year,944.0,20753.0,0,Card,True,True,False
C13721,Chennai,27,M,12,Standard,Month-to-month,1166.0,13369.0,1,UPI,True,True,False
C12698,Hyderabad,71,F,66,Standard,Two year,872.0,55587.0,1,UPI,False,True,False
C15353,Bengaluru,64,M,27,Basic,Month-to-month,590.0,15483.0,2,Cash,True,False,False
C15255,Bengaluru,63,F,70,Standard,Two year,1042.0,71620.0,0,Card,True,False,False
C11136,Bengaluru,28,M,33,Premium,Month-to-month,1417.0,44498.0,0,Bank transfer,True,False,False
C13975,Hyderabad,22,F,67,Premium,Two year,1209.0,79696.0,0,UPI,False,False,False
C15475,Bengaluru,28,M,38,Standard,Month-to-month,1106.0,40676.0,0,Card,True,True,False
C16670,Kochi,48,F,35,Basic,One year,395.0,13192.0,1,UPI,False,False,True
C10729,Bengaluru,24,F,17,Standard,Month-to-month,746.0,12307.0,3,Bank transfer,False,False,True
C15327,Hyderabad,56,F,17,Basic,Month-to-month,406.0,6677.0,2,Card,False,False,False
C16289,Bengaluru,59,F,24,Standard,Month-to-month,649.0,15246.0,2,Card,False,False,False
C10759,Kochi,42,F,41,Basic,One year,745.0,29113.0,0,UPI,True,False,False
C14392,Kochi,26,F,54,Basic,One year,829.0,44348.0,4,UPI,True,True,False
C13849,Kochi,19,F,20,Basic,Month-to-month,420.0,8346.0,1,UPI,False,False,False
C12618,Chennai,40,M,32,Standard,Month-to-month,986.0,30861.0,2,Card,True,False,False
C15363,Chennai,31,M,23,Basic,Month-to-month,420.0,9294.0,0,Card,False,False,False
C12816,Pune,50,F,19,Standard,Month-to-month,753.0,13656.0,0,Card,False,False,True
C11830,Bengaluru,40,M,7,Basic,Month-to-month,701.0,4809.0,2,Bank transfer,True,False,False
C16761,Chennai,32,M,39,Basic,Month-to-month,840.0,31940.0,3,UPI,True,True,False
C14559,Hyderabad,44,M,26,Standard,Month-to-month,993.0,25292.0,3,UPI,True,False,False
C14510,Kochi,35,M,17,Standard,One year,960.0,16157.0,1,UPI,False,True,False
C13807,Chennai,48,F,38,Standard,Month-to-month,1000.0,36920.0,1,Card,True,False,True
C16393,Hyderabad,45,F,11,Basic,Month-to-month,861.0,9471.0,2,UPI,True,True,True
C15051,Bengaluru,36,F,19,Basic,Month-to-month,425.0,7762.0,1,UPI,False,False,True
C15152,Bengaluru,49,F,7,Premium,Month-to-month,1489.0,10198.0,3,Card,True,False,True
C13763,Pune,32,M,38,Standard,One year,976.0,36788.0,0,Bank transfer,True,False,False
C12563,Hyderabad,62,F,12,Basic,Two year,649.0,7717.0,1,UPI,True,False,False
C14838,Pune,73,F,28,Basic,One year,690.0,19216.0,4,Card,True,False,False
C16318,Chennai,30,M,4,Premium,Month-to-month,1577.0,6275.0,2,Cash,True,True,True
C12662,Bengaluru,71,F,9,Standard,Month-to-month,715.0,6155.0,0,Cash,False,False,True
C14604,Bengaluru,34,F,14,Basic,Month-to-month,647.0,9028.0,3,Cash,True,False,True
C11161,Hyderabad,69,F,32,Standard,Month-to-month,970.0,30314.0,0,Card,True,False,False
C10827,Pune,35,F,13,Basic,Month-to-month,412.0,5356.0,0,UPI,False,False,False
C14047,Hyderabad,58,F,39,Standard,Two year,666.0,25786.0,0,Bank transfer,False,False,False
C14395,Hyderabad,40,M,4,Basic,Month-to-month,271.0,1078.0,1,UPI,False,False,True
C16024,Bengaluru,68,F,11,Standard,Two year,1087.0,11767.0,1,UPI,True,True,False
C11959,Hyderabad,20,F,24,Standard,Month-to-month,634.0,15087.0,2,UPI,False,False,False
C11642,Chennai,58,F,34,Premium,Month-to-month,1554.0,52836.0,0,Cash,True,False,False
C11249,Bengaluru,55,F,35,Basic,Month-to-month,866.0,29028.0,0,Cash,True,True,False
C12270,Chennai,41,M,26,Premium,Month-to-month,1152.0,29197.0,3,Card,False,False,True
C16132,Hyderabad,52,F,10,Basic,Month-to-month,849.0,8224.0,0,Bank transfer,True,True,True
C10226,Bengaluru,66,M,49,Standard,One year,662.0,31132.0,1,UPI,False,False,True
C16930,Pune,31,M,63,Standard,One year,1008.0,63171.0,1,Cash,True,False,False
C11863,Bengaluru,43,M,14,Basic,Two year,639.0,8852.0,1,Cash,True,False,False
C12789,Bengaluru,35,M,18,Basic,One year,878.0,15219.0,3,UPI,True,True,False
C14215,Pune,55,F,16,Basic,Two year,861.0,13222.0,1,Bank transfer,True,True,False
C15141,Bengaluru,26,F,35,Premium,One year,1715.0,59455.0,1,Card,True,True,False
C15819,Hyderabad,69,M,11,Basic,One year,407.0,4336.0,1,Bank transfer,False,False,False
C16287,Kochi,61,F,30,Premium,Month-to-month,1391.0,40511.0,1,Cash,False,True,True
C13409,Chennai,52,M,39,Basic,One year,692.0,26814.0,1,UPI,True,False,False
C16961,Hyderabad,31,F,23,Standard,Month-to-month,1151.0,25924.0,0,UPI,True,True,False
C14231,Bengaluru,71,M,36,Standard,Month-to-month,817.0,28466.0,1,UPI,False,True,False
C10075,Hyderabad,52,M,21,Premium,Month-to-month,1445.0,29864.0,3,UPI,True,False,True
C15546,Hyderabad,64,F,21,Basic,One year,686.0,13828.0,3,UPI,True,False,False
C15304,Pune,52,M,3,Premium,Month-to-month,1226.0,3533.0,2,Card,False,False,True
C15008,Hyderabad,33,M,6,Basic,Month-to-month,737.0,4389.0,1,UPI,True,False,True
C10401,Hyderabad,23,M,51,Standard,One year,1003.0,49708.0,2,Card,True,False,False
C16848,Chennai,43,M,32,Standard,One year,932.0,29386.0,2,Bank transfer,False,True,False
C16391,Hyderabad,55,M,58,Basic,One year,695.0,38551.0,0,Card,True,False,False
C11235,Pune,74,F,29,Basic,Month-to-month,440.0,12701.0,3,UPI,False,False,True
C13217,Hyderabad,19,F,7,Premium,Two year,1629.0,10899.0,2,UPI,True,True,False
C14834,Chennai,67,F,23,Basic,Month-to-month,675.0,14803.0,2,Bank transfer,True,False,False
C16593,Kochi,44,M,12,Premium,Month-to-month,1651.0,19245.0,2,UPI,True,True,False
C11196,Chennai,60,M,23,Basic,Month-to-month,536.0,11778.0,0,UPI,False,True,False
C13887,Hyderabad,26,M,46,Standard,Two year,698.0,32108.0,2,UPI,False,False,False
C10471,Pune,69,M,25,Standard,Month-to-month,1110.0,27445.0,4,UPI,True,True,True
C14587,Bengaluru,30,M,21,Premium,Month-to-month,1228.0,25341.0,2,Card,False,False,True
C14065,Chennai,70,M,16,Premium,Two year,1523.0,23279.0,1,UPI,True,False,False
C16014,Pune,68,M,18,Premium,Month-to-month,1477.0,25403.0,3,UPI,True,False,True
C12511,Bengaluru,50,M,19,Premium,One year,1193.0,22456.0,2,Card,False,False,False
C12616,Kochi,21,M,13,Standard,Two year,991.0,12409.0,1,UPI,True,False,False
C11492,Bengaluru,39,M,48,Premium,Two year,1475.0,67327.0,2,UPI,True,False,False
C10708,Bengaluru,69,M,17,Standard,One year,1022.0,17104.0,0,UPI,True,False,False
C11149,Chennai,38,M,10,Standard,Month-to-month,859.0,8412.0,0,UPI,False,True,False
C10773,Hyderabad,31,F,46,Standard,Two year,955.0,43569.0,0,Card,True,False,False
C14503,Bengaluru,53,F,9,Standard,One year,952.0,8164.0,2,Bank transfer,True,False,False
C15851,Pune,35,M,11,Standard,Month-to-month,823.0,8881.0,2,Cash,False,True,False
C12615,Bengaluru,18,M,19,Basic,Month-to-month,579.0,10692.0,0,Bank transfer,False,True,False
C13061,Hyderabad,31,F,39,Standard,Month-to-month,829.0,31372.0,0,Cash,False,True,False
C14563,Pune,18,M,25,Basic,Month-to-month,801.0,19735.0,0,Bank transfer,True,False,False
C13789,Bengaluru,30,M,14,Standard,Month-to-month,749.0,10146.0,0,Card,False,False,False
C13506,Pune,32,M,9,Basic,Month-to-month,660.0,5864.0,1,UPI,True,False,False
C15858,Chennai,34,M,34,Premium,Two year,1357.0,44605.0,1,UPI,False,True,False
C11171,Bengaluru,21,F,12,Basic,Month-to-month,665.0,7904.0,1,Bank transfer,True,False,False
C11628,Kochi,29,F,1,Basic,Month-to-month,552.0,549.0,2,Cash,False,True,True
C12372,Hyderabad,35,F,8,Premium,Month-to-month,1478.0,11391.0,3,Cash,True,False,True
C16855,Hyderabad,44,M,14,Basic,Month-to-month,707.0,9591.0,2,Card,True,False,False
C16313,Pune,64,M,24,Premium,Two year,1490.0,34775.0,4,Card,True,False,True
C12567,Hyderabad,39,M,49,Premium,Two year,1169.0,55632.0,2,Card,False,False,False
C12039,Chennai,25,F,31,Standard,Month-to-month,970.0,29111.0,1,UPI,True,False,False
C14025,Hyderabad,28,F,38,Premium,Month-to-month,1520.0,55486.0,1,Card,True,False,False
C14024,Kochi,37,M,55,Standard,Two year,1189.0,63783.0,2,Card,True,True,False
C11166,Pune,61,F,10,Standard,One year,994.0,9585.0,3,Cash,True,False,False
C12384,Chennai,70,M,7,Standard,One year,843.0,5642.0,0,UPI,False,True,True
C15634,Bengaluru,51,M,55,Standard,One year,992.0,53880.0,1,Cash,True,False,False
C10540,Bengaluru,67,M,32,Premium,Month-to-month,1587.0,48475.0,1,Card,True,True,True
C13312,Chennai,22,F,15,Basic,One year,866.0,12962.0,1,UPI,True,True,False
C13848,Hyderabad,36,F,19,Premium,Two year,1572.0,29868.0,1,Card,True,False,False
C12664,Hyderabad,63,M,6,Basic,One year,730.0,4312.0,2,Card,True,False,False
C13097,Pune,45,F,34,Standard,Month-to-month,1149.0,36621.0,3,UPI,True,True,True
C15726,Pune,74,M,11,Basic,Month-to-month,682.0,7304.0,0,Bank transfer,True,False,False
C14465,Chennai,34,M,11,Premium,Month-to-month,1732.0,18376.0,0,UPI,True,True,False
C13999,Chennai,74,F,30,Standard,Month-to-month,1023.0,30483.0,0,UPI,True,False,False
C13032,Kochi,25,F,27,Premium,Month-to-month,1189.0,31850.0,1,UPI,False,False,False
C13056,Hyderabad,65,F,66,Standard,Two year,775.0,49430.0,2,Card,False,True,False
C10107,Pune,19,F,42,Standard,One year,1026.0,41302.0,0,Card,True,False,False
C12458,Pune,43,M,6,Basic,One year,927.0,5357.0,3,UPI,True,True,True
C15957,Hyderabad,66,F,15,Standard,Two year,668.0,9687.0,1,Bank transfer,False,False,False
C15445,Pune,26,M,19,Premium,One year,1519.0,28556.0,2,Bank transfer,True,False,False
C12516,Bengaluru,37,F,13,Premium,Two year,1578.0,19785.0,0,UPI,True,False,False
C16109,Hyderabad,27,M,5,Basic,Month-to-month,631.0,3041.0,0,UPI,True,False,True
C14214,Bengaluru,19,M,19,Premium,Two year,1172.0,22177.0,0,UPI,False,False,False
C11159,Chennai,62,F,21,Standard,Month-to-month,591.0,12100.0,1,UPI,False,False,False
C12522,Hyderabad,74,M,4,Basic,Month-to-month,669.0,2598.0,2,UPI,True,False,True
C16208,Bengaluru,49,M,54,Basic,Two year,832.0,43995.0,1,Bank transfer,True,True,False
C15597,Hyderabad,71,F,11,Standard,Two year,1174.0,12357.0,2,Card,True,True,False
C15364,Hyderabad,48,M,43,Premium,One year,1229.0,50510.0,0,Card,False,False,False
C13367,Bengaluru,40,F,1,Standard,Month-to-month,959.0,927.0,1,Bank transfer,True,False,False
C10753,Hyderabad,20,M,66,Standard,One year,681.0,43517.0,1,Card,False,False,False
C16423,Bengaluru,62,M,25,Standard,One year,1170.0,28752.0,1,Card,True,True,False
C16049,Bengaluru,39,M,57,Standard,One year,948.0,52102.0,2,Card,True,False,False
C11255,Kochi,34,F,3,Premium,Month-to-month,1509.0,4464.0,0,UPI,True,False,False
C10318,Bengaluru,71,M,21,Basic,Month-to-month,748.0,14992.0,3,Card,True,False,False
C10352,Bengaluru,44,F,30,Standard,Month-to-month,1122.0,32575.0,3,Cash,True,True,False
C15151,Hyderabad,37,F,28,Standard,Month-to-month,947.0,25716.0,3,Card,True,False,False
C15101,Hyderabad,35,F,65,Basic,Two year,394.0,24748.0,0,Card,False,False,False
C12356,Chennai,53,F,10,Premium,One year,1572.0,15615.0,0,UPI,True,False,False
C14859,Hyderabad,62,F,13,Standard,One year,972.0,12041.0,1,Cash,True,False,False
C11699,Bengaluru,49,M,46,Standard,Two year,685.0,30731.0,1,UPI,False,False,False
C16243,Pune,24,F,35,Basic,Month-to-month,842.0,28426.0,4,Card,True,True,False
C11505,Bengaluru,20,F,19,Basic,One year,676.0,12261.0,0,Cash,True,False,False
C16931,Chennai,55,F,35,Standard,Two year,1018.0,34388.0,3,UPI,True,False,False
C10026,Pune,68,M,17,Basic,Month-to-month,375.0,6259.0,7,Cash,False,False,True
C10897,Hyderabad,65,M,8,Basic,Month-to-month,367.0,2893.0,2,Cash,False,False,True
C12146,Bengaluru,44,M,22,Standard,Month-to-month,1195.0,25513.0,0,Card,True,True,False
C13826,Bengaluru,68,M,10,Premium,Month-to-month,1358.0,13130.0,1,Cash,False,True,True
C11805,Chennai,43,M,10,Standard,Month-to-month,638.0,6203.0,0,Bank transfer,False,False,False
C14283,Kochi,56,M,23,Basic,Month-to-month,304.0,6956.0,3,UPI,False,False,False
C16795,Hyderabad,48,F,36,Premium,One year,1251.0,43541.0,0,UPI,False,False,False
C11495,Bengaluru,74,M,30,Standard,Two year,1102.0,32438.0,2,UPI,True,True,False
C14920,Hyderabad,32,F,64,Basic,Two year,834.0,52907.0,0,UPI,True,True,False
C15556,Bengaluru,24,M,4,Standard,Month-to-month,1162.0,4509.0,2,UPI,True,True,True
C12004,Hyderabad,34,M,33,Standard,One year,682.0,22152.0,3,UPI,False,False,False
C12771,Kochi,20,M,12,Basic,Month-to-month,381.0,4385.0,1,Bank transfer,False,False,True
C10430,Pune,57,F,10,Standard,Month-to-month,1029.0,9791.0,1,Card,True,False,False
C15162,Chennai,24,M,25,Premium,One year,1319.0,31821.0,3,Cash,False,True,False
C16831,Kochi,51,F,35,Basic,Month-to-month,822.0,28244.0,2,UPI,True,True,False
C11773,Pune,31,M,24,Standard,Month-to-month,708.0,16915.0,0,Bank transfer,False,False,True
C13168,Hyderabad,53,F,16,Premium,Month-to-month,1204.0,18507.0,2,Bank transfer,False,False,False
C13344,Bengaluru,60,M,36,Premium,Month-to-month,1128.0,38622.0,0,Cash,False,False,False
C13792,Pune,26,M,33,Standard,Month-to-month,1036.0,32962.0,0,UPI,True,False,False
C12100,Hyderabad,29,F,26,Basic,Month-to-month,734.0,18234.0,1,UPI,True,False,False
C11777,Chennai,73,F,30,Standard,One year,712.0,20389.0,1,Bank transfer,False,False,False
C11919,Chennai,44,M,1,Standard,Month-to-month,730.0,709.0,0,Cash,False,False,True
C16721,Chennai,18,M,44,Basic,Two year,433.0,18369.0,1,Card,False,False,False
C14639,Bengaluru,58,M,68,Premium,Two year,1142.0,74525.0,1,Card,False,False,False
C16530,Hyderabad,35,M,40,Premium,One year,1513.0,58381.0,1,UPI,True,False,False
C14987,Hyderabad,66,M,69,Standard,One year,667.0,44879.0,2,Cash,False,False,False
C10249,Bengaluru,35,F,3,Standard,Month-to-month,1019.0,3031.0,1,Card,True,False,True
C10076,Hyderabad,67,F,30,Standard,One year,958.0,27818.0,1,UPI,True,False,False
C16462,Chennai,18,M,66,Standard,One year,657.0,41792.0,1,Card,False,False,False
C13189,Hyderabad,29,M,24,Basic,Month-to-month,645.0,15188.0,1,UPI,True,False,False
C14786,Pune,30,F,20,Standard,Month-to-month,1020.0,19541.0,2,UPI,True,False,True
C12710,Bengaluru,31,M,31,Basic,Month-to-month,307.0,9294.0,0,Bank transfer,False,False,False
C13440,Hyderabad,68,F,18,Basic,Month-to-month,335.0,6030.0,1,Card,False,False,False
C14306,Hyderabad,19,M,65,Standard,Two year,742.0,46947.0,1,UPI,False,False,False
C12560,Chennai,55,M,30,Basic,Two year,927.0,27179.0,1,Bank transfer,True,True,False
C15587,Chennai,60,F,33,Basic,One year,704.0,22436.0,1,UPI,True,False,False
C16150,Chennai,37,F,21,Standard,Month-to-month,1054.0,22104.0,0,Bank transfer,True,False,True
C10852,Pune,49,F,48,Premium,Two year,1629.0,74388.0,0,UPI,True,True,False
C15722,Hyderabad,71,M,18,Premium,Month-to-month,1213.0,21107.0,1,UPI,False,False,True
C13917,Hyderabad,52,F,23,Basic,Two year,604.0,13601.0,5,Cash,True,False,False
C14636,Pune,31,M,11,Standard,Month-to-month,1245.0,13593.0,0,Cash,True,True,False
C12894,Pune,43,M,25,Basic,Month-to-month,820.0,19905.0,2,UPI,True,True,False
C14538,Hyderabad,33,F,4,Standard,Month-to-month,803.0,3142.0,0,Card,False,True,False
C16782,Bengaluru,57,M,34,Basic,Month-to-month,475.0,15668.0,1,Bank transfer,False,True,True
C12988,Pune,43,F,19,Standard,Month-to-month,1069.0,19397.0,1,Card,True,False,True
C12107,Pune,37,F,2,Premium,Month-to-month,1353.0,2620.0,2,Card,False,True,True
C10167,Hyderabad,43,F,26,Premium,Month-to-month,1609.0,41234.0,1,UPI,True,True,False
C13552,Hyderabad,43,F,29,Premium,Month-to-month,1287.0,37006.0,1,Card,False,True,True
C16083,Pune,30,F,26,Standard,One year,992.0,25742.0,0,Cash,True,False,False
C11792,Pune,68,F,12,Premium,One year,1324.0,15222.0,0,UPI,False,False,False
C13434,Hyderabad,35,M,51,Basic,One year,640.0,31357.0,1,Card,True,False,False
C13141,Chennai,31,F,33,Basic,One year,739.0,23214.0,3,Card,True,False,True
C10779,Hyderabad,58,F,39,Standard,Month-to-month,1158.0,44699.0,2,Card,True,True,True
C14862,Hyderabad,64,M,20,Basic,Two year,437.0,8560.0,4,UPI,False,False,False
C10063,Bengaluru,18,F,52,Basic,Two year,612.0,30990.0,0,Card,True,False,False
C10426,Pune,74,M,8,Basic,Month-to-month,439.0,3426.0,2,Bank transfer,False,False,False
C10093,Bengaluru,38,F,10,Basic,Two year,404.0,4015.0,2,UPI,False,False,True
C11101,Pune,55,F,31,Basic,Month-to-month,774.0,23032.0,2,Cash,True,False,False
C16449,Hyderabad,29,F,16,Basic,Month-to-month,655.0,10207.0,0,UPI,True,False,False
C11846,Kochi,21,M,23,Premium,Month-to-month,1216.0,27398.0,1,Cash,False,False,True
C15026,Bengaluru,31,F,64,Standard,Two year,1032.0,66048.0,0,UPI,True,True,False
C10153,Chennai,38,F,30,Basic,Month-to-month,745.0,22167.0,1,UPI,True,False,False
C16138,Pune,49,M,37,Standard,Two year,1140.0,40435.0,1,Cash,True,True,False
C11244,Hyderabad,35,F,16,Premium,Month-to-month,1490.0,23218.0,1,UPI,True,False,True
C10158,Hyderabad,65,M,65,Basic,One year,554.0,34884.0,1,UPI,False,True,False
C10919,Hyderabad,54,F,9,Standard,One year,667.0,5721.0,1,Card,False,False,False
C10180,Hyderabad,70,M,13,Premium,Month-to-month,1633.0,20305.0,1,Cash,True,True,False
C15314,Hyderabad,71,F,22,Premium,Month-to-month,1358.0,29683.0,1,Card,False,True,True
C10212,Hyderabad,63,M,60,Standard,Two year,1019.0,60509.0,1,Bank transfer,True,False,False
C16463,Chennai,19,F,26,Standard,Two year,969.0,25560.0,1,Cash,True,False,False
C15277,Pune,23,F,57,Standard,One year,1050.0,58080.0,2,UPI,True,True,False
C14134,Bengaluru,45,M,68,Standard,Two year,645.0,41954.0,1,Card,False,False,False
C13342,Bengaluru,50,F,35,Standard,Month-to-month,1192.0,41312.0,0,Card,True,True,False
C11485,Pune,69,M,9,Basic,One year,362.0,3104.0,1,UPI,False,False,False
C14401,Hyderabad,64,M,53,Basic,One year,390.0,20571.0,0,UPI,False,False,False
C11646,Bengaluru,48,M,64,Premium,Two year,1709.0,104846.0,3,Bank transfer,True,True,False
C12503,Pune,61,M,11,Basic,Two year,426.0,4574.0,2,Bank transfer,False,False,False
C16147,Bengaluru,66,F,37,Basic,Two year,571.0,20086.0,1,Card,False,True,False
C10518,Bengaluru,44,F,50,Standard,Two year,683.0,32747.0,1,Card,False,False,False
C14112,Chennai,58,F,12,Standard,Two year,1172.0,13396.0,2,Card,True,True,False
C10086,Kochi,37,M,38,Standard,Month-to-month,1091.0,42186.0,1,UPI,True,True,True
C14828,Bengaluru,42,M,24,Basic,Month-to-month,691.0,15759.0,1,Card,True,False,False
C11183,Chennai,22,F,28,Standard,Month-to-month,986.0,27570.0,2,UPI,True,False,False
C10446,Kochi,21,M,58,Basic,One year,377.0,21532.0,2,UPI,False,False,False
C11848,Chennai,64,M,22,Standard,Month-to-month,1003.0,21320.0,1,UPI,True,False,False
C16324,Pune,73,F,37,Basic,Month-to-month,828.0,29347.0,0,Card,True,True,False
C12989,Hyderabad,37,M,53,Basic,Two year,675.0,35613.0,0,Bank transfer,True,False,False
C12810,Bengaluru,42,M,27,Basic,Month-to-month,397.0,10358.0,3,Card,False,False,True
C11776,Chennai,39,M,16,Premium,Month-to-month,1366.0,21137.0,1,UPI,False,True,True
C16513,Chennai,61,M,13,Standard,One year,669.0,8381.0,1,UPI,False,False,False
C14959,Chennai,36,M,56,Premium,One year,1517.0,81491.0,2,Cash,True,False,False
C11081,Pune,44,M,13,Premium,One year,1193.0,14748.0,0,Bank transfer,False,False,False
C12835,Pune,31,M,6,Standard,Month-to-month,664.0,3815.0,2,Card,False,False,False
C16336,Hyderabad,73,M,24,Basic,Month-to-month,579.0,13865.0,2,Cash,False,True,True
C13639,Chennai,67,M,32,Basic,Month-to-month,339.0,10766.0,1,Card,False,False,True
C16238,Hyderabad,34,F,48,Basic,Two year,421.0,19282.0,1,Bank transfer,False,False,True
C14243,Hyderabad,47,F,27,Basic,Month-to-month,385.0,10184.0,3,Card,False,False,True
C14760,Chennai,67,M,3,Premium,Month-to-month,1673.0,4789.0,0,Card,True,True,True
C16274,Hyderabad,40,M,26,Basic,Month-to-month,376.0,9754.0,1,UPI,False,False,False
C11798,Bengaluru,18,M,40,Standard,Two year,859.0,33220.0,0,UPI,False,True,False
C10152,Pune,31,F,14,Standard,One year,1072.0,14500.0,1,UPI,True,False,False
C10143,Pune,49,F,71,Standard,One year,665.0,45172.0,3,Bank transfer,False,False,False
C10467,Bengaluru,19,M,62,Standard,One year,635.0,37528.0,2,Card,False,False,False
C11335,Hyderabad,20,F,23,Basic,Month-to-month,548.0,12358.0,1,Bank transfer,False,True,False
C14868,Hyderabad,24,M,35,Basic,Two year,414.0,14050.0,0,Cash,False,False,False
C15504,Bengaluru,25,F,20,Standard,Month-to-month,1075.0,21005.0,1,Card,True,False,False
C12504,Pune,64,F,31,Basic,Month-to-month,691.0,21421.0,0,Cash,True,False,False
C10627,Hyderabad,18,F,26,Standard,Month-to-month,1020.0,25908.0,0,Bank transfer,True,False,True
C13285,Kochi,19,M,18,Standard,Month-to-month,1038.0,18137.0,0,UPI,True,False,False
C14308,Bengaluru,25,M,31,Basic,Two year,376.0,11452.0,0,UPI,False,False,False
C11143,Hyderabad,63,M,41,Premium,Two year,1537.0,60686.0,3,Bank transfer,True,False,False
C10571,Bengaluru,60,F,31,Basic,Month-to-month,724.0,21849.0,0,UPI,True,False,False
C15479,Kochi,59,F,49,Premium,One year,1638.0,77036.0,1,Card,True,True,False
C10913,Bengaluru,38,M,35,Premium,Month-to-month,1447.0,49375.0,0,Card,True,False,False
C12401,Hyderabad,51,F,17,Standard,One year,987.0,16308.0,5,UPI,True,False,True
C16003,Pune,24,M,22,Standard,Two year,1026.0,21294.0,1,Card,True,False,False
C13074,Chennai,50,M,56,Basic,One year,399.0,21236.0,0,UPI,False,False,False
C13650,Hyderabad,25,F,39,Premium,Two year,1459.0,55097.0,1,Card,True,False,False
C15882,Chennai,66,M,22,Premium,Month-to-month,1427.0,30514.0,1,UPI,True,False,True
C13195,Bengaluru,50,M,47,Premium,Two year,1318.0,59916.0,1,Card,False,True,False
C16926,Pune,73,F,28,Basic,Month-to-month,421.0,11701.0,2,UPI,False,False,False
C13007,Bengaluru,30,F,69,Basic,One year,448.0,29952.0,2,UPI,False,False,False
C12463,Hyderabad,64,M,7,Premium,Month-to-month,1128.0,7614.0,5,Bank transfer,False,False,False
C14609,Chennai,54,F,29,Basic,Two year,747.0,21323.0,1,Card,True,False,False
C15846,Pune,28,F,41,Standard,One year,1026.0,41503.0,0,UPI,True,False,False
C10260,Pune,30,F,36,Premium,Two year,1304.0,45003.0,0,UPI,False,True,False
C14288,Chennai,69,M,39,Standard,Month-to-month,1142.0,43987.0,2,Card,True,True,False
C16814,Pune,55,F,9,Premium,Month-to-month,1471.0,12917.0,0,Card,True,False,True
C15575,Bengaluru,43,M,20,Premium,Month-to-month,1461.0,29022.0,3,Bank transfer,True,False,True
C15154,Kochi,55,F,34,Standard,Month-to-month,952.0,32190.0,1,Bank transfer,True,False,False
C10930,Pune,56,F,5,Standard,Month-to-month,1010.0,5034.0,2,Card,True,False,True
C14894,Hyderabad,61,M,28,Basic,Two year,363.0,9921.0,1,UPI,False,False,True
C13583,Pune,53,M,26,Standard,Month-to-month,1023.0,26521.0,1,Card,True,False,False
C16976,Hyderabad,23,F,58,Basic,Two year,587.0,32868.0,1,UPI,True,False,False
C12972,Hyderabad,42,F,18,Basic,Month-to-month,687.0,11973.0,0,Card,True,False,False
C16263,Chennai,71,F,17,Basic,One year,725.0,12009.0,3,UPI,True,False,False
C16712,Pune,28,M,20,Premium,Month-to-month,1578.0,30562.0,2,Card,True,False,True
C15094,Pune,49,F,29,Standard,Month-to-month,1002.0,28722.0,1,UPI,True,False,False
C15686,Chennai,57,M,31,Standard,One year,1118.0,34073.0,2,UPI,True,True,False
C12676,Hyderabad,33,F,47,Premium,One year,1228.0,56305.0,0,Card,False,False,False
C11788,Bengaluru,20,M,70,Standard,One year,900.0,60856.0,6,UPI,False,True,False
C15576,Bengaluru,29,F,43,Premium,One year,1645.0,67463.0,3,UPI,True,True,False
C15596,Kochi,29,F,70,Basic,One year,693.0,48510.0,1,UPI,True,False,False
C16951,Chennai,64,M,33,Basic,Month-to-month,382.0,11992.0,0,Bank transfer,False,False,False
C11313,Hyderabad,53,M,14,Standard,One year,978.0,13024.0,3,UPI,True,False,False
C12331,Chennai,65,M,46,Basic,One year,573.0,26336.0,0,Bank transfer,False,True,True
C13710,Bengaluru,21,M,29,Standard,Month-to-month,1169.0,33801.0,2,UPI,True,True,True
C10855,Bengaluru,65,M,34,Basic,Two year,405.0,13561.0,2,UPI,False,False,False
C16146,Hyderabad,43,F,15,Premium,Month-to-month,1198.0,17200.0,1,Card,False,False,True
C11800,Hyderabad,71,F,46,Premium,One year,1186.0,53518.0,1,UPI,False,False,False
C12008,Hyderabad,34,F,26,Premium,Two year,1677.0,42337.0,2,UPI,True,True,False
C12960,Hyderabad,49,M,63,Premium,One year,1604.0,96618.0,2,UPI,True,True,False
C12551,Chennai,30,F,24,Premium,Month-to-month,1211.0,28588.0,0,UPI,False,False,True
C11878,Bengaluru,48,M,11,Basic,One year,826.0,9063.0,1,UPI,True,True,False
C15398,Chennai,27,M,34,Standard,One year,759.0,24941.0,0,Bank transfer,False,False,False
C13288,Pune,64,F,9,Basic,Month-to-month,692.0,6059.0,2,UPI,True,False,False
C15351,Bengaluru,63,F,15,Standard,Month-to-month,1025.0,15111.0,1,Card,True,False,False
C15730,Hyderabad,25,M,50,Standard,One year,1147.0,57030.0,0,Card,True,True,False
C14527,Kochi,63,M,34,Basic,One year,682.0,22058.0,1,Card,True,False,False
C10123,Chennai,50,M,10,Basic,Month-to-month,697.0,6791.0,2,Bank transfer,True,False,False
C15442,Chennai,58,M,4,Standard,Month-to-month,733.0,2923.0,1,Card,False,False,True
C10728,Hyderabad,44,M,19,Basic,Month-to-month,556.0,10181.0,1,UPI,False,True,True
C15592,Kochi,31,M,5,Basic,Month-to-month,379.0,1869.0,1,UPI,False,False,False
C10972,Hyderabad,50,F,60,Basic,Two year,653.0,37493.0,2,Bank transfer,True,False,False
C12836,Hyderabad,74,F,38,Basic,Month-to-month,679.0,25738.0,2,UPI,True,False,False
C12838,Bengaluru,28,F,26,Basic,Month-to-month,717.0,18247.0,0,Card,True,False,True
C16036,Chennai,58,F,30,Basic,Two year,884.0,25731.0,1,Cash,True,True,False
C15254,Pune,44,F,48,Basic,Two year,837.0,38204.0,2,UPI,True,True,False
C11745,Kochi,57,F,5,Basic,Month-to-month,381.0,1835.0,0,UPI,False,False,False
C14331,Hyderabad,23,M,49,Basic,One year,814.0,39698.0,2,UPI,True,False,False
C13306,Hyderabad,38,M,14,Standard,Month-to-month,1014.0,13775.0,0,Bank transfer,True,False,True
C10783,Hyderabad,24,M,60,Standard,One year,783.0,45327.0,2,Bank transfer,False,True,False
C13707,Hyderabad,41,F,1,Premium,Month-to-month,1353.0,1341.0,1,UPI,False,True,False
C16293,Kochi,23,M,55,Basic,One year,742.0,39075.0,0,UPI,True,False,False
C10435,Chennai,73,M,38,Basic,Month-to-month,741.0,27251.0,1,Card,True,False,True
C14379,Hyderabad,18,M,56,Basic,Two year,540.0,29728.0,3,Cash,False,True,False
C11923,Chennai,25,M,32,Standard,Month-to-month,716.0,22508.0,1,UPI,False,False,True
C13316,Kochi,74,M,56,Standard,Two year,1167.0,65221.0,1,UPI,True,True,False
C10689,Chennai,69,M,10,Premium,Month-to-month,1217.0,10668.0,2,Card,False,False,False
C11078,Hyderabad,27,M,13,Standard,One year,1028.0,13151.0,1,Bank transfer,True,False,False
C12489,Pune,61,M,11,Basic,Two year,717.0,7578.0,0,Bank transfer,True,False,False
C10535,Bengaluru,61,F,4,Basic,Month-to-month,418.0,1664.0,2,Cash,False,False,True
C11397,Kochi,27,M,7,Standard,Month-to-month,1119.0,7518.0,1,UPI,True,True,False
C12407,Pune,50,F,26,Basic,Month-to-month,442.0,11446.0,0,Cash,False,False,False
C10782,Chennai,41,M,29,Premium,Month-to-month,1414.0,39112.0,2,Card,False,True,True
C14454,Chennai,38,F,55,Basic,Two year,770.0,42019.0,3,Card,True,True,False
C10580,Hyderabad,25,M,42,Standard,Two year,633.0,25787.0,2,Cash,False,False,False
C14980,Pune,44,F,58,Basic,Two year,668.0,37228.0,1,Card,True,False,False
C11231,Chennai,43,M,36,Standard,Month-to-month,1136.0,40353.0,2,UPI,True,True,False
C10547,Pune,56,M,29,Basic,Month-to-month,674.0,19531.0,0,UPI,True,False,False
C13377,Hyderabad,71,F,36,Basic,Month-to-month,577.0,20772.0,1,Cash,False,True,False
C13706,Chennai,24,F,12,Standard,Month-to-month,899.0,10474.0,1,Bank transfer,False,True,False
C12235,Hyderabad,29,F,20,Premium,Month-to-month,1472.0,29351.0,1,Cash,True,False,True
C16711,Bengaluru,28,M,18,Standard,One year,1056.0,18103.0,0,UPI,True,False,False
C12889,Hyderabad,47,F,11,Basic,Month-to-month,625.0,6609.0,0,Bank transfer,False,True,False
C10664,Bengaluru,44,M,69,Basic,One year,841.0,56048.0,1,UPI,True,True,False
C16375,Bengaluru,57,F,9,Basic,Month-to-month,391.0,3370.0,2,Card,False,False,True
C15362,Chennai,26,F,36,Basic,Month-to-month,689.0,24344.0,2,Bank transfer,True,False,False
C16639,Hyderabad,61,F,8,Basic,Month-to-month,760.0,5974.0,2,Bank transfer,True,False,False
C15670,Pune,28,F,8,Premium,Month-to-month,1194.0,9127.0,3,Card,False,False,True
C12205,Hyderabad,37,F,2,Premium,Month-to-month,1140.0,2218.0,2,UPI,False,False,True
C11118,Kochi,67,F,61,Premium,One year,1154.0,68987.0,1,UPI,False,False,False
C10550,Pune,32,F,34,Standard,One year,1037.0,33716.0,0,Card,True,False,False
C13257,Bengaluru,55,M,24,Standard,Two year,1177.0,27642.0,0,Cash,True,True,False
C12364,Bengaluru,32,M,9,Basic,Month-to-month,851.0,7617.0,3,UPI,True,True,False
C11812,Bengaluru,40,M,29,Standard,Month-to-month,1050.0,29674.0,3,Card,True,False,True
C13697,Chennai,64,M,5,Standard,Month-to-month,810.0,4002.0,2,Card,False,True,True
C12888,Bengaluru,50,M,21,Standard,Month-to-month,1119.0,23128.0,1,Cash,True,True,False
C16021,Bengaluru,34,M,12,Standard,Month-to-month,694.0,8114.0,2,UPI,False,False,False
C12245,Hyderabad,74,F,29,Basic,Month-to-month,879.0,25126.0,1,Cash,True,True,False
C12228,Bengaluru,19,F,5,Standard,Month-to-month,647.0,3127.0,0,UPI,False,False,False
C11369,Bengaluru,22,M,19,Basic,Month-to-month,403.0,7327.0,1,UPI,False,False,False
C10864,Kochi,46,F,11,Basic,Two year,584.0,6155.0,0,Card,False,True,False
C15893,Hyderabad,64,F,22,Standard,Month-to-month,901.0,19048.0,2,Card,False,True,True
C14403,Bengaluru,47,F,8,Standard,Two year,1058.0,8242.0,3,Cash,True,False,False
C13472,Hyderabad,29,F,29,Standard,Month-to-month,1019.0,29458.0,1,Bank transfer,True,False,False
C14784,Chennai,28,M,34,Basic,Month-to-month,667.0,21956.0,1,Cash,True,False,False
C14182,Kochi,18,M,52,Basic,Two year,521.0,26215.0,3,Bank transfer,False,True,True
C14787,Bengaluru,21,M,21,Standard,One year,681.0,13738.0,3,Bank transfer,False,False,False
C13284,Hyderabad,30,F,2,Standard,Month-to-month,1017.0,2029.0,3,Bank transfer,True,False,False
C14296,Bengaluru,68,F,21,Standard,Two year,967.0,19483.0,1,Card,True,False,False
C11059,Hyderabad,51,F,23,Basic,Month-to-month,395.0,8695.0,0,Cash,False,False,False
C12180,Chennai,54,M,38,Premium,Month-to-month,1201.0,43872.0,1,Cash,False,False,False
C10486,Kochi,31,F,13,Premium,Month-to-month,1489.0,19233.0,0,Card,True,False,False
C12168,Hyderabad,18,F,5,Basic,Month-to-month,919.0,4508.0,1,Bank transfer,True,True,True
C12751,Kochi,21,M,66,Premium,One year,1178.0,75025.0,1,UPI,False,False,False
C15773,Hyderabad,57,M,35,Basic,One year,639.0,21952.0,1,UPI,True,False,False
C12729,Hyderabad,73,M,8,Premium,Month-to-month,1557.0,12125.0,2,Card,True,False,False
C13223,Pune,35,F,5,Premium,Month-to-month,1462.0,7208.0,0,Card,True,False,False
C14487,Kochi,30,M,25,Premium,Month-to-month,1401.0,33472.0,0,Bank transfer,False,True,False
C15360,Bengaluru,49,M,39,Standard,Month-to-month,1189.0,44473.0,1,UPI,True,True,False
C15895,Hyderabad,25,M,13,Premium,Month-to-month,1304.0,16735.0,2,Card,False,True,False
C16645,Hyderabad,26,F,14,Premium,Month-to-month,1217.0,16696.0,1,Bank transfer,False,False,False
C15959,Hyderabad,38,F,39,Premium,Month-to-month,1498.0,57637.0,1,Card,True,False,False
C16255,Bengaluru,60,M,11,Standard,Month-to-month,1023.0,10823.0,1,UPI,True,False,True
C11465,Hyderabad,36,F,30,Basic,Month-to-month,684.0,19829.0,0,UPI,True,False,False
C11194,Kochi,53,M,9,Standard,Month-to-month,993.0,8815.0,1,UPI,True,False,False
C16455,Hyderabad,68,M,16,Standard,Month-to-month,753.0,11670.0,1,UPI,False,False,True
C16912,Kochi,57,F,67,Standard,Two year,866.0,57683.0,2,Cash,False,True,False
C12873,Bengaluru,52,M,42,Standard,Two year,811.0,33254.0,0,UPI,False,True,False
C13559,Chennai,38,F,10,Basic,Month-to-month,406.0,3917.0,2,Cash,False,False,True
C11084,Bengaluru,21,F,19,Standard,Month-to-month,1215.0,22441.0,2,Card,True,True,True
C16967,Bengaluru,29,F,39,Standard,Month-to-month,920.0,34853.0,2,Card,True,False,True
C12533,Pune,44,F,23,Basic,Month-to-month,584.0,12941.0,2,Cash,False,True,True
C16876,Pune,64,M,54,Standard,Two year,1148.0,60551.0,2,Cash,True,True,False
C15848,Bengaluru,35,F,15,Standard,One year,1130.0,16815.0,2,UPI,True,False,False
C10536,Hyderabad,39,F,10,Standard,Month-to-month,890.0,8009.0,2,UPI,False,True,True
C15693,Chennai,66,F,61,Standard,One year,676.0,40053.0,1,UPI,False,False,False
C11820,Kochi,46,F,57,Standard,One year,999.0,54630.0,2,UPI,True,False,False
C16115,Hyderabad,28,F,45,Basic,One year,445.0,19666.0,3,Card,False,False,True
C16866,Hyderabad,37,F,53,Premium,One year,1432.0,73600.0,2,Cash,False,True,False
C15750,Chennai,27,F,65,Basic,One year,645.0,40407.0,1,Card,True,False,True
C12646,Chennai,38,M,24,Standard,Month-to-month,964.0,22441.0,0,Cash,True,False,False
C13609,Hyderabad,24,F,36,Basic,Month-to-month,716.0,25205.0,2,Card,True,False,False
C14554,Pune,24,F,21,Basic,Two year,605.0,12111.0,0,UPI,False,True,False
C15317,Hyderabad,69,F,25,Standard,Month-to-month,1200.0,29722.0,0,Card,True,True,True
C11362,Chennai,50,M,29,Basic,Month-to-month,416.0,11515.0,2,Cash,False,False,False
C14269,Hyderabad,35,M,21,Basic,Month-to-month,702.0,14127.0,1,Bank transfer,True,False,False
C14111,Kochi,27,F,58,Basic,One year,537.0,29597.0,1,Cash,False,True,False
C11787,Bengaluru,21,M,55,Premium,One year,1200.0,63170.0,2,Card,False,False,False
C15132,Bengaluru,45,F,4,Basic,Month-to-month,540.0,2063.0,0,Cash,False,True,False
C15828,Pune,51,M,29,Premium,Month-to-month,1240.0,35461.0,0,Card,False,False,False
C13997,Hyderabad,29,M,49,Basic,Two year,547.0,25834.0,2,Cash,False,True,False
C15857,Pune,27,M,3,Premium,Month-to-month,1149.0,3411.0,2,Card,False,False,True
C13008,Bengaluru,54,M,69,Standard,One year,699.0,46616.0,0,UPI,False,False,False
C11683,Chennai,61,F,8,Premium,Month-to-month,1203.0,9338.0,0,UPI,False,False,False
C13228,Hyderabad,35,F,8,Basic,Month-to-month,624.0,4898.0,0,Card,True,False,False
C15926,Bengaluru,47,M,8,Standard,Month-to-month,984.0,7507.0,1,Card,True,False,True
C10891,Hyderabad,36,F,50,Standard,One year,1133.0,56265.0,1,Bank transfer,True,True,False
C11462,Chennai,53,F,27,Basic,Month-to-month,389.0,10093.0,0,UPI,False,False,True
C11506,Kochi,23,F,5,Premium,Month-to-month,1562.0,7421.0,1,UPI,True,False,True
C12164,Hyderabad,48,F,55,Basic,Two year,848.0,45295.0,0,Cash,True,True,False
C11487,Kochi,37,F,29,Standard,One year,1138.0,31491.0,2,Card,True,True,False
C16327,Chennai,29,M,31,Standard,Month-to-month,975.0,29237.0,2,Bank transfer,True,False,False
C10431,Bengaluru,20,F,64,Basic,Two year,708.0,45312.0,1,UPI,True,False,False
C12900,Chennai,58,F,12,Premium,Month-to-month,1676.0,19597.0,0,UPI,True,True,False
C11098,Hyderabad,20,F,12,Standard,Month-to-month,704.0,8307.0,4,Cash,False,False,False
C12513,Bengaluru,44,M,25,Premium,Month-to-month,1146.0,27967.0,1,UPI,False,False,True
C11809,Kochi,48,M,23,Premium,Month-to-month,1463.0,33154.0,2,Bank transfer,True,False,False
C15550,Chennai,69,M,10,Standard,One year,1195.0,11482.0,2,UPI,True,True,True
C11223,Hyderabad,66,M,16,Standard,Month-to-month,1156.0,17798.0,2,Card,True,True,False
C15754,Chennai,74,M,12,Standard,Month-to-month,947.0,11315.0,0,Bank transfer,True,False,False
C14419,Kochi,53,F,39,Standard,Two year,1194.0,45993.0,0,Card,True,True,False
C12486,Hyderabad,24,F,37,Standard,Two year,934.0,33872.0,0,UPI,True,False,False
C14080,Hyderabad,61,F,32,Basic,Month-to-month,741.0,22628.0,0,UPI,True,False,False
C16673,Pune,29,M,66,Basic,One year,752.0,47672.0,3,Bank transfer,True,False,False
C14869,Kochi,19,M,30,Basic,Month-to-month,440.0,12543.0,2,UPI,False,False,True
C12882,Hyderabad,42,M,3,Standard,Month-to-month,1041.0,2978.0,0,Card,True,False,True
C10268,Kochi,42,M,11,Standard,Month-to-month,697.0,7304.0,2,Card,False,False,True
C10157,Pune,21,F,56,Basic,One year,499.0,27918.0,1,UPI,False,True,False
C15456,Kochi,67,F,27,Basic,Two year,462.0,11996.0,1,UPI,False,True,False
C14104,Kochi,50,M,27,Standard,Month-to-month,824.0,22233.0,2,Cash,False,True,True
C15870,Bengaluru,65,M,7,Premium,Month-to-month,1510.0,10295.0,1,UPI,True,False,True
C12395,Pune,69,M,14,Premium,Month-to-month,1445.0,19624.0,1,Card,True,False,False
C13276,Chennai,29,M,24,Standard,Month-to-month,1091.0,26020.0,1,Card,True,False,False
C16490,Pune,57,M,13,Premium,Month-to-month,1560.0,19711.0,0,UPI,True,False,False
C14190,Chennai,52,F,30,Basic,Month-to-month,407.0,11633.0,0,Bank transfer,False,False,False
C10880,Chennai,28,F,11,Standard,Month-to-month,1144.0,12486.0,1,Card,True,True,False
C10602,Bengaluru,73,F,7,Premium,Month-to-month,1680.0,11583.0,0,Cash,True,True,True
C10717,Pune,67,F,18,Basic,Month-to-month,528.0,9268.0,0,Cash,False,True,False
C15646,Chennai,59,F,52,Basic,Two year,719.0,36839.0,1,Bank transfer,True,False,False
C12949,Chennai,62,F,23,Premium,Month-to-month,1559.0,35309.0,2,UPI,True,False,False
C12336,Pune,51,M,24,Standard,Month-to-month,1188.0,27562.0,1,Bank transfer,True,True,True
C12467,Chennai,19,M,56,Basic,One year,449.0,24485.0,0,Card,False,False,False
C11568,Chennai,24,M,37,Basic,Month-to-month,414.0,15271.0,1,UPI,False,False,False
C10098,Pune,50,M,70,Basic,One year,457.0,31799.0,3,UPI,False,False,False
C11537,Bengaluru,59,M,16,Basic,Month-to-month,393.0,5975.0,1,Cash,False,False,False
C14493,Hyderabad,58,F,20,Basic,Two year,352.0,6803.0,1,Bank transfer,False,False,False
C16006,Pune,38,F,31,Standard,One year,1180.0,35928.0,2,Bank transfer,True,True,False
C11157,Hyderabad,63,F,31,Standard,One year,1015.0,30271.0,0,Card,True,False,False
C12128,Bengaluru,45,F,24,Standard,One year,1156.0,27135.0,0,UPI,True,True,False
C16424,Pune,55,M,11,Basic,Month-to-month,718.0,7612.0,0,Card,True,False,False
C14814,Pune,49,M,43,Standard,One year,961.0,40002.0,0,Bank transfer,True,False,False
C15366,Pune,60,F,35,Basic,Month-to-month,443.0,14889.0,2,Bank transfer,False,False,False
C12155,Bengaluru,48,M,40,Basic,Two year,682.0,26432.0,3,UPI,True,False,False
C16844,Bengaluru,52,F,9,Standard,Month-to-month,980.0,8561.0,1,Card,True,False,False
C16401,Hyderabad,57,F,37,Standard,Month-to-month,702.0,25892.0,3,Cash,False,False,False
C15968,Chennai,68,F,63,Basic,One year,434.0,27104.0,0,UPI,False,False,False
C12410,Bengaluru,35,F,27,Standard,Month-to-month,713.0,18839.0,0,Card,False,False,False
C12239,Hyderabad,69,M,16,Premium,Month-to-month,1681.0,26018.0,1,Card,True,True,False
C15626,Pune,47,M,30,Basic,Month-to-month,741.0,21436.0,2,Cash,True,False,False
C12817,Hyderabad,36,F,19,Basic,Two year,812.0,15209.0,3,UPI,True,True,False
C10564,Hyderabad,61,M,26,Basic,One year,707.0,18382.0,1,Bank transfer,True,False,False
C10590,Hyderabad,45,F,53,Standard,One year,1045.0,53216.0,2,UPI,True,False,False
C10048,Kochi,37,F,18,Premium,Two year,1168.0,20385.0,2,UPI,False,False,False
C15199,Hyderabad,47,F,1,Standard,Month-to-month,987.0,951.0,0,Cash,True,False,False
C13561,Bengaluru,22,M,18,Premium,Two year,1186.0,20755.0,1,UPI,False,False,False
C16477,Chennai,28,F,62,Basic,One year,671.0,41178.0,1,UPI,True,False,False
C12869,Chennai,34,M,18,Standard,Month-to-month,612.0,10601.0,0,Card,False,False,False
C14424,Hyderabad,69,F,38,Basic,Month-to-month,617.0,22463.0,1,Bank transfer,False,True,False
C15054,Bengaluru,41,M,9,Premium,Month-to-month,1478.0,13302.0,2,Card,True,False,True
C16347,Bengaluru,60,M,22,Basic,Month-to-month,380.0,8047.0,3,Bank transfer,False,False,True
C13963,Hyderabad,43,M,41,Standard,Two year,1154.0,45891.0,3,Cash,True,True,False
C16095,Kochi,30,M,38,Standard,Month-to-month,976.0,36142.0,0,Card,True,False,False
C12097,Kochi,49,F,24,Standard,One year,992.0,23031.0,1,Card,True,False,False
C11338,Hyderabad,26,F,61,Standard,One year,1015.0,59417.0,3,Bank transfer,True,False,False
C13058,Hyderabad,61,F,16,Premium,Two year,1651.0,25492.0,0,UPI,True,True,False
C12267,Pune,51,M,15,Basic,Month-to-month,732.0,10650.0,2,UPI,True,False,False
C15665,Chennai,18,F,26,Basic,Month-to-month,838.0,21552.0,2,Cash,True,True,False
C10533,Bengaluru,48,F,20,Standard,Two year,1028.0,19841.0,0,UPI,True,False,False
C13715,Bengaluru,67,M,32,Basic,One year,734.0,23430.0,0,UPI,True,True,False
C14125,Hyderabad,68,F,23,Premium,Month-to-month,1496.0,33226.0,0,UPI,True,False,False
C11165,Hyderabad,40,M,29,Standard,One year,1000.0,28590.0,1,UPI,True,False,True
C16835,Bengaluru,43,M,39,Basic,Month-to-month,718.0,28002.0,0,UPI,True,False,False
C14565,Chennai,47,F,48,Standard,Two year,707.0,32797.0,1,UPI,False,False,False
C10517,Bengaluru,20,F,23,Standard,Month-to-month,676.0,15033.0,1,UPI,False,False,True
C12319,Bengaluru,45,M,13,Basic,Month-to-month,766.0,9520.0,2,Bank transfer,True,False,True
C13140,Hyderabad,41,M,64,Standard,Two year,929.0,57147.0,3,UPI,True,False,False
C16920,Chennai,69,M,36,Premium,Month-to-month,1243.0,42718.0,0,Bank transfer,False,False,False
C15244,Bengaluru,42,F,4,Standard,Month-to-month,1045.0,4161.0,3,Card,True,False,False
C14432,Hyderabad,40,M,71,Basic,Two year,379.0,26331.0,3,Card,False,False,False
C15377,Chennai,54,M,11,Basic,Month-to-month,364.0,3924.0,1,UPI,False,False,True
C12818,Pune,26,M,16,Standard,Two year,957.0,14836.0,2,Card,True,False,False
C16114,Bengaluru,70,M,23,Standard,One year,1123.0,24604.0,1,Bank transfer,True,True,False
C14063,Bengaluru,28,F,24,Standard,Month-to-month,776.0,17723.0,0,Cash,False,False,True
C14514,Hyderabad,51,F,58,Basic,Two year,718.0,40485.0,2,Card,True,False,False
C13531,Chennai,28,F,21,Basic,Month-to-month,701.0,14085.0,0,Cash,True,False,False
C16584,Hyderabad,21,M,19,Basic,Month-to-month,684.0,12839.0,3,Cash,True,False,True
C10647,Chennai,62,M,38,Standard,Month-to-month,1161.0,42490.0,2,UPI,True,True,False
C10340,Kochi,32,F,7,Basic,One year,368.0,2453.0,3,UPI,False,False,True
C12581,Hyderabad,45,M,13,Standard,Month-to-month,1041.0,12937.0,0,UPI,True,False,False
C10845,Bengaluru,18,M,27,Basic,One year,695.0,18301.0,1,Cash,True,False,False
C13183,Bengaluru,54,M,31,Premium,One year,1210.0,36206.0,1,UPI,False,False,False
C15052,Pune,58,M,23,Basic,One year,707.0,16151.0,0,UPI,True,False,False
C12880,Hyderabad,67,M,18,Basic,Month-to-month,702.0,12610.0,1,UPI,True,False,False
C16746,Bengaluru,69,M,58,Standard,Two year,1085.0,59934.0,0,UPI,True,False,False
C14660,Bengaluru,54,F,23,Premium,Two year,1545.0,35154.0,2,UPI,True,False,False
C15062,Kochi,44,F,27,Basic,Month-to-month,685.0,18441.0,0,Bank transfer,True,False,False
C13216,Chennai,38,F,68,Standard,Two year,797.0,53437.0,1,Card,False,True,False
C13270,Chennai,29,F,36,Standard,Month-to-month,1000.0,35998.0,2,Cash,True,False,True
C13853,Chennai,51,M,34,Standard,Month-to-month,599.0,19444.0,1,UPI,False,False,False
C11975,Chennai,41,M,17,Premium,Month-to-month,1481.0,24283.0,0,UPI,True,False,True
C13436,Chennai,28,F,5,Standard,Month-to-month,1074.0,5168.0,1,Bank transfer,True,False,True
C14068,Kochi,41,M,51,Standard,One year,894.0,43331.0,1,Cash,False,True,False
C13501,Hyderabad,68,F,4,Standard,Month-to-month,712.0,2848.0,1,Card,False,False,False
C10038,Hyderabad,47,M,53,Premium,Two year,1323.0,70119.0,2,UPI,False,True,False
C13094,Pune,23,F,56,Standard,One year,1014.0,55498.0,2,Cash,True,False,False
C15757,Hyderabad,73,F,58,Standard,Two year,812.0,46907.0,1,Bank transfer,False,True,False
C13940,Hyderabad,48,F,47,Basic,Two year,584.0,27130.0,1,Card,False,True,False
C13016,Chennai,67,M,41,Standard,Two year,930.0,37885.0,3,Card,True,False,False
C11833,Hyderabad,74,F,57,Premium,One year,1491.0,84898.0,1,Card,True,False,False
C13924,Bengaluru,45,M,38,Premium,One year,1341.0,50676.0,2,Bank transfer,False,True,True
C11088,Chennai,68,F,43,Basic,Two year,715.0,29441.0,0,Card,True,False,False
C11530,Hyderabad,59,F,23,Premium,Month-to-month,1234.0,27103.0,1,Bank transfer,False,False,False
C14297,Bengaluru,33,M,17,Premium,Month-to-month,1425.0,23786.0,0,Bank transfer,True,False,False
C13404,Chennai,45,F,3,Standard,Month-to-month,736.0,2191.0,1,UPI,False,False,False
C13496,Bengaluru,63,F,1,Premium,Month-to-month,1212.0,1208.0,0,Card,False,False,False
C10761,Chennai,32,F,38,Standard,Month-to-month,1066.0,40410.0,0,Cash,True,False,True
C12683,Hyderabad,22,F,20,Standard,Month-to-month,991.0,18927.0,2,Card,True,False,False
C10734,Bengaluru,69,F,18,Basic,Month-to-month,717.0,12518.0,0,UPI,True,False,False
C11489,Chennai,64,M,38,Standard,One year,1152.0,43677.0,1,Bank transfer,True,True,False
C15015,Chennai,65,M,28,Basic,Month-to-month,382.0,10442.0,1,Cash,False,False,False
C13446,Bengaluru,25,F,32,Standard,Two year,1106.0,33641.0,0,UPI,True,True,False
C16701,Chennai,41,F,27,Basic,Month-to-month,565.0,15198.0,2,Card,False,True,False
C10997,Pune,20,M,25,Standard,One year,1217.0,30131.0,2,Bank transfer,True,True,True
C13777,Pune,47,F,6,Standard,Month-to-month,1061.0,6094.0,1,Cash,True,False,False
C13164,Bengaluru,40,M,7,Premium,Month-to-month,1394.0,9646.0,1,Cash,True,False,True
C15109,Chennai,60,M,1,Basic,Month-to-month,826.0,816.0,2,UPI,True,False,True
C11728,Pune,31,F,7,Standard,Month-to-month,994.0,6675.0,2,UPI,True,False,True
C11634,Pune,26,M,50,Standard,One year,932.0,46424.0,0,UPI,False,True,False
C13179,Bengaluru,45,F,20,Basic,Two year,416.0,8241.0,0,Cash,False,False,False
C13603,Hyderabad,40,M,27,Basic,One year,671.0,17983.0,0,UPI,True,False,False
C14582,Bengaluru,67,F,17,Basic,One year,875.0,14258.0,0,Bank transfer,True,True,False
C15797,Bengaluru,61,M,52,Standard,One year,937.0,48694.0,2,Bank transfer,True,False,False
C12013,Chennai,45,F,8,Standard,Two year,1017.0,8075.0,1,UPI,True,False,False
C10150,Chennai,60,M,13,Standard,Month-to-month,867.0,11089.0,1,UPI,False,True,False
C15259,Kochi,50,M,19,Standard,Month-to-month,1012.0,18279.0,1,Bank transfer,True,False,False
C16635,Bengaluru,43,F,28,Standard,One year,1034.0,28268.0,3,Bank transfer,True,False,False
C14260,Kochi,42,F,15,Basic,Month-to-month,650.0,9503.0,1,Cash,True,False,True
C10908,Kochi,65,M,12,Standard,Month-to-month,1068.0,12201.0,2,Bank transfer,True,True,False
C11224,Hyderabad,22,M,63,Standard,Two year,1030.0,64350.0,0,UPI,True,False,False
C16465,Pune,53,M,21,Standard,Two year,867.0,18157.0,1,UPI,True,False,False
C14936,Pune,59,F,59,Basic,Two year,386.0,22377.0,3,Card,False,False,False
C11965,Chennai,58,F,23,Standard,Month-to-month,680.0,15249.0,1,UPI,False,False,False
C14739,Hyderabad,27,M,34,Standard,One year,680.0,22347.0,4,UPI,False,False,False
C16903,Hyderabad,33,F,32,Standard,Month-to-month,737.0,22478.0,1,UPI,False,False,False
C16816,Hyderabad,46,F,57,Basic,Two year,462.0,26306.0,1,UPI,False,True,False
C14113,Pune,42,M,47,Premium,Two year,1521.0,70993.0,1,UPI,True,False,False
C14096,Chennai,71,M,36,Standard,Month-to-month,673.0,23122.0,3,Card,False,False,True
C12607,Bengaluru,41,F,19,Premium,Month-to-month,1467.0,27185.0,3,UPI,True,False,True
C16770,Hyderabad,58,M,22,Basic,Month-to-month,299.0,6424.0,0,Cash,False,False,False
C11207,Chennai,45,F,13,Premium,One year,1358.0,16886.0,2,UPI,False,True,False
C11563,Bengaluru,34,M,21,Basic,Month-to-month,450.0,9441.0,1,Cash,False,False,True
C10315,Bengaluru,57,F,14,Basic,One year,360.0,5008.0,2,Cash,False,False,False
C15253,Bengaluru,20,M,63,Standard,Two year,1044.0,65413.0,3,Cash,True,False,False
C10023,Hyderabad,42,F,32,Basic,Month-to-month,376.0,11985.0,1,Card,False,False,False
C14090,Bengaluru,40,M,33,Basic,Month-to-month,666.0,21454.0,1,Bank transfer,True,False,False
C11875,Hyderabad,56,M,51,Basic,One year,897.0,44165.0,2,Card,True,True,False
C13104,Bengaluru,63,M,33,Basic,One year,610.0,20106.0,1,UPI,False,True,False
C16709,Pune,63,M,32,Basic,One year,547.0,16951.0,4,Bank transfer,False,True,False
C11675,Pune,62,M,2,Basic,Month-to-month,658.0,1282.0,0,Card,True,False,False
C16240,Kochi,19,F,27,Standard,One year,966.0,25497.0,0,UPI,True,False,False
C14962,Hyderabad,63,F,33,Basic,Two year,416.0,13635.0,3,UPI,False,False,False
C14912,Bengaluru,60,F,33,Basic,One year,614.0,19703.0,1,Card,True,False,False
C12672,Chennai,68,M,26,Basic,One year,569.0,14121.0,0,Bank transfer,False,True,False
C11641,Bengaluru,21,M,20,Standard,Month-to-month,871.0,16574.0,0,Card,False,True,True
C12438,Bengaluru,27,F,53,Standard,One year,1157.0,59364.0,2,Card,True,True,False
C11622,Pune,64,M,30,Basic,Month-to-month,659.0,19226.0,1,Cash,True,False,False
C10871,Bengaluru,68,F,39,Standard,Month-to-month,995.0,37560.0,2,UPI,True,False,False
C15604,Kochi,64,F,2,Premium,Month-to-month,1232.0,2434.0,0,Cash,False,False,True
C14280,Bengaluru,50,M,17,Standard,Month-to-month,1141.0,19397.0,1,UPI,True,True,False
C15387,Chennai,64,M,53,Basic,One year,665.0,34683.0,0,Bank transfer,True,False,False
C13898,Chennai,19,F,30,Basic,Two year,391.0,11342.0,2,Card,False,False,False
C10321,Chennai,52,F,30,Basic,One year,822.0,23684.0,1,UPI,True,True,False
C11771,Kochi,22,M,10,Premium,Month-to-month,1398.0,12167.0,1,UPI,False,True,True
C10624,Chennai,48,F,28,Basic,One year,354.0,9683.0,2,Card,False,False,False
C15494,Hyderabad,19,F,7,Basic,Month-to-month,694.0,4798.0,1,Bank transfer,False,True,False
C14344,Pune,29,F,39,Basic,Two year,663.0,25048.0,0,UPI,True,False,False
C14704,Chennai,27,F,8,Standard,Month-to-month,712.0,5696.0,1,Card,False,False,True
C16016,Chennai,34,F,54,Standard,Two year,918.0,48823.0,0,Cash,True,False,False
C14433,Bengaluru,44,M,9,Standard,Month-to-month,937.0,8264.0,1,UPI,True,False,False
C13647,Bengaluru,63,F,12,Standard,Month-to-month,982.0,11710.0,1,Bank transfer,True,False,False
C14972,Bengaluru,74,F,7,Standard,Month-to-month,755.0,5058.0,1,Card,False,True,True
C15709,Chennai,58,F,10,Basic,Month-to-month,888.0,8715.0,2,UPI,True,True,True
C15501,Hyderabad,30,F,18,Standard,Month-to-month,1129.0,19942.0,1,Card,True,True,True
C13445,Hyderabad,43,F,35,Standard,Month-to-month,757.0,26375.0,1,Bank transfer,False,False,False
C13376,Kochi,25,F,43,Basic,One year,428.0,17641.0,2,UPI,False,False,False
C14903,Kochi,52,M,30,Standard,One year,1271.0,37859.0,0,UPI,True,True,False
C10214,Bengaluru,25,M,31,Premium,Month-to-month,1166.0,35334.0,1,Card,False,False,False
C16769,Pune,34,M,2,Basic,Month-to-month,669.0,1309.0,0,UPI,True,False,False
C10996,Bengaluru,64,F,57,Basic,One year,446.0,24707.0,1,UPI,False,False,False
C16941,Kochi,53,F,67,Premium,Two year,1565.0,101200.0,0,UPI,True,False,False
C15946,Bengaluru,59,M,40,Premium,Two year,1636.0,62618.0,2,UPI,True,True,False
C12775,Bengaluru,35,M,39,Standard,Month-to-month,1148.0,44360.0,0,Card,True,True,False
C16227,Hyderabad,74,M,32,Standard,Month-to-month,971.0,29934.0,2,UPI,True,False,False
C16998,Hyderabad,26,F,71,Standard,Two year,1151.0,78338.0,4,Card,True,True,False
C14107,Pune,44,M,39,Standard,Two year,728.0,28058.0,1,Bank transfer,False,False,False
C10287,Pune,40,M,19,Standard,Month-to-month,1001.0,18813.0,1,Card,True,True,False
C14899,Bengaluru,34,F,1,Basic,Month-to-month,820.0,802.0,2,Card,True,True,True
C13278,Bengaluru,31,F,9,Premium,Month-to-month,1212.0,10504.0,0,Cash,False,False,False
C13632,Pune,53,F,8,Standard,Month-to-month,749.0,5827.0,3,UPI,False,False,False
C13811,Pune,50,M,20,Premium,Two year,1324.0,25238.0,5,Card,False,True,True
C14004,Pune,68,M,13,Basic,Month-to-month,535.0,6864.0,1,UPI,False,True,False
C13900,Hyderabad,59,F,2,Standard,Month-to-month,960.0,1908.0,1,Card,True,False,True
C11991,Hyderabad,24,M,35,Premium,Two year,1591.0,53311.0,3,Card,True,True,False
C14081,Kochi,47,M,16,Premium,Month-to-month,1144.0,18300.0,0,Card,False,False,False
C13736,Bengaluru,64,M,19,Standard,Two year,666.0,12324.0,0,UPI,False,False,False
C14714,Hyderabad,51,M,6,Standard,Month-to-month,697.0,4154.0,3,Cash,False,False,True
C10267,Bengaluru,34,F,16,Standard,Month-to-month,1176.0,18454.0,3,Card,True,True,False
C10553,Kochi,37,M,23,Standard,Month-to-month,980.0,21481.0,0,UPI,True,False,False
C12446,Hyderabad,65,M,8,Standard,Month-to-month,1139.0,8926.0,0,UPI,True,True,False
C14883,Hyderabad,73,F,9,Standard,Two year,1052.0,9258.0,0,Card,True,False,False
C15047,Hyderabad,57,F,18,Premium,Two year,1219.0,21912.0,2,UPI,False,False,False
C14643,Pune,58,M,70,Basic,One year,703.0,49210.0,0,UPI,True,False,False
C12363,Kochi,40,F,25,Basic,Two year,770.0,19020.0,0,UPI,True,False,False
C15030,Pune,28,F,16,Basic,One year,751.0,11633.0,2,Cash,True,False,True
C13218,Bengaluru,33,F,10,Standard,One year,1176.0,11466.0,0,Card,True,True,False
C12117,Bengaluru,25,M,65,Premium,One year,1565.0,101639.0,3,Card,True,False,False
C16801,Bengaluru,26,M,30,Basic,One year,698.0,20282.0,0,UPI,True,False,False
C13925,Bengaluru,73,M,17,Standard,Two year,719.0,12108.0,0,UPI,False,False,False
C12982,Hyderabad,61,M,15,Basic,Two year,609.0,8704.0,2,UPI,True,False,False
C15263,Pune,21,F,36,Basic,Two year,603.0,20950.0,2,Card,False,True,False
C16573,Chennai,32,M,67,Standard,One year,769.0,50419.0,0,Bank transfer,False,True,False
C13178,Chennai,54,F,5,Basic,Month-to-month,535.0,2616.0,0,UPI,False,True,False
C12065,Bengaluru,30,F,8,Premium,Month-to-month,1500.0,11423.0,3,Bank transfer,True,False,True
C14857,Bengaluru,40,F,20,Basic,One year,579.0,11272.0,3,Card,False,True,True
C15671,Kochi,49,M,40,Standard,Two year,679.0,26447.0,1,Card,False,False,False
C11309,Bengaluru,33,M,1,Standard,Month-to-month,714.0,684.0,0,Cash,False,False,False
C15023,Kochi,67,M,12,Standard,One year,670.0,7802.0,0,UPI,False,False,False
C10784,Hyderabad,66,F,66,Premium,One year,1375.0,90307.0,1,Cash,False,True,False
C15183,Pune,70,M,29,Basic,Month-to-month,545.0,15458.0,1,Bank transfer,False,True,False
C14187,Bengaluru,31,M,26,Basic,Month-to-month,680.0,16931.0,3,Card,True,False,False
C16355,Bengaluru,71,F,8,Basic,Month-to-month,641.0,5119.0,1,Cash,True,False,False
C12307,Kochi,66,F,15,Basic,Month-to-month,334.0,4821.0,0,UPI,False,False,False
C10790,Chennai,34,F,34,Standard,Month-to-month,1170.0,39247.0,2,UPI,True,True,False
C14437,Chennai,57,F,25,Premium,One year,1134.0,27250.0,0,Bank transfer,False,False,False
C13075,Chennai,48,F,50,Basic,One year,553.0,26472.0,2,Card,False,True,False
C14942,Hyderabad,46,F,68,Standard,One year,711.0,47436.0,3,Cash,False,False,True
C11980,Bengaluru,41,F,7,Basic,One year,363.0,2534.0,1,UPI,False,False,False
C15352,Pune,43,M,40,Premium,One year,1487.0,57819.0,1,UPI,True,False,False
C15007,Chennai,50,F,32,Standard,One year,809.0,25607.0,1,UPI,False,False,False
C11416,Pune,35,F,22,Standard,Month-to-month,1196.0,25741.0,1,Card,True,True,False
C12752,Bengaluru,23,F,29,Basic,One year,582.0,16382.0,1,Card,False,True,False
C14681,Bengaluru,52,F,14,Basic,Two year,718.0,9889.0,0,Card,True,False,False
C11009,Bengaluru,38,F,19,Basic,Month-to-month,820.0,15373.0,2,Cash,True,True,True
C13242,Chennai,49,F,20,Basic,Month-to-month,334.0,6515.0,1,UPI,False,False,False
C13205,Kochi,47,M,34,Basic,Month-to-month,842.0,27874.0,0,Card,True,True,False
C12095,Bengaluru,25,M,33,Premium,Month-to-month,1696.0,55226.0,2,UPI,True,True,False
C16621,Pune,65,F,33,Premium,Two year,1687.0,54135.0,0,Cash,True,True,False
C13818,Bengaluru,21,M,9,Basic,One year,882.0,7843.0,1,Card,True,True,False
C13480,Hyderabad,64,F,31,Basic,Month-to-month,840.0,25338.0,2,Card,True,True,False
C14350,Bengaluru,54,M,3,Basic,Month-to-month,685.0,2049.0,1,Cash,True,False,True
C14607,Chennai,72,F,38,Premium,Two year,1491.0,54613.0,1,UPI,True,False,False
C12706,Pune,37,M,42,Standard,Two year,1003.0,41832.0,2,UPI,True,False,False
C11007,Chennai,33,F,27,Standard,Two year,724.0,19008.0,3,Bank transfer,False,False,False
C12208,Kochi,54,F,17,Premium,Month-to-month,1383.0,22404.0,1,Card,False,True,False
C15798,Hyderabad,40,M,21,Standard,One year,1010.0,21156.0,1,Card,True,False,False
C15984,Bengaluru,43,F,9,Standard,Month-to-month,892.0,7878.0,7,UPI,False,True,True
C16162,Pune,68,M,38,Basic,Month-to-month,349.0,12782.0,2,Card,False,False,False
C16660,Hyderabad,28,F,57,Basic,One year,872.0,49005.0,1,Cash,True,True,False
C11266,Bengaluru,30,F,30,Standard,Month-to-month,1112.0,31923.0,0,Bank transfer,True,True,False
C11930,Hyderabad,45,M,38,Basic,Month-to-month,891.0,33238.0,2,Cash,True,True,False
C11791,Pune,29,F,14,Standard,Month-to-month,1157.0,16066.0,2,Cash,True,True,True
C16112,Kochi,29,F,52,Basic,One year,695.0,35290.0,1,Bank transfer,True,False,False
C13463,Hyderabad,46,F,30,Basic,Month-to-month,894.0,25625.0,1,Card,True,True,False
C11184,Kochi,27,M,30,Basic,Month-to-month,525.0,15670.0,1,Bank transfer,False,True,False
C15369,Bengaluru,35,F,49,Standard,One year,682.0,32460.0,0,Bank transfer,False,False,False
C10161,Hyderabad,73,F,26,Basic,Month-to-month,354.0,9166.0,1,Card,False,False,True
C12127,Hyderabad,44,M,15,Basic,Month-to-month,693.0,10271.0,1,Card,True,False,True
C11299,Chennai,31,M,36,Standard,Two year,1134.0,39288.0,3,Cash,True,True,False
C11038,Kochi,18,F,15,Standard,Month-to-month,1072.0,15826.0,0,Cash,True,False,False
C14601,Chennai,40,M,24,Basic,Month-to-month,725.0,17102.0,1,Card,True,False,False
C16599,Bengaluru,55,F,38,Basic,Month-to-month,731.0,27446.0,0,Card,True,False,False
C12930,Bengaluru,27,M,34,Basic,Two year,686.0,23004.0,1,UPI,True,False,False
C16547,Hyderabad,56,F,1,Basic,Month-to-month,715.0,699.0,1,Bank transfer,True,False,True
C13250,Pune,65,M,8,Premium,One year,1407.0,11127.0,0,Cash,False,True,False
C10333,Pune,45,F,23,Standard,Two year,990.0,22392.0,0,Bank transfer,True,False,False
C14049,Kochi,58,F,35,Basic,Month-to-month,563.0,18785.0,0,UPI,False,True,False
C12094,Bengaluru,47,M,23,Basic,Month-to-month,384.0,8483.0,1,Bank transfer,False,False,True
C12144,Bengaluru,62,M,14,Basic,Two year,698.0,9364.0,1,UPI,True,False,False
C10516,Bengaluru,51,M,70,Standard,Two year,869.0,58772.0,1,UPI,False,True,False
C12609,Chennai,35,M,36,Standard,Month-to-month,954.0,34170.0,0,UPI,True,False,False
C14052,Pune,41,M,64,Basic,One year,795.0,50695.0,3,Cash,True,True,False
C12605,Bengaluru,71,F,4,Basic,Month-to-month,644.0,2539.0,0,Card,True,False,False
C16612,Hyderabad,58,M,32,Premium,Two year,1654.0,52292.0,0,Bank transfer,True,True,False
C10910,Hyderabad,19,M,3,Standard,Month-to-month,755.0,2161.0,2,UPI,False,False,True
C11124,Chennai,63,F,28,Standard,Two year,1143.0,31281.0,1,UPI,True,True,False
C11976,Hyderabad,55,M,28,Basic,Month-to-month,384.0,10471.0,0,Cash,False,False,False
C11021,Bengaluru,32,M,34,Premium,Two year,1483.0,48355.0,2,UPI,True,False,False
C12413,Pune,38,M,6,Basic,Month-to-month,591.0,3398.0,1,UPI,False,True,True
C13932,Pune,23,M,32,Standard,One year,1003.0,30556.0,0,Card,True,False,False
C12781,Chennai,36,F,35,Premium,Month-to-month,1454.0,50327.0,2,UPI,True,False,False
C15512,Bengaluru,67,M,35,Premium,Month-to-month,1656.0,57955.0,0,UPI,True,True,False
C12412,Chennai,25,F,5,Premium,Month-to-month,1485.0,7222.0,0,Card,True,False,True
C10139,Chennai,59,M,2,Basic,Month-to-month,363.0,721.0,2,UPI,False,False,False
C16974,Pune,64,F,71,Premium,One year,1393.0,94098.0,1,Cash,False,True,False
C13062,Chennai,21,M,30,Standard,One year,1171.0,34323.0,2,UPI,True,True,False
C10532,Chennai,24,F,17,Premium,Month-to-month,1640.0,26716.0,0,Card,True,True,False
C14159,Hyderabad,18,M,61,Standard,One year,827.0,48629.0,2,Card,False,True,False
C11851,Hyderabad,41,M,14,Basic,Month-to-month,885.0,11995.0,3,Card,True,True,False
C15540,Bengaluru,71,M,13,Standard,Two year,938.0,11897.0,1,UPI,True,False,False
C13693,Hyderabad,69,M,20,Premium,Month-to-month,1723.0,33805.0,1,UPI,True,True,False
C14878,Pune,69,M,6,Premium,Month-to-month,1518.0,8728.0,0,UPI,True,False,True
C10009,Hyderabad,47,F,68,Basic,One year,719.0,47951.0,0,Bank transfer,True,False,False
C11948,Hyderabad,33,M,38,Basic,Month-to-month,375.0,14066.0,1,Cash,False,False,True
C14921,Chennai,46,F,57,Basic,One year,720.0,39291.0,3,UPI,True,False,True
C12723,Pune,21,F,21,Standard,Month-to-month,1118.0,22463.0,0,Card,True,True,False
C10332,Hyderabad,52,M,61,Premium,Two year,1512.0,88316.0,4,Card,True,False,False
C15756,Bengaluru,73,M,24,Basic,Month-to-month,715.0,17160.0,3,Bank transfer,True,False,True
C11220,Chennai,42,M,6,Standard,Month-to-month,905.0,5220.0,2,UPI,True,False,True
C13170,Pune,68,M,56,Basic,One year,460.0,25537.0,1,Card,False,True,False
C10271,Hyderabad,20,M,11,Basic,Month-to-month,894.0,9373.0,0,Card,True,True,True
C15044,Chennai,36,M,3,Basic,Month-to-month,920.0,2735.0,2,UPI,True,True,False
C16098,Bengaluru,34,F,13,Basic,One year,515.0,6642.0,2,Card,False,True,False
C12680,Hyderabad,47,M,8,Standard,Month-to-month,995.0,7858.0,1,Bank transfer,True,False,False
C13867,Pune,31,F,16,Basic,Month-to-month,755.0,11854.0,1,Card,True,False,False
C13386,Chennai,48,F,18,Basic,Month-to-month,465.0,8033.0,2,UPI,False,False,True
C16407,Bengaluru,67,M,4,Basic,Month-to-month,854.0,3350.0,0,Cash,True,True,True
C14106,Hyderabad,59,M,4,Standard,Month-to-month,969.0,3848.0,1,Bank transfer,True,False,True
C14299,Chennai,62,F,59,Standard,Two year,1007.0,59139.0,0,Cash,True,False,False
C14616,Pune,53,F,56,Basic,Two year,406.0,22527.0,1,Card,False,False,False
C16207,Hyderabad,37,F,20,Standard,Month-to-month,1129.0,22070.0,0,Cash,True,True,True
C15924,Bengaluru,22,M,53,Standard,One year,897.0,45442.0,4,Bank transfer,True,False,False
C15668,Hyderabad,18,F,14,Basic,Month-to-month,764.0,10186.0,1,Bank transfer,True,False,False
C12863,Hyderabad,59,M,18,Standard,Month-to-month,813.0,14294.0,1,UPI,False,True,True
C15391,Kochi,69,F,28,Basic,Two year,375.0,10446.0,0,Bank transfer,False,False,False
C12087,Bengaluru,70,M,5,Basic,Month-to-month,743.0,3708.0,2,Bank transfer,True,False,False
C12350,Hyderabad,71,F,47,Standard,Two year,1017.0,47088.0,1,Card,True,False,False
C12196,Hyderabad,66,F,36,Premium,Month-to-month,1442.0,50579.0,1,Card,True,False,False
C16320,Hyderabad,66,F,33,Basic,Month-to-month,418.0,13611.0,1,UPI,False,False,False
C15873,Hyderabad,19,M,18,Basic,Month-to-month,688.0,12325.0,4,Cash,True,False,True
C12717,Bengaluru,55,M,23,Standard,One year,1139.0,25033.0,0,UPI,True,True,False
C10526,Bengaluru,52,M,68,Basic,One year,753.0,50683.0,4,Card,True,False,False
C13891,Chennai,56,F,9,Basic,Month-to-month,403.0,3528.0,1,Cash,False,False,False
C14685,Hyderabad,35,M,7,Basic,Month-to-month,662.0,4559.0,1,Bank transfer,True,False,False
C11288,Hyderabad,26,M,55,Basic,One year,716.0,39377.0,3,UPI,True,False,False
C11825,Hyderabad,38,M,37,Premium,Two year,1280.0,46575.0,2,Cash,False,True,False
C14882,Chennai,53,M,19,Basic,Month-to-month,908.0,16457.0,0,Card,True,True,False
C10856,Pune,21,M,25,Standard,One year,1010.0,24047.0,1,Card,True,False,False
C10557,Kochi,65,M,37,Standard,Month-to-month,855.0,31447.0,1,UPI,False,True,False
C11405,Chennai,22,M,33,Basic,Month-to-month,421.0,13582.0,3,Bank transfer,False,False,False
C14999,Hyderabad,67,M,14,Basic,Month-to-month,750.0,10250.0,1,Card,True,False,False
C15922,Chennai,74,F,55,Standard,Two year,1005.0,55191.0,2,Card,True,False,False
C15749,Hyderabad,55,F,9,Basic,One year,758.0,6616.0,2,Cash,True,False,True
C11020,Bengaluru,33,F,35,Basic,One year,883.0,30711.0,2,UPI,True,True,False
C15198,Bengaluru,42,F,13,Basic,One year,545.0,7003.0,1,UPI,False,True,True
C10511,Chennai,37,M,33,Basic,One year,640.0,20217.0,2,Card,True,False,True
C16321,Chennai,39,F,12,Basic,Two year,412.0,4757.0,1,Card,False,False,False
C11886,Hyderabad,40,M,16,Standard,Month-to-month,1171.0,18441.0,2,Card,True,True,True
C15706,Bengaluru,58,M,12,Basic,Month-to-month,548.0,6518.0,1,UPI,False,True,False
C14689,Bengaluru,39,M,24,Standard,Month-to-month,886.0,20606.0,2,UPI,True,False,False
C13856,Hyderabad,56,M,17,Standard,One year,725.0,11887.0,0,Card,False,False,False
C11148,Hyderabad,30,F,7,Premium,One year,1658.0,11248.0,1,UPI,True,True,False
C13790,Bengaluru,52,F,52,Standard,One year,1008.0,51036.0,1,Card,True,False,False
C12431,Pune,24,F,34,Premium,Month-to-month,1571.0,50752.0,3,UPI,True,False,False
C13492,Chennai,42,F,10,Basic,Month-to-month,701.0,6844.0,0,Bank transfer,True,False,False
C12515,Bengaluru,74,F,11,Standard,One year,995.0,10919.0,2,Bank transfer,True,False,True
C14835,Hyderabad,57,F,68,Standard,One year,1038.0,68322.0,1,UPI,True,True,False
C11743,Bengaluru,39,M,48,Standard,Two year,1175.0,55047.0,0,Cash,True,True,False
C10496,Pune,33,F,62,Basic,Two year,902.0,55287.0,1,UPI,True,True,False
C10637,Hyderabad,23,F,65,Premium,One year,1225.0,76431.0,2,UPI,False,False,False
C11331,Bengaluru,62,M,4,Standard,Month-to-month,744.0,2918.0,3,Bank transfer,False,False,False
C13581,Bengaluru,20,F,34,Basic,One year,523.0,17755.0,2,UPI,False,True,False
C15640,Pune,70,F,20,Standard,Two year,1016.0,19535.0,0,UPI,True,False,False
C11648,Chennai,59,F,57,Basic,Two year,569.0,31470.0,1,UPI,False,True,False
C11181,Hyderabad,72,M,10,Standard,Month-to-month,682.0,6515.0,1,Cash,False,False,True
C15209,Bengaluru,59,M,15,Basic,Month-to-month,744.0,10839.0,0,Cash,True,False,False
C14929,Hyderabad,40,M,52,Premium,One year,1181.0,59921.0,1,UPI,False,False,False
C11769,Bengaluru,69,M,53,Premium,Two year,1191.0,60828.0,2,UPI,False,False,False
C16737,Bengaluru,66,M,9,Standard,Month-to-month,707.0,6123.0,1,UPI,False,False,False
C15003,Bengaluru,62,F,65,Premium,Two year,1606.0,102698.0,0,Card,True,True,False
C10510,Bengaluru,51,M,15,Standard,Month-to-month,960.0,14164.0,1,Card,True,False,False
C12061,Hyderabad,46,M,20,Standard,Month-to-month,1122.0,21323.0,1,Card,True,True,True
C14030,Chennai,35,M,70,Standard,One year,1220.0,84872.0,2,UPI,True,True,False
C10456,Bengaluru,40,F,56,Basic,One year,867.0,46379.0,2,Card,True,True,False
C11808,Kochi,23,M,11,Standard,Month-to-month,1054.0,11327.0,0,UPI,True,False,False
C10756,Hyderabad,37,F,30,Premium,One year,1347.0,39354.0,2,Card,False,True,True
C14612,Bengaluru,70,M,12,Premium,Two year,1265.0,14713.0,1,UPI,False,False,False
C11065,Chennai,65,F,3,Premium,Month-to-month,1605.0,4644.0,0,Bank transfer,True,True,False
C11265,Hyderabad,69,F,24,Basic,Month-to-month,657.0,14989.0,0,UPI,True,False,False
C15210,Chennai,49,M,35,Basic,Month-to-month,664.0,22141.0,3,Cash,True,False,False
C11819,Pune,22,F,19,Standard,Month-to-month,853.0,15800.0,0,UPI,False,True,False
C10691,Bengaluru,65,F,22,Standard,One year,953.0,20958.0,1,Card,True,False,False
C12839,Hyderabad,53,F,9,Standard,Month-to-month,1013.0,8691.0,3,Card,True,False,False
C15549,Hyderabad,65,M,7,Premium,Month-to-month,1305.0,8978.0,1,Cash,False,True,False
C13589,Kochi,64,M,34,Basic,One year,353.0,11908.0,1,UPI,False,False,False
C15941,Bengaluru,58,F,19,Standard,Month-to-month,1093.0,20745.0,0,Bank transfer,True,True,False
C13633,Bengaluru,69,M,46,Standard,One year,644.0,29599.0,2,UPI,False,False,True
C10501,Chennai,57,F,66,Premium,One year,1502.0,98849.0,2,Cash,True,False,False
C14564,Chennai,64,F,71,Standard,One year,1040.0,73396.0,1,UPI,True,False,False
C12652,Chennai,31,M,64,Premium,One year,1473.0,91173.0,3,UPI,True,False,False
C16618,Hyderabad,20,M,50,Basic,Two year,393.0,19512.0,3,UPI,False,False,True
C11508,Hyderabad,18,F,29,Standard,Month-to-month,861.0,24008.0,1,UPI,False,True,False
C10210,Bengaluru,49,F,12,Standard,Month-to-month,660.0,7534.0,0,UPI,False,False,False
C16703,Chennai,67,F,29,Premium,Month-to-month,1643.0,46803.0,0,Bank transfer,True,True,False
C15986,Hyderabad,20,F,65,Standard,Two year,1144.0,71495.0,2,Bank transfer,True,True,False
C10736,Bengaluru,28,M,30,Standard,Month-to-month,971.0,28291.0,2,Card,True,False,False
C16136,Chennai,29,M,36,Standard,Month-to-month,693.0,24660.0,2,UPI,False,False,False
C13393,Chennai,72,M,12,Basic,Month-to-month,694.0,8212.0,2,Bank transfer,True,False,False
C10382,Hyderabad,32,M,14,Premium,Two year,1311.0,18354.0,1,Card,False,True,False
C15698,Pune,64,M,21,Premium,Month-to-month,1152.0,24140.0,2,UPI,False,False,False
C15394,Hyderabad,20,F,27,Premium,Month-to-month,1610.0,43470.0,1,UPI,True,True,False
C12841,Kochi,63,M,19,Standard,Month-to-month,993.0,17978.0,0,UPI,True,False,False
C14022,Bengaluru,42,M,20,Premium,Month-to-month,1202.0,23071.0,0,UPI,False,False,False
C14163,Pune,67,M,7,Premium,Month-to-month,1142.0,7616.0,1,Card,False,False,False
C13724,Chennai,73,F,11,Standard,Month-to-month,730.0,7918.0,0,Bank transfer,False,False,False
C10903,Pune,34,F,12,Standard,Month-to-month,867.0,10158.0,3,UPI,False,True,False
C12974,Pune,44,F,37,Premium,Month-to-month,1195.0,42492.0,2,UPI,False,False,True
C11334,Pune,30,M,11,Standard,Month-to-month,985.0,10424.0,0,Cash,True,False,False
C15950,Hyderabad,27,F,60,Basic,One year,731.0,41669.0,1,Cash,True,False,False
C13532,Hyderabad,18,F,66,Premium,One year,1512.0,99402.0,1,Card,True,False,False
C12691,Chennai,71,F,31,Premium,Month-to-month,1191.0,36891.0,1,UPI,False,False,False
C13156,Hyderabad,31,F,1,Basic,Month-to-month,544.0,535.0,1,UPI,False,True,True
C12033,Kochi,50,F,30,Standard,One year,1163.0,34467.0,0,UPI,True,True,False
C16302,Chennai,73,F,14,Premium,Two year,1157.0,15734.0,1,UPI,False,False,False
C14550,Kochi,74,M,12,Standard,Month-to-month,1165.0,13499.0,0,UPI,True,True,False
C12659,Hyderabad,49,F,62,Standard,One year,1003.0,60295.0,0,UPI,True,False,False
C11106,Bengaluru,23,F,19,Standard,Month-to-month,1136.0,20522.0,1,Card,True,True,False
C11882,Bengaluru,24,M,38,Basic,Month-to-month,714.0,26515.0,1,Card,True,False,False
C11624,Hyderabad,50,M,37,Basic,Month-to-month,418.0,15053.0,2,Cash,False,False,False
C16666,Pune,18,M,21,Basic,Month-to-month,679.0,13577.0,1,UPI,True,False,False
C10944,Hyderabad,41,M,25,Premium,Month-to-month,1361.0,33427.0,1,UPI,False,True,False
C15316,Kochi,42,F,17,Premium,Month-to-month,1414.0,23800.0,1,UPI,True,False,False
C13511,Kochi,36,M,27,Standard,Month-to-month,973.0,25940.0,1,UPI,True,False,False
C10507,Hyderabad,55,M,41,Standard,One year,841.0,33271.0,2,UPI,False,True,False
C13778,Chennai,24,M,8,Premium,Month-to-month,1662.0,12770.0,0,Bank transfer,True,True,False
C12697,Kochi,66,M,5,Basic,Month-to-month,717.0,3512.0,2,Cash,True,False,False
C13987,Pune,55,M,31,Basic,Month-to-month,419.0,12368.0,0,Card,False,False,False
C12346,Pune,30,M,30,Basic,Month-to-month,703.0,20856.0,0,Bank transfer,True,False,False
C16128,Pune,21,M,2,Premium,Month-to-month,1277.0,2439.0,2,Cash,False,True,True
C11114,Hyderabad,74,M,35,Standard,One year,996.0,34777.0,1,UPI,True,False,False
C15142,Bengaluru,44,F,23,Standard,Two year,675.0,14794.0,2,UPI,False,False,False
C13544,Kochi,37,F,53,Standard,One year,675.0,34070.0,2,UPI,False,False,False
C16357,Hyderabad,27,M,27,Basic,One year,513.0,13626.0,4,Card,False,True,False
C13388,Bengaluru,33,F,11,Basic,Month-to-month,862.0,9057.0,1,UPI,True,True,False
C13585,Chennai,22,F,18,Standard,One year,1012.0,17459.0,0,Card,True,False,False
C13401,Kochi,26,M,54,Basic,Two year,701.0,36497.0,2,Cash,True,False,False
C15785,Bengaluru,38,F,70,Standard,One year,942.0,64744.0,1,Bank transfer,True,False,False
C15673,Chennai,64,M,13,Basic,Month-to-month,696.0,9013.0,3,Card,True,False,False
C16383,Kochi,23,M,19,Standard,Two year,862.0,16249.0,1,Card,False,True,False
C16773,Hyderabad,33,M,7,Premium,Month-to-month,1343.0,9266.0,0,UPI,False,True,True
C12035,Bengaluru,62,F,30,Standard,Two year,1013.0,29391.0,0,Cash,True,False,False
C16076,Hyderabad,61,F,17,Premium,Month-to-month,1156.0,19652.0,0,UPI,False,False,True
C12632,Hyderabad,49,M,4,Standard,Month-to-month,723.0,2850.0,0,Cash,False,False,False
C10227,Hyderabad,69,F,6,Standard,One year,819.0,4760.0,1,Card,False,True,True
C12271,Bengaluru,47,F,34,Basic,Month-to-month,771.0,25934.0,1,Cash,True,True,False
C16638,Hyderabad,34,F,33,Standard,Month-to-month,940.0,29806.0,1,UPI,False,True,False
C13400,Pune,23,M,17,Basic,Month-to-month,847.0,14168.0,1,UPI,True,True,False
C16170,Bengaluru,38,F,14,Basic,Month-to-month,532.0,7248.0,0,Card,False,True,False
C13767,Bengaluru,45,M,30,Standard,Two year,663.0,19828.0,1,Card,False,False,False
C11000,Hyderabad,22,M,8,Basic,Month-to-month,636.0,4966.0,3,UPI,True,False,True
C11093,Bengaluru,50,F,17,Basic,Month-to-month,661.0,11101.0,2,Card,True,False,True
C13768,Chennai,61,F,64,Standard,Two year,1011.0,63080.0,1,Cash,True,False,False
C15146,Bengaluru,29,F,32,Premium,Month-to-month,1202.0,38187.0,3,UPI,False,False,True
C12426,Kochi,71,M,22,Premium,Two year,1703.0,35784.0,2,Card,True,True,False
C16074,Chennai,56,F,64,Premium,Two year,1233.0,75941.0,2,Cash,False,False,False
C11718,Hyderabad,46,F,4,Basic,Month-to-month,370.0,1457.0,3,Card,False,False,False
C13103,Hyderabad,32,M,18,Basic,Month-to-month,375.0,6535.0,0,Bank transfer,False,False,False
C10578,Hyderabad,42,M,22,Premium,One year,1253.0,27296.0,1,UPI,False,False,False
C11687,Bengaluru,40,F,50,Premium,Two year,1666.0,80785.0,3,Card,True,True,False
C13717,Kochi,41,M,21,Standard,Two year,728.0,14545.0,3,Bank transfer,False,False,False
C11633,Pune,41,M,31,Basic,Month-to-month,696.0,21314.0,2,Card,True,False,False
C16420,Chennai,34,M,17,Basic,Two year,460.0,7608.0,0,UPI,False,True,True
C11410,Kochi,52,M,32,Basic,One year,373.0,11594.0,5,UPI,False,False,False
C11083,Pune,54,M,33,Basic,Month-to-month,921.0,29855.0,1,Card,True,True,False
C14266,Hyderabad,43,M,59,Standard,One year,744.0,42803.0,0,UPI,False,False,False
C16097,Pune,33,F,1,Basic,Month-to-month,319.0,307.0,0,UPI,False,False,False
C16838,Pune,55,M,61,Standard,One year,724.0,42568.0,3,UPI,False,False,False
C16724,Chennai,35,F,1,Premium,Month-to-month,1485.0,1431.0,1,UPI,True,False,False
C10069,Bengaluru,55,M,36,Basic,Month-to-month,519.0,18596.0,1,Cash,False,True,False
C11925,Bengaluru,38,F,8,Premium,Month-to-month,1217.0,9439.0,2,UPI,False,False,False
C11029,Pune,51,M,18,Premium,Month-to-month,1593.0,28560.0,0,Card,True,True,False
C12559,Bengaluru,65,M,13,Premium,Two year,1649.0,21120.0,1,UPI,True,True,True
C10923,Bengaluru,26,M,32,Basic,Two year,392.0,12406.0,0,Card,False,False,False
C12663,Pune,63,M,37,Basic,Month-to-month,659.0,24004.0,2,Bank transfer,True,False,False
C14500,Hyderabad,42,F,16,Basic,Month-to-month,834.0,12811.0,0,UPI,True,True,False
C12745,Hyderabad,53,M,20,Basic,Month-to-month,377.0,7209.0,1,UPI,False,False,False
C10329,Pune,28,M,14,Basic,Month-to-month,900.0,12004.0,6,Card,True,True,True
C11922,Bengaluru,28,F,49,Standard,Two year,693.0,32333.0,1,Card,False,False,False
C14315,Pune,50,F,57,Basic,Two year,839.0,45949.0,1,UPI,True,True,False
C14528,Hyderabad,74,M,5,Basic,Month-to-month,763.0,3776.0,2,Cash,True,True,True
C10156,Kochi,68,F,38,Premium,Month-to-month,1176.0,43562.0,2,Card,False,False,True
C11323,Pune,32,M,58,Premium,One year,1656.0,94839.0,1,UPI,True,True,False
C12608,Bengaluru,56,F,30,Basic,Month-to-month,660.0,19709.0,1,Bank transfer,True,False,False
C13537,Pune,34,M,56,Standard,One year,1003.0,55942.0,2,Card,True,False,False
C15853,Hyderabad,31,F,31,Standard,Two year,971.0,29650.0,1,Card,True,False,True
C16221,Chennai,50,M,36,Standard,Month-to-month,902.0,31828.0,0,Cash,False,True,False
C13429,Bengaluru,62,F,24,Premium,Month-to-month,1101.0,25222.0,1,UPI,False,False,True
C15089,Pune,74,F,23,Premium,Month-to-month,1626.0,36022.0,1,Bank transfer,True,True,False
C14651,Chennai,19,M,7,Basic,Month-to-month,803.0,5496.0,0,UPI,True,True,False
C13644,Hyderabad,65,M,2,Standard,Month-to-month,808.0,1565.0,1,Bank transfer,False,True,True
C10406,Hyderabad,48,M,6,Standard,Month-to-month,1118.0,6615.0,0,UPI,True,True,False
C14342,Chennai,56,F,11,Standard,Month-to-month,949.0,10229.0,1,UPI,True,False,True
C12755,Bengaluru,51,F,18,Standard,Month-to-month,718.0,12777.0,2,UPI,False,False,False
C13720,Hyderabad,43,F,24,Basic,One year,692.0,16185.0,0,Card,True,False,False
C13808,Hyderabad,43,F,16,Basic,Month-to-month,691.0,10617.0,1,UPI,True,False,False
C14556,Bengaluru,20,F,58,Premium,One year,1547.0,87786.0,1,Card,True,False,False
C11782,Bengaluru,19,F,31,Premium,Two year,1186.0,35262.0,1,UPI,False,False,True
C11814,Chennai,22,M,36,Standard,Two year,777.0,27311.0,1,Card,False,False,False
C12952,Pune,64,F,18,Basic,Month-to-month,709.0,12138.0,2,Card,True,False,False
C10629,Bengaluru,71,F,51,Basic,One year,419.0,20759.0,1,Card,False,False,False
C10349,Kochi,22,F,7,Basic,Month-to-month,873.0,5871.0,0,Bank transfer,True,True,True
C16730,Bengaluru,58,M,21,Standard,Month-to-month,1023.0,20443.0,0,Card,True,False,True
C13484,Pune,31,F,32,Basic,Two year,392.0,12139.0,4,Card,False,False,False
C15381,Chennai,34,F,6,Basic,Month-to-month,698.0,4123.0,2,UPI,True,False,False
C14328,Bengaluru,43,M,33,Standard,Month-to-month,765.0,24439.0,3,UPI,False,False,False
C11256,Kochi,20,F,56,Premium,One year,1179.0,65675.0,0,Bank transfer,False,False,False
C13527,Bengaluru,35,F,33,Basic,One year,393.0,12663.0,3,Bank transfer,False,False,True
C16895,Chennai,62,M,27,Basic,One year,655.0,17570.0,0,UPI,True,False,False
C11647,Hyderabad,29,F,47,Basic,One year,447.0,20555.0,2,Cash,False,False,True
C16418,Kochi,41,F,38,Standard,One year,706.0,26281.0,0,Card,False,False,False
C15637,Chennai,23,M,22,Basic,Month-to-month,833.0,18305.0,1,Card,True,True,True
C12381,Bengaluru,45,M,60,Premium,One year,1350.0,78743.0,0,Cash,False,True,False
C13169,Bengaluru,25,M,9,Basic,Month-to-month,404.0,3603.0,0,Bank transfer,False,False,False
C14944,Hyderabad,31,M,25,Basic,Month-to-month,428.0,10471.0,0,UPI,False,False,False
C14278,Bengaluru,65,F,39,Standard,Month-to-month,721.0,27048.0,2,Bank transfer,False,False,True
C13162,Bengaluru,52,M,22,Basic,Month-to-month,746.0,16094.0,2,UPI,True,False,False
C11780,Bengaluru,70,M,34,Standard,Two year,1108.0,37372.0,1,Card,True,True,False
C12939,Bengaluru,43,M,34,Standard,Month-to-month,1028.0,33311.0,0,UPI,True,False,False
C10361,Chennai,71,M,29,Standard,Month-to-month,1134.0,32015.0,2,Card,True,True,True
C16156,Hyderabad,42,F,31,Basic,Month-to-month,405.0,12152.0,1,Bank transfer,False,False,False
C12447,Chennai,34,F,46,Basic,One year,407.0,18545.0,2,Card,False,False,False
C11412,Pune,53,F,42,Basic,One year,611.0,25275.0,1,Cash,False,True,False
C14435,Chennai,55,M,28,Premium,Two year,1193.0,32332.0,2,UPI,False,False,False
C15676,Bengaluru,51,F,36,Standard,Month-to-month,860.0,30655.0,0,Cash,False,True,False
C16342,Bengaluru,21,F,28,Basic,Month-to-month,694.0,19432.0,1,Cash,True,False,False
C13009,Kochi,46,F,46,Basic,One year,557.0,24698.0,0,UPI,False,True,False
C12227,Pune,41,M,29,Basic,Month-to-month,691.0,19362.0,1,UPI,True,False,False
C10114,Chennai,60,M,6,Standard,Two year,1028.0,5891.0,0,Card,True,False,False
C10710,Chennai,38,F,27,Basic,Month-to-month,359.0,9638.0,0,Cash,False,False,True
C13038,Pune,19,M,42,Standard,One year,908.0,37189.0,2,Card,True,False,False
C12934,Pune,40,M,7,Basic,Two year,394.0,2699.0,1,Card,False,False,False
C13970,Pune,51,F,69,Basic,Two year,822.0,55012.0,2,UPI,True,True,False
C16228,Bengaluru,26,F,15,Premium,Month-to-month,1243.0,18617.0,1,UPI,False,False,True
C16487,Bengaluru,28,M,27,Premium,One year,1387.0,37223.0,3,Card,False,True,False
C11768,Chennai,31,M,26,Basic,Month-to-month,431.0,10796.0,1,Bank transfer,False,False,False
C13252,Hyderabad,26,F,13,Premium,Month-to-month,1206.0,15678.0,1,Card,False,False,True
C12300,Bengaluru,63,F,39,Basic,Month-to-month,682.0,25810.0,0,UPI,True,False,False
C15002,Hyderabad,44,F,9,Standard,Month-to-month,674.0,5816.0,1,UPI,False,False,False
C16392,Bengaluru,38,M,6,Basic,One year,550.0,3161.0,4,UPI,False,True,False
C11651,Hyderabad,50,F,22,Basic,Month-to-month,666.0,14543.0,0,Card,True,False,False
C10898,Kochi,44,F,34,Standard,Month-to-month,1026.0,33300.0,0,UPI,True,False,False
C15099,Chennai,32,M,45,Basic,One year,552.0,24199.0,0,UPI,False,True,False
C11424,Bengaluru,46,F,22,Premium,One year,1231.0,26377.0,0,Card,False,False,False
C10865,Bengaluru,46,F,16,Basic,Month-to-month,718.0,10970.0,0,Card,True,False,False
C16849,Pune,34,F,50,Premium,Two year,1205.0,59782.0,3,UPI,False,False,True
C15552,Hyderabad,66,M,17,Basic,Month-to-month,714.0,11825.0,0,Card,True,False,False
C12913,Pune,32,F,25,Standard,Month-to-month,1056.0,25750.0,1,Card,True,False,False
C16380,Pune,43,M,8,Basic,Month-to-month,381.0,2992.0,1,UPI,False,False,True
C14778,Hyderabad,37,F,58,Basic,One year,452.0,25689.0,2,Card,False,False,False
C11174,Kochi,18,M,8,Standard,Month-to-month,632.0,4943.0,1,UPI,False,False,False
C14735,Kochi,73,F,9,Basic,Month-to-month,418.0,3729.0,1,UPI,False,False,True
C11435,Hyderabad,57,F,28,Basic,Month-to-month,698.0,19350.0,2,UPI,True,False,True
C10354,Chennai,56,F,27,Standard,Month-to-month,1000.0,26453.0,2,Bank transfer,True,False,True
C10915,Chennai,43,M,30,Basic,Two year,387.0,11566.0,2,Card,False,False,False
C16499,Chennai,22,M,38,Standard,Month-to-month,669.0,24312.0,3,Card,False,False,False
C13188,Chennai,58,F,18,Premium,Month-to-month,1336.0,23805.0,4,UPI,False,True,False
C15343,Chennai,72,M,10,Basic,Month-to-month,353.0,3434.0,0,UPI,False,False,True
C15872,Kochi,25,M,10,Basic,Two year,731.0,7005.0,0,UPI,True,False,False
C15537,Hyderabad,58,M,2,Basic,Month-to-month,526.0,1008.0,1,Cash,False,True,True
C10699,Hyderabad,30,F,19,Basic,One year,595.0,10754.0,2,UPI,True,False,False
C12297,Chennai,39,F,34,Standard,Month-to-month,1199.0,39362.0,1,UPI,True,True,False
C12043,Hyderabad,48,M,26,Basic,Month-to-month,463.0,11786.0,0,UPI,False,False,False
C13422,Bengaluru,33,F,47,Standard,Two year,874.0,41038.0,1,Bank transfer,False,True,False
C16325,Kochi,46,M,28,Premium,Month-to-month,1227.0,32923.0,2,Cash,False,False,True
C11011,Pune,46,F,10,Basic,Month-to-month,571.0,5669.0,3,Card,False,True,True
C16720,Pune,23,F,24,Standard,Month-to-month,747.0,17847.0,0,Cash,False,False,False
C12721,Pune,26,F,28,Premium,Month-to-month,1143.0,31444.0,0,UPI,False,False,False
C16202,Chennai,74,M,22,Basic,Month-to-month,400.0,8791.0,0,UPI,False,False,False
C15810,Bengaluru,52,F,68,Standard,One year,1010.0,67681.0,0,Bank transfer,True,False,False
C15584,Chennai,19,F,13,Basic,Month-to-month,363.0,4693.0,1,Cash,False,False,False
C12656,Chennai,45,M,50,Standard,One year,661.0,32205.0,1,Cash,False,False,True
C12159,Kochi,64,F,9,Standard,Month-to-month,922.0,8169.0,2,Bank transfer,True,False,False
C14244,Bengaluru,70,F,63,Premium,Two year,1648.0,99597.0,4,Card,True,True,False
C15996,Bengaluru,41,F,64,Standard,Two year,911.0,55775.0,2,Card,False,True,False
C16562,Hyderabad,48,F,33,Basic,Two year,698.0,22585.0,0,Bank transfer,True,False,False
C15930,Bengaluru,56,M,37,Standard,Month-to-month,1050.0,37574.0,2,Bank transfer,True,False,False
C16012,Hyderabad,21,F,8,Standard,Month-to-month,797.0,6240.0,0,Card,False,True,False
C15421,Hyderabad,27,F,37,Standard,Month-to-month,685.0,24808.0,3,UPI,False,False,True
C10763,Chennai,55,F,14,Premium,One year,1605.0,22447.0,3,Bank transfer,True,True,False
C16291,Kochi,43,F,29,Standard,Month-to-month,1082.0,30518.0,1,UPI,True,True,False
C16674,Hyderabad,57,M,19,Basic,Month-to-month,696.0,13050.0,0,Cash,True,False,True
C11941,Kochi,38,F,16,Standard,Month-to-month,843.0,13472.0,1,Bank transfer,False,True,False
C15541,Chennai,38,M,27,Premium,One year,1196.0,31913.0,3,Card,False,False,False
C11893,Chennai,30,F,50,Basic,Two year,643.0,31951.0,1,Card,True,False,False
C14771,Bengaluru,53,M,30,Basic,Month-to-month,818.0,24540.0,2,Card,True,True,False
C11292,Kochi,65,M,10,Premium,One year,1187.0,11304.0,2,Card,False,False,True
C13172,Kochi,48,M,38,Basic,Month-to-month,532.0,19309.0,0,UPI,False,True,False
C10358,Chennai,55,F,43,Standard,Two year,967.0,40243.0,0,Cash,True,False,False
C14087,Hyderabad,31,F,12,Basic,Month-to-month,690.0,7905.0,1,Cash,True,False,False
C15862,Hyderabad,27,M,9,Basic,One year,678.0,6089.0,4,UPI,True,False,False
C15444,Chennai,55,F,20,Standard,One year,1001.0,19269.0,1,Bank transfer,True,False,False
C12340,Pune,71,F,14,Standard,One year,1040.0,14187.0,1,Card,True,True,False
C14421,Hyderabad,69,F,24,Basic,One year,386.0,9249.0,1,UPI,False,False,False
C14129,Pune,74,F,53,Premium,One year,1495.0,75705.0,2,UPI,True,False,False
C14425,Chennai,72,F,26,Standard,Month-to-month,822.0,21371.0,0,Cash,False,True,False
C12783,Bengaluru,21,F,49,Standard,Two year,987.0,46120.0,2,Card,True,False,False
C15465,Hyderabad,50,F,7,Standard,Month-to-month,674.0,4491.0,2,Bank transfer,False,False,True
C11386,Hyderabad,48,F,31,Standard,Month-to-month,870.0,25633.0,3,Cash,False,True,True
C14890,Hyderabad,52,F,13,Standard,Month-to-month,715.0,8987.0,1,UPI,False,False,True
C16171,Pune,42,M,11,Basic,Two year,938.0,10093.0,2,Cash,True,True,False
C12156,Hyderabad,32,F,37,Premium,Month-to-month,1178.0,42263.0,0,Bank transfer,False,False,False
C14461,Hyderabad,27,F,39,Standard,One year,719.0,26699.0,1,UPI,False,False,False
C12298,Hyderabad,46,M,16,Basic,Month-to-month,847.0,13320.0,0,Bank transfer,True,True,False
C13714,Bengaluru,60,M,42,Basic,One year,849.0,34949.0,0,Card,True,True,False
C12884,Bengaluru,30,M,46,Standard,Two year,998.0,44045.0,1,UPI,True,False,False
C16457,Chennai,48,F,7,Premium,Month-to-month,1474.0,10193.0,0,Bank transfer,True,False,True
C12795,Bengaluru,52,F,8,Basic,Month-to-month,717.0,5589.0,1,Cash,True,False,False
C10726,Hyderabad,18,M,36,Standard,One year,735.0,25601.0,3,UPI,False,False,False
C13457,Hyderabad,65,F,34,Basic,Month-to-month,874.0,29572.0,5,Cash,True,True,True
C15955,Chennai,45,F,65,Basic,One year,942.0,60741.0,1,Bank transfer,True,True,False
C14146,Bengaluru,34,M,24,Basic,One year,685.0,16348.0,2,Bank transfer,True,False,False
C12804,Hyderabad,26,F,26,Standard,Month-to-month,815.0,20641.0,3,UPI,False,True,False
C16285,Pune,44,F,69,Standard,Two year,713.0,47608.0,2,UPI,False,False,False
C13042,Pune,19,F,19,Standard,Two year,873.0,15949.0,0,UPI,False,True,False
C14833,Bengaluru,58,F,27,Basic,Month-to-month,671.0,17397.0,1,Cash,True,False,True
C10673,Chennai,58,M,25,Standard,Month-to-month,748.0,18168.0,2,Card,False,False,True
C16105,Pune,58,M,27,Premium,One year,1535.0,40276.0,3,Card,True,False,False
C10752,Chennai,66,F,56,Basic,Two year,724.0,39033.0,0,Bank transfer,True,False,False
C13405,Hyderabad,42,F,60,Basic,Two year,398.0,23880.0,1,Card,False,False,False
C13137,Chennai,29,M,32,Standard,Month-to-month,730.0,23360.0,0,Bank transfer,False,False,False
C14922,Hyderabad,54,F,39,Premium,Month-to-month,1484.0,56234.0,2,Card,True,False,False
C15496,Kochi,56,F,18,Standard,Month-to-month,694.0,12059.0,0,Cash,False,False,True
C14853,Pune,34,F,38,Premium,Month-to-month,1171.0,43339.0,1,UPI,False,False,True
C15732,Hyderabad,26,F,53,Basic,One year,739.0,38383.0,1,Card,True,False,False
C10802,Kochi,73,M,70,Basic,Two year,733.0,49434.0,2,Cash,True,False,False
C13994,Bengaluru,62,M,22,Standard,Month-to-month,993.0,21588.0,0,Card,True,False,False
C10387,Kochi,20,M,19,Standard,Month-to-month,1142.0,21261.0,0,Card,True,True,True
C13598,Pune,19,F,17,Basic,Month-to-month,721.0,12025.0,0,Bank transfer,True,False,False
C13277,Hyderabad,45,F,70,Basic,Two year,741.0,49389.0,2,UPI,True,False,False
C10652,Chennai,42,M,26,Standard,Two year,824.0,20722.0,0,Card,False,True,False
C16359,Kochi,42,F,34,Standard,Month-to-month,764.0,25158.0,2,Card,False,True,True
C15207,Pune,63,F,37,Standard,One year,673.0,24844.0,1,Card,False,False,True
C11152,Bengaluru,61,M,18,Basic,One year,683.0,12149.0,3,Card,True,False,False
C14668,Hyderabad,23,F,15,Basic,Two year,413.0,6116.0,1,Card,False,False,False
C10601,Hyderabad,33,M,44,Standard,One year,906.0,38703.0,0,Bank transfer,False,True,False
C11016,Hyderabad,61,M,11,Premium,Month-to-month,1498.0,16053.0,2,UPI,True,False,False
C12334,Chennai,53,F,2,Standard,Month-to-month,1018.0,1941.0,1,UPI,True,False,False
C14693,Hyderabad,19,F,13,Basic,Month-to-month,384.0,4771.0,0,Bank transfer,False,False,True
C12315,Hyderabad,29,F,1,Basic,Month-to-month,693.0,670.0,1,UPI,True,False,True
C16535,Hyderabad,30,F,67,Basic,One year,417.0,27705.0,1,UPI,False,False,False
C10951,Kochi,48,F,35,Basic,Month-to-month,422.0,14201.0,0,Bank transfer,False,False,False
C10126,Pune,26,M,61,Basic,One year,599.0,35859.0,2,Card,False,True,True
C10967,Pune,29,M,39,Basic,Month-to-month,741.0,27790.0,2,UPI,True,False,False
C16633,Bengaluru,70,F,13,Premium,Month-to-month,1618.0,20025.0,4,UPI,True,True,False
C13444,Hyderabad,39,F,23,Premium,Month-to-month,1712.0,37780.0,2,UPI,True,True,True
C11603,Pune,26,F,7,Standard,One year,701.0,4891.0,1,Cash,False,False,False
C10665,Chennai,57,M,16,Basic,Two year,642.0,10166.0,1,UPI,True,False,False
C15841,Kochi,47,F,31,Standard,Month-to-month,1023.0,31125.0,0,Card,True,False,False
C13933,Hyderabad,33,F,11,Basic,Two year,691.0,7335.0,1,Cash,True,False,False
C13520,Bengaluru,67,F,27,Basic,Month-to-month,760.0,19942.0,0,Bank transfer,True,False,False
C11438,Hyderabad,24,M,27,Premium,Month-to-month,1182.0,31912.0,0,UPI,False,False,False
C11332,Kochi,22,F,35,Basic,Month-to-month,833.0,28507.0,1,UPI,True,True,False
C12570,Hyderabad,22,M,26,Premium,Two year,1361.0,33658.0,1,UPI,False,True,False
C15093,Hyderabad,49,M,43,Basic,Two year,532.0,22581.0,1,UPI,False,True,False
C16041,Bengaluru,36,M,54,Premium,One year,1436.0,74718.0,2,Card,True,False,False
C14298,Chennai,66,F,15,Premium,Two year,1562.0,23098.0,1,Bank transfer,True,False,False
C12829,Chennai,55,M,3,Standard,Month-to-month,786.0,2280.0,5,Card,False,False,True
C12048,Kochi,58,M,36,Basic,Month-to-month,412.0,14388.0,2,Card,False,False,False
C14779,Pune,63,F,12,Basic,One year,926.0,11090.0,1,Card,True,True,False
C11866,Bengaluru,44,M,41,Standard,Two year,1120.0,44845.0,1,Cash,True,True,False
C16404,Chennai,42,F,31,Premium,Month-to-month,1572.0,48084.0,0,UPI,True,False,False
C10014,Chennai,42,M,38,Standard,Month-to-month,1025.0,38950.0,2,Cash,True,False,True
C13280,Hyderabad,53,F,19,Premium,Month-to-month,1473.0,27300.0,2,UPI,True,False,False
C15188,Kochi,61,M,26,Standard,Month-to-month,664.0,16878.0,3,Card,False,False,True
C10813,Bengaluru,47,F,32,Basic,Month-to-month,555.0,17323.0,1,UPI,False,True,False
C13502,Hyderabad,54,M,9,Standard,Two year,995.0,8569.0,3,Card,True,False,False
C10796,Kochi,70,M,31,Standard,Month-to-month,981.0,28921.0,0,UPI,True,False,False
C12242,Bengaluru,71,F,26,Basic,Month-to-month,583.0,14921.0,4,Card,False,True,True
C15768,Bengaluru,22,M,29,Standard,Month-to-month,737.0,20724.0,2,UPI,False,False,True
C14713,Chennai,28,F,22,Standard,One year,836.0,18192.0,2,UPI,False,True,False
C16980,Chennai,60,F,13,Basic,One year,518.0,6488.0,0,Bank transfer,False,True,False
C14707,Hyderabad,50,F,37,Standard,Month-to-month,947.0,34878.0,1,Cash,True,False,False
C14339,Bengaluru,52,F,6,Premium,Month-to-month,1181.0,6925.0,1,UPI,False,False,False
C16100,Bengaluru,73,M,27,Premium,Two year,1624.0,43722.0,0,UPI,True,True,False
C15915,Hyderabad,66,F,13,Premium,Two year,1635.0,21049.0,1,Card,True,True,True
C16351,Pune,62,M,6,Premium,Month-to-month,1488.0,8609.0,2,Card,True,False,False
C13101,Bengaluru,73,M,6,Standard,Month-to-month,732.0,4380.0,0,Bank transfer,False,False,False
C15651,Bengaluru,66,M,11,Basic,Month-to-month,384.0,4084.0,2,Cash,False,False,False
C15672,Hyderabad,20,F,44,Basic,Two year,640.0,27276.0,1,Bank transfer,True,False,False
C16997,Bengaluru,59,M,22,Basic,One year,804.0,17565.0,0,UPI,True,True,False
C15174,Bengaluru,66,F,24,Premium,Month-to-month,1504.0,34794.0,2,UPI,True,False,True
C15943,Bengaluru,60,M,38,Premium,One year,1531.0,58091.0,0,Bank transfer,True,False,False
C14955,Hyderabad,19,F,60,Premium,One year,1467.0,85964.0,0,UPI,True,False,False
C10008,Bengaluru,28,F,22,Standard,Month-to-month,748.0,16421.0,1,Card,False,False,False
C14406,Chennai,59,F,15,Basic,One year,794.0,11540.0,1,UPI,True,True,False
C15845,Bengaluru,24,F,8,Standard,Two year,865.0,6652.0,1,Card,False,True,True
C16062,Kochi,41,F,6,Standard,One year,878.0,5035.0,0,UPI,False,True,False
C13549,Hyderabad,34,M,28,Standard,Month-to-month,772.0,21275.0,0,Bank transfer,False,False,False
C12357,Hyderabad,26,M,10,Standard,Month-to-month,718.0,6975.0,0,UPI,False,False,False
C14970,Bengaluru,49,M,11,Premium,Two year,1467.0,15375.0,1,Card,True,False,False
C16813,Kochi,69,M,5,Standard,Month-to-month,982.0,4669.0,1,UPI,True,False,False
C12732,Hyderabad,61,F,22,Basic,Month-to-month,690.0,14754.0,0,Card,True,False,False
C13576,Hyderabad,50,M,12,Basic,Month-to-month,771.0,9078.0,3,UPI,True,False,True
C15880,Bengaluru,53,M,13,Basic,Month-to-month,845.0,10922.0,1,Card,True,True,True
C13426,Bengaluru,32,F,60,Standard,One year,685.0,39203.0,2,Card,False,False,False
C12785,Bengaluru,21,F,65,Premium,One year,1496.0,94775.0,2,UPI,True,False,False
C13948,Chennai,38,F,32,Basic,One year,518.0,16491.0,0,UPI,False,True,False
C10990,Hyderabad,37,M,3,Standard,Month-to-month,1001.0,2907.0,3,Card,True,False,True
C16627,Chennai,45,F,37,Basic,Two year,544.0,19768.0,2,Card,False,True,True
C14133,Hyderabad,73,F,31,Basic,Month-to-month,893.0,26638.0,1,UPI,True,True,False
C16781,Hyderabad,20,M,33,Standard,Month-to-month,760.0,24673.0,2,UPI,False,False,False
C15570,Hyderabad,39,M,29,Basic,Month-to-month,562.0,15902.0,0,UPI,False,True,False
C10006,Pune,52,M,24,Basic,One year,395.0,9385.0,1,UPI,False,False,False
C14820,Bengaluru,36,M,36,Premium,Month-to-month,1660.0,59694.0,0,Bank transfer,True,True,True
C14653,Bengaluru,71,M,67,Standard,One year,661.0,43800.0,0,UPI,False,False,False
C15037,Hyderabad,74,M,37,Basic,Month-to-month,343.0,12464.0,2,Bank transfer,False,False,False
C13274,Hyderabad,67,F,26,Basic,Month-to-month,679.0,17390.0,0,UPI,True,False,False
C14307,Chennai,32,M,57,Premium,One year,1648.0,92227.0,1,Card,True,True,False
C10176,Hyderabad,66,F,29,Premium,Two year,1450.0,40742.0,0,Bank transfer,True,False,False
C16713,Kochi,59,F,38,Basic,Month-to-month,610.0,22565.0,1,UPI,False,True,True
C12044,Hyderabad,66,F,7,Standard,Month-to-month,851.0,5743.0,1,UPI,False,True,False
C16077,Kochi,29,M,32,Basic,Month-to-month,597.0,18674.0,4,UPI,False,True,True
C12290,Kochi,19,F,35,Premium,Two year,1644.0,55388.0,3,UPI,True,True,False
C10104,Kochi,46,M,5,Basic,Month-to-month,735.0,3518.0,2,Card,True,False,False
C15169,Kochi,71,M,16,Basic,Month-to-month,925.0,14519.0,0,UPI,True,True,False
C15312,Pune,37,M,52,Basic,Two year,652.0,33583.0,3,UPI,True,False,False
C14864,Chennai,65,M,22,Basic,Month-to-month,640.0,13803.0,2,Cash,True,False,False
C12543,Hyderabad,45,M,51,Premium,One year,1245.0,60706.0,2,Cash,False,False,False
C13649,Hyderabad,45,M,39,Standard,Month-to-month,1161.0,44145.0,1,Bank transfer,True,True,True
C12792,Chennai,55,M,68,Standard,One year,1015.0,67613.0,1,Bank transfer,True,False,False
C10404,Kochi,38,M,54,Premium,Two year,1591.0,84107.0,3,Cash,True,True,True
C12770,Chennai,70,M,13,Standard,One year,1112.0,14446.0,1,UPI,True,True,False
C12625,Pune,45,M,25,Standard,Month-to-month,743.0,18062.0,0,UPI,False,False,False
C11488,Pune,48,F,44,Standard,Two year,895.0,39361.0,2,UPI,False,True,False
C11419,Hyderabad,73,F,22,Basic,One year,539.0,11669.0,3,Card,False,True,True
C13102,Kochi,43,M,17,Premium,Month-to-month,1517.0,25789.0,1,Cash,True,False,True
C15716,Chennai,33,F,27,Premium,One year,1213.0,31433.0,2,Cash,False,False,False
C14079,Pune,70,M,33,Basic,Month-to-month,672.0,21506.0,1,Bank transfer,True,False,False
C12368,Kochi,60,F,24,Premium,Two year,1536.0,35812.0,0,Cash,True,False,False
C13857,Bengaluru,32,F,6,Standard,Month-to-month,813.0,4729.0,3,UPI,False,True,False
C12029,Hyderabad,48,M,21,Standard,Month-to-month,1050.0,21698.0,3,Card,True,True,False
C16086,Hyderabad,52,M,32,Premium,Two year,1504.0,47173.0,0,Card,True,False,False
C14290,Chennai,20,F,2,Basic,Month-to-month,712.0,1355.0,2,UPI,True,False,True
C15509,Kochi,55,F,26,Standard,Two year,829.0,20998.0,1,UPI,False,True,False
C12549,Pune,53,M,33,Standard,Month-to-month,1250.0,40678.0,1,Bank transfer,True,True,False
C11035,Hyderabad,48,M,19,Standard,One year,912.0,16753.0,3,Cash,True,False,False
C13116,Kochi,56,F,22,Premium,One year,1516.0,33131.0,4,UPI,True,False,False
C11850,Bengaluru,70,M,23,Basic,Month-to-month,874.0,19730.0,1,Bank transfer,True,True,True
C15972,Kochi,51,M,49,Standard,One year,1030.0,48556.0,0,Card,True,False,False
C12954,Hyderabad,24,M,34,Premium,Month-to-month,1453.0,48270.0,1,Card,True,False,False
C11688,Bengaluru,53,M,15,Standard,Two year,916.0,13219.0,2,Card,False,True,False
C15458,Bengaluru,40,M,14,Basic,Month-to-month,564.0,7862.0,2,Cash,False,True,False
C15964,Chennai,43,M,1,Premium,Month-to-month,1726.0,1671.0,0,Bank transfer,True,True,False
C10065,Kochi,36,F,24,Premium,Month-to-month,1601.0,37939.0,1,Cash,True,True,False
C13978,Chennai,27,M,58,Basic,Two year,557.0,31498.0,0,Cash,False,True,False
C16717,Chennai,73,M,29,Basic,Month-to-month,417.0,11641.0,2,UPI,False,False,False
C13368,Chennai,25,M,1,Basic,Month-to-month,677.0,672.0,4,UPI,True,False,True
C15258,Bengaluru,43,F,2,Standard,Month-to-month,1013.0,2023.0,1,Card,True,False,False
C10232,Chennai,44,F,54,Basic,Two year,567.0,30192.0,1,UPI,False,True,False
C12912,Kochi,55,M,31,Standard,Month-to-month,706.0,21445.0,0,Cash,False,False,True
C11095,Chennai,54,F,16,Standard,Month-to-month,1160.0,17998.0,1,Card,True,True,True
C14383,Bengaluru,72,M,16,Standard,Two year,1089.0,17279.0,0,Card,True,True,False
C10041,Hyderabad,68,M,21,Basic,One year,351.0,7046.0,3,UPI,False,False,False
C12198,Hyderabad,19,M,8,Standard,Month-to-month,1203.0,9455.0,2,UPI,True,True,False
C16978,Bengaluru,69,M,10,Basic,Two year,695.0,6675.0,1,Cash,True,False,False
C14858,Kochi,62,M,39,Basic,Month-to-month,702.0,26550.0,1,Card,True,False,False
C15333,Pune,40,F,29,Basic,Month-to-month,423.0,12267.0,3,Cash,False,False,False
C11515,Bengaluru,54,M,37,Standard,Month-to-month,808.0,28852.0,0,Bank transfer,False,True,False
C16130,Chennai,67,M,39,Standard,Month-to-month,677.0,26259.0,0,Card,False,False,True
C11732,Bengaluru,63,F,16,Basic,Month-to-month,683.0,10507.0,0,Card,True,False,False
C12833,Bengaluru,61,M,53,Standard,One year,1039.0,52499.0,3,UPI,True,False,False
C14333,Kochi,64,M,10,Basic,Month-to-month,361.0,3443.0,0,UPI,False,False,True
C12374,Chennai,59,M,7,Basic,Month-to-month,704.0,4704.0,0,UPI,True,False,True
C11586,Kochi,37,M,27,Premium,One year,1678.0,43584.0,0,Card,True,True,False
C11437,Chennai,19,F,23,Premium,One year,1483.0,32691.0,1,Card,True,False,False
C16868,Hyderabad,47,F,15,Standard,One year,757.0,11177.0,1,UPI,False,False,False
C13529,Bengaluru,70,M,33,Basic,Month-to-month,473.0,15385.0,2,Card,False,True,True
C13380,Hyderabad,20,M,35,Basic,Month-to-month,712.0,24143.0,0,Bank transfer,True,False,False
C15896,Bengaluru,25,M,10,Standard,Month-to-month,1024.0,9893.0,1,UPI,True,False,False
C13745,Bengaluru,34,F,50,Standard,One year,690.0,34170.0,2,UPI,False,False,False
C13138,Pune,51,M,10,Standard,Two year,1205.0,11961.0,0,Bank transfer,True,True,False
C16429,Hyderabad,44,M,39,Standard,Month-to-month,963.0,36816.0,1,Cash,True,False,False
C16603,Hyderabad,37,F,9,Basic,Month-to-month,696.0,5971.0,3,Cash,True,False,True
C10059,Pune,61,F,71,Standard,One year,980.0,66847.0,1,Card,True,False,False
C11767,Pune,36,M,69,Premium,One year,1589.0,109641.0,0,Bank transfer,True,False,False
C13669,Bengaluru,33,F,16,Premium,Month-to-month,1297.0,20581.0,0,Cash,False,False,False
C11403,Bengaluru,65,M,13,Premium,One year,1515.0,19432.0,0,UPI,True,False,False
C16582,Hyderabad,54,F,18,Standard,Month-to-month,1103.0,19730.0,1,UPI,True,True,False
C16400,Kochi,18,M,17,Basic,Two year,463.0,7643.0,0,Cash,False,False,False
C14352,Bengaluru,28,M,19,Basic,Month-to-month,586.0,10600.0,6,UPI,False,True,True
C15157,Hyderabad,60,M,38,Basic,Month-to-month,428.0,15963.0,2,Card,False,False,False
C15932,Bengaluru,38,F,24,Premium,Two year,1653.0,39620.0,4,Cash,True,True,False
C10833,Bengaluru,34,M,5,Premium,Month-to-month,1342.0,6510.0,0,Cash,False,True,False
C10751,Bengaluru,61,M,26,Standard,Month-to-month,1136.0,29046.0,1,UPI,True,True,True
C11329,Bengaluru,62,M,23,Standard,Month-to-month,863.0,19849.0,1,Cash,False,True,False
C16629,Pune,64,F,32,Basic,One year,605.0,18695.0,2,Bank transfer,False,True,False
C16914,Hyderabad,31,F,14,Premium,Month-to-month,1488.0,20083.0,3,Card,True,False,False
C13199,Chennai,52,F,34,Standard,Two year,1037.0,34352.0,2,Card,True,False,False
C13142,Chennai,64,F,34,Basic,Month-to-month,808.0,26168.0,1,UPI,True,True,False
C16569,Chennai,48,M,6,Basic,Month-to-month,853.0,5109.0,0,UPI,True,True,False
C10615,Hyderabad,71,M,20,Basic,One year,773.0,14801.0,2,Cash,True,True,False
C16087,Bengaluru,57,M,22,Standard,Month-to-month,1000.0,20939.0,3,UPI,True,False,False
C11388,Pune,26,F,56,Standard,One year,1093.0,59516.0,2,UPI,True,True,False
C15302,Hyderabad,41,F,31,Standard,One year,741.0,22681.0,1,UPI,False,False,False
C13033,Chennai,52,M,4,Standard,Month-to-month,845.0,3323.0,1,UPI,False,True,True
C14027,Bengaluru,25,M,39,Premium,Two year,1321.0,50189.0,1,Card,False,True,False
C16116,Hyderabad,23,M,14,Premium,Month-to-month,1610.0,22141.0,2,Card,True,True,True
C14696,Pune,36,M,39,Standard,Month-to-month,856.0,31824.0,0,UPI,False,True,False
C10066,Bengaluru,51,F,19,Standard,Month-to-month,990.0,18253.0,1,Card,True,False,False
C15920,Chennai,24,M,6,Basic,One year,902.0,5396.0,0,UPI,True,True,False
C16040,Bengaluru,68,F,41,Standard,One year,702.0,27450.0,0,UPI,False,False,False
C12875,Bengaluru,19,F,5,Basic,Month-to-month,634.0,3124.0,3,Card,True,False,True
C12874,Chennai,62,M,10,Standard,Month-to-month,722.0,7174.0,2,Cash,False,False,False
C11727,Chennai,22,F,10,Premium,Month-to-month,1235.0,11737.0,2,Card,False,False,False
C14452,Bengaluru,30,F,21,Premium,Month-to-month,1373.0,28802.0,2,Card,False,True,True
C16337,Pune,33,F,31,Premium,Month-to-month,1591.0,49048.0,0,Bank transfer,True,True,False
C15510,Bengaluru,68,M,3,Basic,Month-to-month,369.0,1084.0,3,Cash,False,False,True
C15667,Chennai,63,M,30,Standard,Month-to-month,892.0,26423.0,3,UPI,False,True,True
C16474,Hyderabad,47,F,36,Basic,Month-to-month,386.0,13671.0,1,Cash,False,False,False
C16681,Hyderabad,35,F,22,Standard,Month-to-month,1022.0,22124.0,0,Cash,True,False,True
C13453,Bengaluru,43,M,16,Basic,Month-to-month,351.0,5344.0,1,UPI,False,False,True
C14697,Pune,21,M,24,Standard,One year,809.0,19411.0,1,UPI,False,True,False
C12041,Bengaluru,19,F,16,Basic,Month-to-month,724.0,11099.0,1,Bank transfer,True,False,False
C14440,Chennai,35,M,31,Basic,Month-to-month,697.0,20871.0,2,Card,True,False,False
C11464,Bengaluru,62,F,22,Standard,Month-to-month,796.0,17512.0,1,Card,False,True,False
C13139,Hyderabad,26,M,58,Standard,One year,1138.0,63266.0,2,UPI,True,True,False
C16539,Pune,32,M,13,Premium,One year,1404.0,17371.0,0,UPI,True,False,False
C16180,Bengaluru,24,M,2,Premium,Month-to-month,1471.0,2856.0,1,Bank transfer,True,False,True
C13508,Chennai,33,F,34,Standard,Month-to-month,922.0,30400.0,1,Bank transfer,False,True,False
C10308,Kochi,59,F,30,Basic,Month-to-month,747.0,22021.0,2,Bank transfer,True,False,False
C10730,Hyderabad,54,F,23,Basic,Two year,686.0,15018.0,3,UPI,True,False,False
C15603,Pune,73,M,24,Standard,Month-to-month,668.0,15766.0,1,Card,False,False,False
C15123,Hyderabad,47,M,19,Standard,Month-to-month,741.0,13527.0,0,Card,False,False,False
C12527,Hyderabad,53,F,62,Basic,Two year,555.0,33233.0,4,Card,False,True,False
C10769,Chennai,41,F,24,Standard,Month-to-month,799.0,18608.0,1,UPI,False,True,False
C12022,Pune,26,M,1,Standard,Month-to-month,1173.0,1147.0,0,Card,True,True,False
C14387,Bengaluru,53,F,36,Basic,Month-to-month,694.0,23750.0,0,UPI,True,False,False
C13013,Hyderabad,59,M,12,Basic,Month-to-month,818.0,9500.0,0,UPI,True,True,False
C11729,Hyderabad,51,M,67,Basic,One year,638.0,40720.0,0,Cash,False,True,False
C14781,Kochi,73,M,7,Basic,Month-to-month,363.0,2482.0,1,UPI,False,False,True
C13365,Bengaluru,24,M,68,Basic,Two year,830.0,54954.0,1,Bank transfer,True,True,False
C14637,Hyderabad,31,F,63,Basic,One year,358.0,22036.0,1,Card,False,False,False
C15892,Hyderabad,50,M,2,Premium,Month-to-month,1559.0,2988.0,1,Card,True,False,True
C10216,Hyderabad,48,M,29,Basic,Month-to-month,414.0,11989.0,0,Bank transfer,False,False,False
C15273,Pune,57,M,31,Basic,Two year,859.0,26629.0,0,Card,True,True,False
C16596,Chennai,52,M,24,Standard,Month-to-month,1143.0,26136.0,2,Card,True,True,False
C12738,Hyderabad,54,M,28,Premium,Two year,1208.0,32237.0,2,Card,False,False,False
C10633,Bengaluru,25,M,9,Basic,Month-to-month,714.0,6193.0,4,Cash,True,False,True
C10173,Pune,58,F,31,Premium,Month-to-month,1512.0,46205.0,2,UPI,True,False,True
C13396,Bengaluru,48,M,23,Premium,Month-to-month,1279.0,28805.0,1,UPI,False,False,False
C10389,Hyderabad,42,F,30,Basic,Month-to-month,644.0,18446.0,0,Card,True,False,False
C15729,Hyderabad,39,M,9,Standard,Month-to-month,655.0,5665.0,2,Card,False,False,False
C16719,Bengaluru,45,F,37,Basic,Two year,462.0,16503.0,1,Card,False,False,False
C12134,Hyderabad,39,M,69,Basic,Two year,672.0,45992.0,1,Card,True,False,False
C10400,Chennai,39,M,47,Standard,Two year,978.0,44505.0,2,UPI,True,False,False
C14301,Chennai,58,F,69,Standard,Two year,977.0,66485.0,0,UPI,True,False,False
C12474,Hyderabad,22,F,58,Standard,Two year,1126.0,63934.0,2,Card,True,True,False
C11027,Bengaluru,40,M,10,Premium,One year,1731.0,16828.0,1,Card,True,True,True
C13471,Hyderabad,22,M,37,Basic,Two year,388.0,14356.0,2,UPI,False,False,False
C16924,Hyderabad,31,M,13,Standard,Month-to-month,746.0,9536.0,2,UPI,False,False,True
C11697,Bengaluru,29,M,2,Standard,Month-to-month,1155.0,2292.0,1,UPI,True,True,True
C13636,Hyderabad,40,F,28,Standard,Month-to-month,681.0,18883.0,1,UPI,False,False,True
C16394,Bengaluru,72,M,27,Standard,Month-to-month,656.0,17691.0,2,Card,False,False,False
C10356,Hyderabad,30,M,45,Basic,One year,893.0,39375.0,2,Card,True,True,False
C16353,Hyderabad,73,F,26,Basic,Month-to-month,389.0,9803.0,0,UPI,False,False,False
C11312,Kochi,65,F,18,Basic,One year,842.0,14404.0,0,Card,True,True,False
C12945,Bengaluru,45,M,3,Premium,Month-to-month,1155.0,3408.0,0,Bank transfer,False,False,True
C13493,Bengaluru,44,F,11,Basic,Month-to-month,476.0,5023.0,0,Bank transfer,False,True,False
C11050,Hyderabad,30,F,60,Standard,Two year,1017.0,61015.0,2,UPI,True,False,False
C13096,Pune,45,M,54,Standard,Two year,683.0,36240.0,0,Card,False,False,False
C16368,Hyderabad,21,M,10,Standard,Month-to-month,698.0,6713.0,2,Cash,False,False,True
C15185,Chennai,66,F,22,Basic,Month-to-month,687.0,14919.0,2,UPI,True,False,False
C13545,Pune,43,F,12,Standard,One year,992.0,11549.0,1,Bank transfer,True,False,False
C12294,Kochi,38,M,50,Premium,Two year,1224.0,59194.0,1,Cash,False,False,True
C10200,Bengaluru,71,F,66,Standard,Two year,953.0,60395.0,2,UPI,True,False,False
C15388,Bengaluru,62,F,47,Basic,Two year,858.0,39158.0,3,UPI,True,True,False
C16101,Bengaluru,38,F,71,Basic,One year,649.0,44104.0,1,UPI,True,False,False
C11486,Chennai,67,M,43,Premium,One year,1316.0,54677.0,2,UPI,False,True,False
C12397,Hyderabad,20,M,14,Standard,Month-to-month,1126.0,15689.0,0,UPI,True,True,False
C14839,Chennai,50,M,11,Basic,Month-to-month,473.0,5036.0,1,Bank transfer,False,False,False
C11431,Bengaluru,28,M,20,Standard,Month-to-month,961.0,18295.0,0,Cash,True,False,False
C12202,Chennai,39,M,36,Standard,Month-to-month,944.0,33000.0,2,UPI,True,False,False
C11865,Pune,69,M,18,Basic,Month-to-month,561.0,9695.0,3,Cash,False,True,True
C14367,Chennai,22,F,36,Basic,Month-to-month,434.0,15000.0,0,UPI,False,False,False
C16297,Bengaluru,49,F,54,Standard,Two year,1229.0,64196.0,0,Card,True,True,False
C12251,Pune,68,M,23,Standard,Month-to-month,981.0,22486.0,1,UPI,True,False,False
C11611,Chennai,28,M,36,Basic,Month-to-month,790.0,27181.0,2,UPI,True,True,False
C12648,Chennai,54,F,18,Standard,Month-to-month,710.0,12516.0,2,UPI,False,False,False
C12502,Hyderabad,24,F,27,Premium,One year,1192.0,31470.0,2,UPI,False,False,False
C10372,Hyderabad,50,M,20,Basic,Month-to-month,814.0,15787.0,1,Bank transfer,True,True,False
C10806,Bengaluru,33,F,18,Basic,Month-to-month,869.0,15036.0,0,Cash,True,True,False
C16434,Hyderabad,37,F,27,Basic,One year,816.0,21453.0,2,Card,True,True,False
C15973,Bengaluru,62,F,3,Basic,Month-to-month,882.0,2544.0,2,Cash,True,True,True
C12728,Chennai,53,F,38,Premium,Month-to-month,1579.0,59406.0,1,Cash,True,False,False
C13620,Pune,59,M,51,Premium,Two year,1582.0,79999.0,2,Bank transfer,True,True,False
C15733,Pune,63,F,24,Basic,One year,849.0,19938.0,0,Card,True,True,False
C10600,Hyderabad,71,M,12,Standard,Month-to-month,1081.0,12572.0,0,UPI,True,True,False
C11674,Bengaluru,24,M,56,Standard,One year,1032.0,54910.0,1,Card,True,False,False
C13854,Kochi,51,M,30,Premium,Month-to-month,1497.0,43716.0,0,UPI,True,False,False
C15295,Pune,40,M,1,Basic,Month-to-month,717.0,710.0,2,Card,True,False,True
C13439,Chennai,35,F,42,Basic,Two year,464.0,18939.0,0,Card,False,False,False
C11616,Kochi,44,F,48,Basic,One year,714.0,33474.0,0,Bank transfer,True,False,False
C15192,Hyderabad,40,M,66,Standard,One year,989.0,63501.0,1,Cash,True,False,False
C15710,Hyderabad,65,F,44,Standard,One year,691.0,30176.0,1,Card,False,False,False
C14581,Hyderabad,73,M,31,Basic,One year,726.0,22211.0,1,Card,True,False,False
C16140,Hyderabad,19,M,32,Premium,Month-to-month,1192.0,37546.0,2,Cash,False,False,True
C11003,Hyderabad,36,M,55,Standard,Two year,665.0,36487.0,0,Cash,False,False,False
C15331,Hyderabad,37,M,58,Basic,One year,401.0,22358.0,1,Card,False,False,False
C13850,Hyderabad,36,M,11,Premium,Month-to-month,1209.0,12827.0,2,Card,False,False,False
C15825,Hyderabad,20,M,65,Standard,Two year,660.0,40861.0,2,Bank transfer,False,False,False
C15389,Hyderabad,73,M,35,Premium,Month-to-month,1442.0,48049.0,2,Card,True,False,False
C15988,Hyderabad,42,F,71,Standard,One year,1070.0,74934.0,1,UPI,True,True,False
C10394,Chennai,36,M,65,Basic,One year,420.0,26644.0,0,Cash,False,False,False
C13355,Chennai,73,F,63,Basic,One year,684.0,42142.0,1,UPI,True,False,False
C16704,Bengaluru,57,F,10,Standard,Two year,979.0,9728.0,3,UPI,False,True,False
C11872,Chennai,62,F,53,Standard,One year,1149.0,60093.0,1,UPI,True,True,False
C16431,Kochi,18,M,28,Standard,Two year,717.0,19923.0,2,UPI,False,False,False
C13018,Hyderabad,19,F,2,Basic,Month-to-month,348.0,695.0,1,Card,False,False,True
C13361,Hyderabad,57,F,41,Standard,Two year,876.0,34247.0,1,UPI,False,True,False
C13425,Hyderabad,23,M,7,Standard,Month-to-month,749.0,5230.0,0,UPI,False,False,False
C11407,Pune,70,F,30,Basic,One year,733.0,21600.0,3,UPI,True,False,True
C15067,Bengaluru,53,M,42,Standard,One year,1127.0,47334.0,0,UPI,True,True,False
C15678,Hyderabad,53,F,34,Premium,One year,1166.0,37968.0,0,UPI,False,False,False
C13059,Chennai,55,F,56,Premium,Two year,1357.0,73626.0,2,UPI,False,True,False
C16408,Chennai,74,M,23,Basic,Month-to-month,815.0,18020.0,1,UPI,True,True,False
C12861,Pune,56,F,43,Standard,One year,1108.0,45286.0,3,Cash,True,True,False
C14358,Hyderabad,55,M,25,Basic,Month-to-month,718.0,17525.0,1,UPI,True,False,True
C15229,Hyderabad,32,F,69,Standard,One year,705.0,47923.0,4,Cash,False,False,False
C16555,Bengaluru,61,M,30,Basic,Month-to-month,719.0,20610.0,0,UPI,True,False,True
C16057,Chennai,63,F,9,Basic,Month-to-month,331.0,2919.0,1,Cash,False,False,True
C15721,Bengaluru,53,M,10,Standard,Month-to-month,658.0,6283.0,1,UPI,False,False,False
C13795,Chennai,23,M,24,Premium,Month-to-month,1186.0,27129.0,0,UPI,False,False,True
C13582,Hyderabad,39,M,35,Basic,One year,534.0,18415.0,1,UPI,False,True,False
C13152,Pune,62,F,49,Premium,One year,1638.0,77932.0,0,Cash,True,True,False
C13991,Hyderabad,47,M,3,Standard,Month-to-month,1230.0,3538.0,1,Bank transfer,True,True,False
C13359,Hyderabad,45,M,9,Basic,Month-to-month,362.0,3192.0,2,UPI,False,False,True
C11973,Bengaluru,36,M,71,Standard,Two year,1219.0,86180.0,1,Cash,True,True,False
C11984,Bengaluru,73,M,64,Standard,Two year,771.0,49004.0,0,Bank transfer,False,False,False
C15140,Hyderabad,43,F,36,Standard,Month-to-month,972.0,34325.0,1,UPI,True,False,True
C11712,Bengaluru,74,F,64,Basic,One year,915.0,58560.0,2,Card,True,True,False
C14195,Bengaluru,47,M,4,Basic,Month-to-month,921.0,3632.0,3,UPI,True,True,True
C13387,Hyderabad,32,M,38,Basic,Month-to-month,708.0,26242.0,4,Card,True,False,True
C11692,Hyderabad,53,M,16,Premium,Month-to-month,1498.0,23576.0,1,Card,True,False,False
C13143,Chennai,20,F,40,Premium,One year,1480.0,58159.0,1,UPI,True,False,True
C13028,Kochi,38,M,17,Standard,Month-to-month,695.0,11790.0,0,UPI,False,False,False
C13027,Hyderabad,45,M,54,Standard,Two year,1070.0,56824.0,4,Card,True,True,False
C16067,Bengaluru,65,F,61,Basic,One year,878.0,52961.0,2,UPI,True,True,False
C14943,Hyderabad,36,F,16,Premium,Month-to-month,1220.0,19371.0,3,UPI,False,False,True
C15913,Pune,50,F,36,Basic,Month-to-month,374.0,13369.0,2,Card,False,False,False
C15372,Bengaluru,46,F,38,Standard,Two year,756.0,27551.0,1,Card,False,False,False
C10036,Pune,51,M,13,Basic,Month-to-month,390.0,4887.0,1,Card,False,False,False
C14219,Hyderabad,68,M,38,Basic,Month-to-month,367.0,13625.0,2,UPI,False,False,True
C16564,Bengaluru,60,F,31,Basic,Month-to-month,439.0,12956.0,1,Cash,False,False,False
C10365,Chennai,64,F,22,Standard,Two year,711.0,15448.0,0,Cash,False,False,False
C10284,Kochi,66,M,21,Basic,Month-to-month,815.0,16552.0,0,Card,True,True,False
C14583,Pune,62,M,7,Basic,One year,718.0,4944.0,1,UPI,True,False,False
C14391,Bengaluru,71,F,31,Standard,Month-to-month,823.0,25026.0,0,UPI,False,True,True
C16224,Pune,30,M,1,Standard,Month-to-month,804.0,770.0,1,UPI,False,True,True
C11981,Hyderabad,61,F,29,Standard,One year,1020.0,29545.0,0,Bank transfer,True,False,False
C12303,Kochi,27,F,16,Basic,Month-to-month,361.0,5532.0,2,Card,False,False,False
C15482,Pune,72,M,10,Basic,Two year,423.0,4099.0,1,UPI,False,False,False
C10568,Pune,35,M,36,Standard,Month-to-month,689.0,24410.0,0,Bank transfer,False,False,False
C15723,Bengaluru,29,M,13,Premium,One year,1378.0,17494.0,1,Bank transfer,False,True,False
C10345,Pune,35,F,31,Basic,Month-to-month,589.0,17745.0,1,Bank transfer,False,True,True
C15518,Hyderabad,27,M,29,Standard,Month-to-month,646.0,18200.0,0,UPI,False,False,False
C15897,Bengaluru,66,M,27,Standard,Month-to-month,1067.0,28791.0,0,Card,True,False,False
C12165,Hyderabad,34,F,29,Standard,Month-to-month,764.0,22038.0,0,UPI,False,False,False
C11422,Chennai,32,F,34,Premium,Month-to-month,1493.0,49599.0,1,Bank transfer,True,False,False
C12016,Kochi,67,M,41,Premium,One year,1542.0,62380.0,0,Card,True,False,False
C14694,Bengaluru,26,F,69,Standard,One year,979.0,67028.0,3,Card,True,False,False
C10917,Pune,30,F,46,Standard,One year,1140.0,50923.0,1,Cash,True,True,False
C13618,Hyderabad,24,F,37,Standard,One year,995.0,35331.0,1,Card,True,False,False
C14262,Chennai,48,F,41,Basic,One year,711.0,28848.0,0,Cash,True,False,False
C13568,Pune,27,F,30,Basic,Month-to-month,735.0,21895.0,1,UPI,True,False,True
C12260,Hyderabad,36,F,26,Standard,Month-to-month,973.0,25025.0,1,Card,True,False,False
C15202,Chennai,48,M,33,Basic,Two year,861.0,27393.0,1,Cash,True,True,False
C12320,Chennai,22,M,22,Standard,Month-to-month,963.0,20444.0,2,Card,True,False,False
C15173,Hyderabad,56,M,60,Basic,Two year,879.0,52658.0,2,UPI,True,True,False
C15641,Bengaluru,32,F,17,Premium,Month-to-month,1619.0,26794.0,2,UPI,True,True,False
C13704,Bengaluru,19,M,39,Standard,Two year,986.0,37471.0,1,UPI,True,False,False
C16440,Hyderabad,33,F,3,Premium,Month-to-month,1514.0,4436.0,3,UPI,True,False,False
C12506,Hyderabad,37,F,68,Standard,One year,1015.0,67864.0,0,UPI,True,False,False
C13797,Hyderabad,67,F,34,Standard,Two year,679.0,22450.0,3,Cash,False,False,False
C14635,Kochi,36,M,49,Standard,One year,691.0,33441.0,1,UPI,False,False,False
C14790,Kochi,61,M,20,Basic,One year,699.0,13476.0,0,Cash,True,False,False
C11514,Hyderabad,65,F,16,Premium,Month-to-month,1563.0,24910.0,2,UPI,True,False,False
C15998,Pune,47,F,49,Standard,Two year,874.0,41743.0,1,UPI,False,True,False
C13525,Bengaluru,62,M,20,Standard,One year,724.0,13911.0,2,UPI,False,False,False
C14871,Hyderabad,20,F,43,Standard,One year,1151.0,47837.0,0,Card,True,True,False
C14313,Pune,39,M,13,Premium,Month-to-month,1479.0,18517.0,0,Bank transfer,True,False,False
C13330,Hyderabad,27,M,8,Basic,Month-to-month,485.0,3707.0,1,UPI,False,True,True
C11823,Bengaluru,31,F,2,Standard,Month-to-month,746.0,1464.0,4,UPI,False,False,True
C14875,Bengaluru,45,F,9,Basic,Two year,698.0,6171.0,2,Card,True,False,False
C11185,Hyderabad,46,M,35,Basic,Month-to-month,831.0,28007.0,1,Bank transfer,True,True,False
C12736,Pune,43,F,27,Premium,Month-to-month,1182.0,30923.0,1,UPI,False,False,True
C16209,Bengaluru,38,F,8,Standard,One year,914.0,7090.0,3,UPI,True,False,True
C15166,Bengaluru,74,F,25,Standard,Month-to-month,1132.0,27623.0,1,Bank transfer,True,True,False
C15782,Bengaluru,45,M,30,Standard,Two year,1035.0,29985.0,1,Card,True,False,False
C11567,Hyderabad,38,F,44,Basic,One year,595.0,25707.0,0,Bank transfer,False,True,False
C10174,Bengaluru,51,M,10,Standard,Month-to-month,1187.0,10537.0,2,Bank transfer,True,True,False
C15821,Hyderabad,22,M,38,Premium,Month-to-month,1174.0,42749.0,0,Card,False,False,False
C12468,Hyderabad,45,F,22,Basic,One year,686.0,14966.0,1,Cash,True,False,False
C11995,Pune,34,F,2,Basic,Month-to-month,386.0,755.0,1,UPI,False,False,True
C11532,Kochi,53,F,11,Standard,Month-to-month,1117.0,11905.0,1,Card,True,True,False
C12487,Kochi,36,F,34,Premium,Month-to-month,1656.0,55922.0,0,Card,True,True,False
C15663,Chennai,52,M,18,Basic,Month-to-month,669.0,11513.0,1,Cash,True,False,False
C11639,Hyderabad,52,M,30,Standard,One year,1205.0,35025.0,0,Cash,True,True,False
C14873,Kochi,60,F,34,Standard,Two year,1001.0,33297.0,1,Cash,True,False,False
C12507,Chennai,18,F,7,Basic,Month-to-month,619.0,4291.0,0,Bank transfer,True,False,True
C14130,Pune,52,F,31,Standard,Month-to-month,751.0,23243.0,2,UPI,False,False,False
C10542,Bengaluru,25,F,29,Standard,Month-to-month,967.0,26838.0,1,Card,True,False,False
C11564,Bengaluru,44,M,20,Basic,Month-to-month,502.0,9585.0,0,Bank transfer,False,True,False
C12304,Kochi,40,M,10,Standard,Month-to-month,1165.0,11110.0,0,UPI,True,True,False
C12418,Kochi,50,F,32,Basic,One year,401.0,12444.0,2,Bank transfer,False,False,False
C10080,Bengaluru,62,F,27,Basic,Month-to-month,458.0,11812.0,2,UPI,False,True,True
C14074,Kochi,45,M,29,Standard,Two year,1165.0,33117.0,2,UPI,True,True,False
C10413,Hyderabad,36,F,14,Standard,Month-to-month,941.0,12627.0,2,UPI,True,False,True
C16854,Bengaluru,58,F,32,Standard,One year,720.0,22745.0,5,UPI,False,False,False
C14592,Chennai,37,M,33,Basic,One year,537.0,17180.0,0,UPI,False,True,False
C14824,Bengaluru,46,F,34,Basic,Month-to-month,417.0,13665.0,2,UPI,False,False,False
C12493,Chennai,47,F,59,Standard,Two year,705.0,40293.0,1,Bank transfer,False,False,False
C13470,Chennai,23,F,66,Standard,One year,1145.0,73763.0,0,Bank transfer,True,True,False
C15536,Pune,34,M,19,Standard,Two year,1035.0,19083.0,0,Bank transfer,True,False,False
C12020,Bengaluru,31,M,26,Standard,Two year,1190.0,30329.0,1,UPI,True,True,False
C12981,Chennai,66,M,31,Standard,Month-to-month,1034.0,30966.0,1,UPI,True,False,False
C11681,Hyderabad,71,M,26,Standard,Two year,993.0,24987.0,0,Cash,True,False,True
C11262,Hyderabad,29,M,32,Basic,Month-to-month,502.0,15709.0,1,Bank transfer,False,False,True
C14086,Bengaluru,53,F,71,Basic,Two year,728.0,51003.0,0,UPI,True,False,False
C16001,Chennai,49,F,55,Standard,One year,734.0,39338.0,0,Card,False,False,False
C13698,Chennai,57,F,13,Standard,Two year,1110.0,14204.0,2,UPI,True,True,False
C13543,Chennai,69,M,44,Standard,One year,704.0,30976.0,1,Cash,False,False,False
C16991,Pune,71,M,6,Standard,One year,814.0,4838.0,3,Card,False,True,False
C11960,Hyderabad,25,M,8,Premium,Month-to-month,1360.0,10552.0,1,Cash,False,True,True
C11046,Bengaluru,74,F,26,Basic,Month-to-month,355.0,8886.0,3,Bank transfer,False,False,True
C12594,Bengaluru,31,F,30,Premium,Month-to-month,1668.0,49234.0,2,Cash,True,True,False
C13215,Bengaluru,66,F,28,Basic,Month-to-month,731.0,19843.0,0,Cash,True,False,False
C16754,Pune,59,M,30,Basic,Month-to-month,495.0,14608.0,1,Card,False,True,False
C13962,Hyderabad,39,F,27,Basic,Month-to-month,612.0,16256.0,1,Card,True,False,False
C10281,Bengaluru,49,F,26,Basic,Month-to-month,383.0,9624.0,0,UPI,False,False,True
C10070,Hyderabad,71,M,22,Basic,Two year,682.0,14561.0,0,Card,True,False,False
C14567,Bengaluru,31,F,63,Standard,One year,819.0,49559.0,2,Bank transfer,False,True,False
C11359,Chennai,41,F,46,Premium,One year,1657.0,74338.0,2,Cash,True,True,False
C11654,Hyderabad,36,F,68,Standard,Two year,1141.0,75898.0,1,Card,True,True,False
C14741,Bengaluru,21,M,5,Standard,Month-to-month,1132.0,5601.0,1,UPI,True,True,True
C13389,Hyderabad,36,M,11,Basic,Month-to-month,408.0,4460.0,0,UPI,False,False,False
C12757,Bengaluru,74,M,23,Standard,Month-to-month,739.0,16734.0,0,Cash,False,False,False
C10962,Chennai,70,F,51,Premium,One year,1333.0,65075.0,1,Cash,False,True,False
C12383,Kochi,73,M,60,Standard,One year,693.0,40955.0,0,UPI,False,False,False
C11517,Bengaluru,66,F,20,Premium,Month-to-month,1637.0,32435.0,2,UPI,True,True,False
C11655,Pune,26,F,60,Basic,Two year,725.0,42200.0,2,Card,True,False,False
C16215,Chennai,52,F,9,Basic,Month-to-month,388.0,3333.0,1,Cash,False,False,True
C12588,Hyderabad,39,F,3,Premium,Month-to-month,1277.0,3771.0,2,UPI,False,True,True
C16601,Chennai,46,F,38,Standard,Month-to-month,1108.0,41339.0,3,UPI,True,True,False
C14478,Pune,33,F,15,Basic,Month-to-month,503.0,7287.0,2,Cash,False,True,True
C16890,Bengaluru,31,F,10,Standard,Two year,824.0,8079.0,2,Card,False,True,False
C12932,Bengaluru,54,F,3,Standard,Month-to-month,993.0,2889.0,0,Bank transfer,True,False,False
C14335,Bengaluru,29,F,15,Basic,Month-to-month,741.0,10848.0,0,Card,True,False,False
C13958,Hyderabad,19,M,8,Premium,Month-to-month,1531.0,12248.0,1,UPI,True,False,False
C16382,Pune,67,M,11,Basic,Month-to-month,497.0,5352.0,2,UPI,False,True,True
C11005,Kochi,52,F,34,Premium,One year,1202.0,39337.0,1,Cash,False,False,False
C15227,Hyderabad,59,M,36,Standard,Month-to-month,675.0,24194.0,3,UPI,False,False,False
C13939,Bengaluru,39,M,20,Basic,Month-to-month,670.0,13378.0,0,Card,True,False,True
C15400,Bengaluru,33,F,57,Premium,One year,1541.0,85198.0,0,Card,True,False,False
C14881,Chennai,41,M,20,Premium,Two year,1471.0,28417.0,1,Card,True,False,False
C16177,Hyderabad,20,F,5,Standard,Month-to-month,855.0,4265.0,1,Card,False,True,False
C13732,Chennai,21,F,6,Premium,One year,1431.0,8302.0,1,Card,False,True,False
C16131,Hyderabad,63,M,26,Basic,Month-to-month,850.0,21780.0,1,Card,True,True,False
C14426,Bengaluru,52,F,30,Basic,Month-to-month,952.0,28529.0,1,UPI,True,True,False
C11786,Hyderabad,46,F,36,Premium,Two year,1505.0,54109.0,1,UPI,True,False,False
C15214,Bengaluru,32,F,31,Standard,Two year,964.0,28763.0,2,UPI,True,False,False
C12457,Bengaluru,68,F,34,Basic,Month-to-month,427.0,13867.0,1,Cash,False,False,False
C11710,Hyderabad,25,M,45,Premium,Two year,1548.0,66213.0,1,UPI,True,True,False
C10217,Bengaluru,21,F,26,Basic,Month-to-month,824.0,20810.0,1,Card,True,True,False
C14744,Hyderabad,20,F,10,Basic,Month-to-month,703.0,7013.0,1,Card,True,False,True
C15534,Bengaluru,69,M,1,Standard,Month-to-month,722.0,721.0,1,UPI,False,False,False
C10047,Bengaluru,31,M,14,Basic,Month-to-month,660.0,8851.0,0,Card,True,False,False
C13521,Hyderabad,18,M,47,Premium,Two year,1651.0,74011.0,2,Bank transfer,True,True,False
C15960,Hyderabad,58,F,28,Basic,Month-to-month,335.0,9111.0,2,UPI,False,False,True
C14241,Hyderabad,74,F,30,Basic,Two year,359.0,10444.0,1,UPI,False,False,False
C13661,Chennai,48,M,31,Basic,One year,571.0,17610.0,1,Cash,False,True,False
C13378,Chennai,32,M,10,Basic,Month-to-month,677.0,6618.0,2,UPI,True,False,False
C14384,Chennai,56,M,17,Basic,Two year,380.0,6231.0,1,UPI,False,False,False
C13105,Hyderabad,71,F,19,Premium,One year,1337.0,24897.0,3,Card,False,True,False
C16249,Pune,60,F,31,Premium,Two year,1241.0,37192.0,1,Cash,False,False,False
C11348,Bengaluru,30,F,32,Basic,Month-to-month,426.0,13007.0,2,Bank transfer,False,False,False
C14655,Kochi,59,M,66,Standard,Two year,906.0,58509.0,0,Card,True,False,False
C13816,Pune,18,M,19,Standard,One year,1020.0,18695.0,3,UPI,True,False,False
C15460,Bengaluru,37,M,29,Basic,Month-to-month,915.0,26500.0,2,UPI,True,True,False
C10058,Chennai,48,F,23,Standard,Two year,1030.0,23394.0,0,UPI,True,False,False
C11938,Bengaluru,29,F,32,Basic,One year,678.0,21536.0,3,Card,True,False,True
C14892,Hyderabad,27,M,13,Standard,Month-to-month,795.0,10110.0,0,Card,False,False,False
C14463,Chennai,51,M,24,Standard,Month-to-month,711.0,16509.0,0,Cash,False,False,False
C14316,Hyderabad,41,M,19,Basic,Month-to-month,899.0,16504.0,0,UPI,True,True,True
C13556,Kochi,27,F,32,Basic,One year,538.0,17041.0,2,Card,False,True,False
C15021,Hyderabad,44,M,68,Standard,Two year,895.0,57867.0,1,Card,False,True,False
C10146,Hyderabad,36,F,22,Standard,Month-to-month,967.0,20304.0,3,Card,True,False,True
C13295,Bengaluru,42,F,14,Basic,Month-to-month,671.0,9347.0,0,UPI,True,False,False
C14543,Kochi,32,F,12,Standard,Month-to-month,774.0,9275.0,2,Card,False,False,False
C14179,Kochi,55,M,9,Standard,Month-to-month,1031.0,9225.0,0,UPI,True,False,False
C15989,Hyderabad,53,M,4,Basic,Month-to-month,568.0,2170.0,2,UPI,False,True,False
C10243,Kochi,74,F,65,Standard,One year,648.0,41015.0,2,Card,False,False,False
C13596,Hyderabad,56,M,5,Basic,Month-to-month,675.0,3267.0,0,Cash,True,False,True
C15543,Bengaluru,70,F,10,Basic,One year,430.0,4221.0,0,Card,False,False,False
C12291,Hyderabad,63,M,46,Basic,One year,746.0,32903.0,2,Card,True,False,False
C15267,Pune,34,M,38,Standard,Month-to-month,687.0,25190.0,2,Card,False,False,True
C16872,Chennai,25,M,10,Standard,Two year,797.0,7098.0,0,Cash,False,True,False
C11076,Hyderabad,48,M,14,Basic,Month-to-month,749.0,10009.0,1,Card,True,False,False
C15690,Hyderabad,63,M,45,Basic,One year,707.0,31453.0,0,Card,True,False,False
C13410,Chennai,27,M,34,Standard,Month-to-month,1220.0,41480.0,1,Cash,True,True,True
C16220,Kochi,24,M,40,Basic,One year,565.0,21889.0,1,Card,False,True,False
C15822,Kochi,30,M,14,Basic,Month-to-month,752.0,10150.0,1,UPI,True,False,False
C13356,Kochi,22,F,52,Basic,One year,680.0,34135.0,3,Card,True,False,False
C10181,Bengaluru,47,F,13,Premium,Month-to-month,1208.0,15418.0,1,Card,False,False,True
C10794,Bengaluru,23,F,50,Standard,One year,962.0,48017.0,2,Bank transfer,True,False,False
C16617,Chennai,29,F,30,Standard,One year,938.0,27815.0,2,Cash,True,False,False
C14671,Hyderabad,27,M,63,Standard,One year,687.0,41400.0,1,UPI,False,False,False
C13340,Bengaluru,68,F,7,Basic,Month-to-month,754.0,5271.0,3,UPI,True,False,False
C12938,Chennai,26,M,2,Standard,Month-to-month,1003.0,1915.0,1,UPI,True,False,False
C13968,Chennai,47,F,24,Basic,One year,914.0,21262.0,0,Card,True,True,False
C11131,Hyderabad,28,F,23,Standard,Month-to-month,1218.0,27039.0,3,UPI,True,True,False
C10519,Hyderabad,71,M,46,Basic,One year,713.0,31728.0,0,UPI,True,False,False
C16422,Bengaluru,21,F,36,Standard,Month-to-month,997.0,35337.0,1,Bank transfer,True,False,False
C13526,Bengaluru,38,F,17,Basic,Month-to-month,809.0,13736.0,1,Bank transfer,True,True,True
C15242,Bengaluru,46,M,26,Basic,Month-to-month,527.0,13335.0,1,Card,False,True,True
C14399,Bengaluru,34,M,35,Premium,Month-to-month,1173.0,41055.0,0,Bank transfer,False,False,True
C11105,Hyderabad,70,M,65,Basic,One year,682.0,43651.0,0,Card,True,False,False
C14212,Pune,28,M,1,Standard,Month-to-month,929.0,927.0,2,Cash,True,False,True
C16867,Bengaluru,69,M,9,Basic,Month-to-month,742.0,6612.0,2,Cash,True,False,True
C10785,Bengaluru,21,F,20,Premium,Two year,1301.0,24882.0,1,Card,False,True,False
C12135,Hyderabad,65,F,9,Standard,Two year,1172.0,10548.0,1,Card,True,True,False
C10211,Chennai,20,F,12,Standard,Month-to-month,1141.0,13326.0,1,Card,True,True,False
C15818,Hyderabad,49,F,19,Basic,Month-to-month,417.0,7545.0,1,Card,False,False,False
C16432,Bengaluru,23,M,52,Standard,One year,1027.0,50856.0,0,Card,True,False,False
C10666,Bengaluru,61,F,29,Standard,Two year,1129.0,31366.0,0,Card,True,True,False
C15664,Kochi,22,F,30,Premium,Month-to-month,1666.0,48158.0,0,Card,True,True,False
C13263,Bengaluru,73,F,66,Standard,One year,720.0,45290.0,1,Card,False,False,False
C11481,Hyderabad,70,M,24,Premium,Month-to-month,1570.0,36717.0,1,Card,True,True,False
C12053,Chennai,32,M,37,Premium,Month-to-month,1548.0,55604.0,1,Card,True,False,False
C12473,Chennai,44,F,19,Standard,Month-to-month,881.0,16157.0,0,UPI,False,True,False
C15655,Hyderabad,20,F,54,Standard,Two year,700.0,36474.0,1,Card,False,False,False
C12359,Pune,23,F,14,Basic,Month-to-month,805.0,11222.0,0,Bank transfer,True,True,False
C11810,Hyderabad,53,F,27,Premium,Month-to-month,1525.0,40048.0,1,Card,True,False,True
C15293,Chennai,22,M,15,Basic,Two year,704.0,10077.0,0,UPI,True,False,False
C15812,Kochi,41,F,35,Basic,One year,689.0,22975.0,1,UPI,True,False,False
C16493,Hyderabad,40,F,46,Basic,Two year,585.0,26618.0,1,UPI,False,True,False
C10116,Pune,58,M,10,Basic,One year,877.0,8495.0,1,Card,True,True,False
C11867,Hyderabad,24,M,36,Standard,Month-to-month,802.0,27496.0,1,UPI,False,True,True
C12508,Bengaluru,51,M,5,Premium,Month-to-month,1293.0,6445.0,3,Card,False,False,True
C15324,Chennai,42,F,8,Basic,Two year,381.0,3043.0,1,Card,False,False,False
C10620,Bengaluru,34,M,14,Standard,Month-to-month,980.0,13227.0,3,Card,True,False,True
C16591,Chennai,57,F,8,Standard,Month-to-month,1050.0,8226.0,1,Card,True,False,False
C10991,Bengaluru,49,F,38,Basic,One year,726.0,27794.0,0,UPI,True,False,False
C15692,Chennai,42,M,16,Basic,Month-to-month,715.0,11073.0,1,UPI,True,False,False
C13025,Hyderabad,57,F,39,Basic,Month-to-month,728.0,28155.0,0,Bank transfer,True,False,False
C15560,Bengaluru,19,F,23,Basic,Two year,418.0,9166.0,2,Card,False,False,False
C15527,Bengaluru,71,F,29,Standard,Month-to-month,721.0,19917.0,0,Card,False,False,True
C10711,Pune,61,F,24,Basic,Month-to-month,908.0,21019.0,0,UPI,True,True,False
C14525,Hyderabad,61,M,13,Premium,Month-to-month,1492.0,19067.0,2,Bank transfer,True,False,True
C11476,Pune,36,M,30,Basic,Month-to-month,697.0,19891.0,1,Bank transfer,True,False,False
C10378,Chennai,25,F,16,Basic,Month-to-month,680.0,10615.0,2,Card,False,True,False
C16706,Hyderabad,34,M,60,Standard,One year,1049.0,61989.0,3,Card,True,False,True
C14613,Pune,44,F,35,Basic,One year,754.0,26382.0,3,Bank transfer,True,False,False
C12920,Chennai,28,M,14,Standard,Month-to-month,863.0,11583.0,0,Bank transfer,False,True,True
C10419,Hyderabad,43,F,63,Basic,One year,830.0,51167.0,1,Card,True,True,False
C12025,Hyderabad,30,F,36,Standard,One year,694.0,24592.0,2,Card,False,False,False
C10583,Hyderabad,35,M,14,Standard,Month-to-month,707.0,9449.0,1,Bank transfer,False,False,False
C16447,Chennai,47,F,19,Basic,One year,361.0,6793.0,1,Cash,False,False,True
C12492,Pune,66,F,10,Premium,Month-to-month,1474.0,14350.0,0,Cash,True,False,False
C16981,Hyderabad,31,M,19,Standard,One year,818.0,14781.0,0,UPI,False,True,False
C11944,Hyderabad,38,M,5,Basic,Month-to-month,713.0,3434.0,2,UPI,True,False,True
C12857,Hyderabad,30,M,37,Standard,Month-to-month,1120.0,41160.0,3,UPI,True,True,True
C12737,Pune,48,F,17,Basic,Month-to-month,664.0,11260.0,1,UPI,True,False,False
C14479,Chennai,34,F,31,Premium,Month-to-month,1484.0,45237.0,3,UPI,True,False,False
C10757,Pune,74,F,29,Basic,Month-to-month,446.0,12585.0,1,Bank transfer,False,False,False
C10985,Bengaluru,36,M,36,Basic,Month-to-month,700.0,24140.0,0,Card,True,False,False
C14984,Hyderabad,54,F,6,Standard,Month-to-month,1050.0,6162.0,2,UPI,True,False,False
C12800,Bengaluru,52,M,17,Basic,Month-to-month,376.0,6075.0,2,UPI,False,False,False
C15119,Pune,71,M,7,Standard,Month-to-month,1017.0,7019.0,1,Cash,True,False,False
C11551,Hyderabad,24,F,33,Premium,One year,1239.0,38908.0,1,Cash,False,False,False
C11653,Chennai,64,M,13,Premium,Month-to-month,1186.0,15191.0,0,Card,False,False,True
C10306,Chennai,59,M,23,Basic,Month-to-month,455.0,9996.0,0,UPI,False,False,False
C10481,Hyderabad,64,F,34,Basic,Two year,714.0,24092.0,2,Cash,True,False,False
C12837,Pune,34,F,9,Premium,Month-to-month,1618.0,14562.0,0,UPI,True,True,False
C15877,Hyderabad,35,M,15,Basic,Month-to-month,505.0,7476.0,1,Card,False,True,True
C16308,Hyderabad,62,M,23,Basic,Month-to-month,653.0,14875.0,2,Card,True,False,False
C16870,Kochi,31,M,67,Basic,One year,432.0,28653.0,0,Card,False,False,False
C12899,Chennai,41,M,38,Basic,Month-to-month,500.0,18732.0,1,UPI,False,True,False
C14544,Bengaluru,67,F,39,Basic,Month-to-month,837.0,31423.0,2,Bank transfer,True,True,True
C11043,Chennai,25,M,28,Premium,Month-to-month,1381.0,37395.0,3,UPI,False,True,True
C10651,Hyderabad,63,M,29,Basic,Month-to-month,813.0,22431.0,4,UPI,True,True,False
C16456,Bengaluru,52,M,32,Premium,Month-to-month,1501.0,46524.0,1,UPI,True,False,False
C10812,Hyderabad,56,M,13,Standard,Month-to-month,1076.0,13908.0,1,Card,True,False,False
C11964,Hyderabad,59,M,40,Standard,One year,691.0,26427.0,1,Card,False,False,False
C11529,Pune,49,M,69,Basic,One year,391.0,25648.0,0,UPI,False,False,False
C15564,Chennai,45,M,12,Standard,One year,791.0,9313.0,0,Bank transfer,False,False,False
C11074,Hyderabad,57,M,25,Standard,Month-to-month,1191.0,29376.0,1,UPI,True,True,True
C13147,Chennai,61,M,24,Basic,Month-to-month,461.0,10986.0,2,Card,False,False,True
C13801,Bengaluru,42,M,49,Premium,Two year,1196.0,57047.0,3,UPI,False,False,False
C10608,Hyderabad,26,M,8,Basic,Month-to-month,760.0,6009.0,1,Card,True,False,True
C14264,Pune,72,F,7,Basic,Two year,844.0,5740.0,2,UPI,True,True,False
C13910,Bengaluru,46,M,11,Premium,One year,1492.0,16052.0,0,UPI,True,False,False
C12959,Chennai,56,M,10,Basic,Month-to-month,413.0,3985.0,1,Bank transfer,False,False,False
C12088,Chennai,51,F,14,Basic,One year,901.0,12440.0,4,Card,True,True,True
C16328,Bengaluru,32,F,27,Standard,Month-to-month,716.0,18891.0,0,Card,False,False,False
C10039,Chennai,23,F,7,Basic,Month-to-month,493.0,3338.0,0,UPI,False,False,True
C12798,Hyderabad,28,M,4,Basic,Month-to-month,448.0,1729.0,2,Card,False,False,True
C14121,Pune,36,F,11,Standard,Month-to-month,1088.0,11861.0,1,Cash,True,True,False
C11779,Kochi,54,F,51,Premium,One year,1478.0,73212.0,2,Card,True,False,True
C11943,Pune,53,F,19,Basic,Month-to-month,828.0,15163.0,0,Card,True,True,True
C14827,Pune,35,M,62,Basic,Two year,715.0,44466.0,2,UPI,True,False,False
C15837,Hyderabad,26,M,9,Basic,Month-to-month,409.0,3518.0,1,UPI,False,False,True
C15271,Bengaluru,31,F,48,Basic,One year,886.0,42246.0,3,Card,True,True,False
C11626,Kochi,25,F,21,Standard,Month-to-month,1147.0,23184.0,1,Bank transfer,True,True,False
C15371,Pune,48,F,11,Standard,Month-to-month,702.0,7444.0,0,Card,False,False,False
C13983,Hyderabad,69,F,28,Standard,Month-to-month,1105.0,30599.0,3,Card,True,True,True
C11770,Chennai,31,F,13,Basic,Month-to-month,818.0,10147.0,1,Card,True,True,False
C12865,Bengaluru,36,F,20,Standard,Two year,1117.0,21243.0,0,UPI,True,True,False
C16519,Pune,58,F,66,Standard,Two year,1044.0,65657.0,0,Card,True,False,False
C10509,Hyderabad,36,M,2,Standard,Month-to-month,985.0,1881.0,2,UPI,True,False,True
C13418,Chennai,57,F,64,Basic,One year,557.0,34785.0,2,Cash,False,True,False
C12424,Chennai,23,F,25,Basic,Two year,521.0,13005.0,1,UPI,False,True,False
C12462,Bengaluru,53,M,33,Standard,Month-to-month,1151.0,36171.0,1,UPI,True,True,False
C12222,Hyderabad,39,F,22,Basic,Month-to-month,382.0,8401.0,1,UPI,False,False,True
C14630,Bengaluru,65,F,6,Basic,Month-to-month,406.0,2404.0,2,Cash,False,False,True
C13311,Bengaluru,43,M,5,Basic,Month-to-month,311.0,1528.0,1,UPI,False,False,False
C12373,Bengaluru,46,F,51,Standard,Two year,919.0,44734.0,1,Cash,False,True,False
C13802,Pune,44,F,7,Basic,Month-to-month,406.0,2737.0,2,UPI,False,False,True
C15568,Bengaluru,45,F,4,Basic,Month-to-month,548.0,2094.0,1,Card,False,True,False
C16740,Chennai,70,F,22,Standard,Month-to-month,694.0,14936.0,0,UPI,False,False,False
C13643,Hyderabad,66,M,47,Basic,One year,721.0,33514.0,0,Card,True,False,False
C11570,Bengaluru,72,F,30,Standard,One year,1084.0,31837.0,0,UPI,True,True,False
C10715,Chennai,52,F,62,Basic,Two year,379.0,23087.0,2,Bank transfer,False,False,False
C13211,Chennai,68,F,14,Premium,Two year,1142.0,15259.0,2,Cash,False,False,False
C10414,Chennai,19,M,59,Standard,Two year,789.0,45645.0,1,Card,False,True,False
C11436,Bengaluru,57,F,10,Standard,One year,967.0,9377.0,3,Card,True,False,False
C12993,Bengaluru,20,M,54,Basic,One year,386.0,20331.0,3,Card,False,False,False
C12162,Pune,59,M,32,Premium,Month-to-month,1447.0,44589.0,1,Cash,True,False,True
C13127,Hyderabad,31,F,11,Standard,One year,945.0,10005.0,1,Bank transfer,True,False,False
C11827,Hyderabad,27,M,42,Basic,Two year,690.0,28582.0,0,UPI,True,False,False
C14589,Hyderabad,39,F,10,Standard,Two year,1175.0,11305.0,3,Card,True,True,False
C15240,Kochi,19,M,33,Standard,Month-to-month,818.0,26884.0,0,Bank transfer,False,True,False
C10789,Chennai,19,M,5,Standard,Month-to-month,1141.0,5581.0,1,Bank transfer,True,True,True
C11376,Pune,59,F,64,Premium,One year,1469.0,92888.0,2,UPI,True,False,False
C16517,Pune,61,M,24,Basic,Month-to-month,690.0,16560.0,5,Cash,True,False,True
C15947,Pune,29,M,37,Standard,One year,969.0,34732.0,2,Card,True,False,False
C13353,Hyderabad,72,M,1,Standard,Month-to-month,723.0,711.0,1,Bank transfer,False,False,True
C10890,Hyderabad,64,M,18,Standard,Two year,741.0,13219.0,3,UPI,False,False,False
C10169,Bengaluru,37,M,51,Standard,One year,1057.0,51954.0,2,Bank transfer,True,False,False
C12545,Pune,52,M,50,Standard,Two year,987.0,47361.0,1,UPI,True,False,False
C16832,Bengaluru,54,F,7,Basic,Month-to-month,698.0,4700.0,2,Card,True,False,False
C13934,Bengaluru,65,F,12,Basic,Month-to-month,872.0,10087.0,2,Cash,True,True,True
C14808,Pune,37,M,63,Basic,One year,765.0,47620.0,0,Card,True,False,False
C11356,Bengaluru,73,F,63,Premium,One year,1491.0,92142.0,1,UPI,True,False,False
C15012,Bengaluru,33,M,21,Standard,Month-to-month,840.0,17076.0,0,Cash,False,True,False
C12851,Kochi,70,M,43,Standard,One year,1012.0,43059.0,1,Cash,True,False,False
C13115,Kochi,30,M,19,Standard,One year,831.0,15575.0,1,UPI,False,True,False
C12572,Kochi,49,F,10,Basic,Month-to-month,295.0,2912.0,0,UPI,False,False,False
C13087,Chennai,64,M,59,Basic,One year,735.0,42387.0,0,UPI,True,False,False
C16029,Chennai,57,F,21,Basic,Month-to-month,744.0,15183.0,1,Cash,True,False,False
C12573,Hyderabad,67,M,44,Standard,One year,959.0,41135.0,0,Cash,True,False,False
C12518,Bengaluru,40,F,24,Premium,One year,1450.0,33862.0,2,Bank transfer,True,False,False
C11432,Bengaluru,35,F,6,Basic,One year,572.0,3370.0,1,Bank transfer,False,True,False
C12385,Pune,54,M,7,Premium,Month-to-month,1496.0,10080.0,2,Card,True,False,False
C10566,Bengaluru,19,M,17,Basic,Month-to-month,675.0,11086.0,2,UPI,True,False,False
C14137,Chennai,63,M,28,Standard,Month-to-month,988.0,26881.0,2,UPI,True,False,True
C15623,Kochi,27,M,67,Basic,One year,557.0,35475.0,0,Card,False,True,False
C14518,Chennai,42,M,69,Basic,Two year,522.0,34518.0,2,Card,False,True,False
C13251,Kochi,53,F,29,Basic,Month-to-month,712.0,20297.0,2,Bank transfer,True,False,True
C13221,Pune,63,M,52,Standard,Two year,1103.0,56460.0,0,UPI,True,True,False
C13071,Hyderabad,33,F,27,Standard,Month-to-month,1032.0,27007.0,2,Cash,True,False,True
C15939,Kochi,32,F,52,Premium,Two year,1199.0,60195.0,1,UPI,False,False,False
C12673,Chennai,31,M,64,Standard,Two year,1098.0,69414.0,2,Cash,True,False,False
C15938,Hyderabad,58,F,7,Premium,Month-to-month,1181.0,7978.0,2,Card,False,False,True
C14148,Chennai,49,F,16,Basic,Month-to-month,517.0,8100.0,1,Bank transfer,False,True,False
C12302,Pune,73,M,11,Basic,Two year,317.0,3334.0,0,Card,False,False,False
C13600,Hyderabad,18,M,8,Premium,One year,1487.0,11696.0,1,UPI,True,False,True
C13741,Hyderabad,58,F,25,Standard,Two year,1130.0,26849.0,0,Card,True,True,False
C13819,Hyderabad,57,F,13,Basic,Month-to-month,388.0,4928.0,0,UPI,False,False,True
C14740,Hyderabad,49,F,25,Basic,Month-to-month,620.0,15422.0,0,Bank transfer,True,False,False
C12113,Pune,25,M,24,Basic,Month-to-month,802.0,19150.0,1,UPI,True,True,False
C14933,Pune,18,M,15,Basic,Month-to-month,398.0,5929.0,1,Bank transfer,False,False,True
C16339,Bengaluru,51,F,2,Standard,Month-to-month,993.0,1982.0,3,Bank transfer,True,False,False
C14494,Hyderabad,23,F,11,Basic,Month-to-month,632.0,6718.0,3,Cash,False,True,True
C12024,Chennai,56,M,11,Basic,Two year,845.0,9295.0,0,Card,True,True,False
C14879,Bengaluru,44,M,54,Premium,Two year,1688.0,88434.0,2,Cash,True,True,False
C16809,Bengaluru,51,M,6,Standard,Two year,1081.0,6459.0,2,Cash,True,False,False
C10283,Chennai,58,M,8,Basic,Month-to-month,508.0,3967.0,0,Card,False,True,False
C10591,Bengaluru,33,F,62,Standard,One year,962.0,58016.0,1,UPI,True,False,False
C14561,Pune,36,F,51,Basic,One year,892.0,43667.0,1,UPI,True,True,False
C11273,Hyderabad,72,F,10,Standard,Month-to-month,1117.0,10832.0,0,UPI,True,True,True
C16472,Chennai,18,M,26,Basic,Month-to-month,694.0,18011.0,0,Bank transfer,True,False,False
C13110,Kochi,71,M,11,Premium,One year,1292.0,13844.0,3,UPI,False,True,True
C13402,Chennai,26,M,51,Premium,One year,1169.0,58326.0,1,UPI,False,False,False
C16495,Hyderabad,62,F,63,Basic,One year,835.0,51084.0,0,Card,True,True,False
C15608,Hyderabad,62,F,53,Standard,Two year,992.0,52454.0,2,Bank transfer,True,False,False
C15256,Kochi,63,M,7,Basic,Two year,359.0,2465.0,1,UPI,False,False,False
C11141,Bengaluru,20,F,20,Basic,Two year,723.0,14240.0,2,Bank transfer,True,False,False
C13840,Bengaluru,37,M,16,Standard,Month-to-month,1038.0,16498.0,4,Card,True,False,False
C14521,Bengaluru,70,F,12,Premium,One year,1520.0,17610.0,0,UPI,True,False,False
C13483,Hyderabad,35,F,39,Basic,Month-to-month,678.0,25393.0,2,Cash,True,False,False
C13949,Pune,32,M,54,Standard,Two year,657.0,35344.0,1,UPI,False,False,False
C14506,Bengaluru,64,F,41,Basic,One year,856.0,34023.0,0,Bank transfer,True,True,False
C11714,Chennai,71,M,32,Basic,Month-to-month,585.0,18142.0,0,Cash,False,True,False
C10632,Pune,29,F,29,Standard,Month-to-month,699.0,19492.0,1,Cash,False,False,False
C11890,Bengaluru,22,F,37,Standard,One year,610.0,22550.0,0,UPI,False,False,False
C16260,Chennai,20,F,61,Premium,Two year,1198.0,72223.0,2,UPI,False,False,False
C16797,Chennai,59,F,23,Basic,Month-to-month,459.0,10109.0,1,Card,False,False,False
C16489,Bengaluru,54,F,16,Basic,Month-to-month,717.0,11208.0,1,UPI,True,False,False
C10552,Kochi,33,F,22,Premium,Month-to-month,1183.0,25237.0,0,UPI,False,False,False
C16771,Chennai,45,F,23,Basic,Month-to-month,622.0,14115.0,1,UPI,True,False,False
C13727,Pune,24,F,58,Basic,One year,368.0,21028.0,3,Card,False,False,False
C14293,Pune,39,M,47,Standard,One year,846.0,38809.0,0,Card,False,True,False
C15136,Bengaluru,32,M,28,Premium,One year,1284.0,35301.0,1,UPI,False,False,False
C16768,Chennai,72,F,52,Standard,Two year,1162.0,58481.0,2,UPI,True,True,False
C14940,Pune,61,M,37,Standard,One year,1045.0,37593.0,1,Bank transfer,True,False,False
C14083,Chennai,31,F,38,Basic,Month-to-month,865.0,32633.0,1,UPI,True,True,False
C16218,Hyderabad,38,M,34,Standard,One year,960.0,31560.0,0,UPI,True,False,False
C14036,Bengaluru,54,M,22,Standard,Month-to-month,700.0,15153.0,0,Card,False,False,False
C11876,Chennai,37,F,34,Premium,One year,1670.0,54900.0,2,UPI,True,True,False
C15239,Hyderabad,47,F,13,Standard,One year,997.0,12401.0,0,UPI,True,False,False
C13653,Chennai,73,F,58,Standard,One year,1010.0,57173.0,0,UPI,True,False,False
C11618,Kochi,36,M,8,Standard,Month-to-month,701.0,5579.0,0,Card,False,False,True
C13213,Bengaluru,31,M,12,Basic,Two year,672.0,7774.0,1,Bank transfer,True,False,False
C15399,Pune,67,M,42,Standard,Two year,848.0,34405.0,0,Card,False,True,False
C15122,Bengaluru,49,M,44,Standard,One year,976.0,42921.0,1,Cash,True,False,False
C13347,Bengaluru,61,M,33,Standard,Month-to-month,1162.0,36719.0,2,Card,True,True,False
C16858,Chennai,39,M,35,Standard,Month-to-month,807.0,27807.0,1,Card,False,True,False
C14698,Hyderabad,59,F,49,Basic,Two year,646.0,30157.0,0,UPI,True,False,False
C11629,Bengaluru,53,M,39,Basic,Month-to-month,582.0,21605.0,3,UPI,False,True,False
C14482,Hyderabad,33,M,24,Standard,One year,1003.0,23399.0,3,UPI,True,False,False
C12620,Hyderabad,32,F,11,Standard,One year,1061.0,11189.0,0,Cash,True,False,False
C13093,Hyderabad,38,M,21,Premium,Month-to-month,1474.0,29492.0,1,UPI,True,False,False
C12034,Hyderabad,31,M,3,Basic,Month-to-month,716.0,2121.0,2,Bank transfer,True,False,True
C16080,Pune,49,F,10,Basic,One year,839.0,8280.0,4,Card,True,True,False
C14900,Bengaluru,37,M,13,Standard,Month-to-month,756.0,9517.0,0,UPI,False,True,False
C10492,Hyderabad,67,F,10,Basic,Month-to-month,609.0,5890.0,1,UPI,False,True,True
C11417,Kochi,74,M,11,Standard,Month-to-month,1070.0,11448.0,1,UPI,True,False,True
C12744,Bengaluru,25,M,20,Premium,Month-to-month,1237.0,24163.0,4,Card,False,False,True
C14436,Kochi,40,M,62,Standard,One year,963.0,58906.0,2,UPI,True,False,False
C16804,Bengaluru,54,M,7,Basic,Month-to-month,818.0,5682.0,3,Bank transfer,True,False,True
C12983,Bengaluru,70,M,32,Basic,Month-to-month,857.0,27002.0,1,UPI,True,True,False
C14261,Chennai,51,F,33,Standard,Month-to-month,681.0,21879.0,2,Card,False,False,True
C12050,Bengaluru,24,M,17,Basic,Month-to-month,450.0,7586.0,0,Cash,False,False,False
C11210,Pune,33,F,30,Standard,Month-to-month,1142.0,33434.0,3,UPI,True,True,False
C14580,Hyderabad,68,F,19,Standard,Month-to-month,1133.0,21384.0,2,Bank transfer,True,False,True
C14517,Bengaluru,38,M,20,Standard,Month-to-month,926.0,18323.0,1,Bank transfer,False,True,True
C13450,Bengaluru,51,M,25,Premium,Month-to-month,1484.0,35452.0,0,UPI,True,False,False
C10154,Chennai,43,M,32,Basic,Two year,419.0,12998.0,0,Card,False,False,False
C14687,Chennai,68,F,23,Premium,Month-to-month,1512.0,33365.0,2,UPI,True,False,False
C12390,Bengaluru,31,F,51,Standard,One year,965.0,47411.0,0,Bank transfer,True,False,False
C14474,Kochi,52,M,13,Standard,Month-to-month,1043.0,13285.0,1,UPI,True,False,False
C16372,Hyderabad,23,F,21,Standard,Month-to-month,1022.0,21178.0,3,UPI,True,False,False
C12172,Chennai,26,M,54,Basic,Two year,386.0,20018.0,3,Card,False,False,False
C11051,Hyderabad,50,F,51,Basic,One year,806.0,40872.0,3,UPI,True,True,False
C16592,Hyderabad,73,F,30,Standard,Month-to-month,1189.0,35513.0,2,Cash,True,True,False
C15425,Pune,60,F,37,Premium,Month-to-month,1450.0,53093.0,0,UPI,True,False,False
C16102,Kochi,30,F,22,Basic,Two year,736.0,15776.0,1,UPI,True,False,False
C16374,Chennai,21,M,71,Premium,One year,1311.0,91937.0,0,UPI,False,True,False
C16857,Bengaluru,23,F,37,Standard,Month-to-month,689.0,25308.0,0,UPI,False,False,False
C13966,Pune,39,M,34,Standard,Month-to-month,757.0,24790.0,2,UPI,False,False,False
C12459,Hyderabad,66,M,38,Premium,One year,1251.0,47323.0,1,Bank transfer,False,False,True
C11573,Bengaluru,28,M,7,Basic,Month-to-month,847.0,5758.0,1,Card,True,True,False
C11596,Bengaluru,25,M,27,Standard,Month-to-month,719.0,18921.0,1,UPI,False,False,False
C16120,Hyderabad,41,M,6,Standard,Month-to-month,761.0,4343.0,0,UPI,False,False,False
C12885,Hyderabad,53,M,32,Basic,Month-to-month,456.0,14348.0,1,Cash,False,True,True
C14345,Chennai,59,M,9,Standard,Month-to-month,1149.0,10065.0,0,Card,True,True,False
C14733,Chennai,34,F,22,Standard,One year,1005.0,21627.0,0,Card,True,False,False
C12580,Hyderabad,43,M,1,Standard,Month-to-month,705.0,687.0,2,Cash,False,False,False
C13562,Hyderabad,49,F,29,Basic,Month-to-month,751.0,21290.0,0,Bank transfer,True,False,True
C14439,Kochi,39,F,34,Basic,Month-to-month,371.0,12522.0,2,UPI,False,False,False
C10465,Bengaluru,54,F,65,Basic,Two year,654.0,41167.0,1,UPI,True,False,False
C14056,Hyderabad,63,F,35,Premium,Month-to-month,1557.0,52752.0,1,UPI,True,False,True
C14669,Hyderabad,56,M,44,Premium,One year,1479.0,64639.0,2,UPI,True,False,False
C14118,Pune,34,M,37,Basic,One year,674.0,24121.0,1,UPI,True,False,False
C14855,Hyderabad,65,M,34,Standard,Two year,825.0,26867.0,1,Card,False,True,False
C13829,Hyderabad,39,M,29,Basic,Month-to-month,602.0,17310.0,0,Cash,True,False,False
C10051,Chennai,21,M,1,Basic,Month-to-month,872.0,851.0,1,Card,True,True,True
C14931,Pune,42,M,40,Basic,One year,471.0,18611.0,0,Bank transfer,False,False,False
C13858,Hyderabad,56,F,20,Basic,Month-to-month,392.0,7543.0,1,UPI,False,False,False
C12892,Kochi,70,F,47,Basic,Two year,539.0,25028.0,2,UPI,False,True,False
C15731,Bengaluru,28,M,6,Basic,Two year,915.0,5303.0,3,UPI,True,True,True
C15982,Hyderabad,69,F,68,Basic,One year,638.0,42709.0,1,Card,True,False,False
C11186,Hyderabad,71,F,29,Standard,Month-to-month,971.0,28000.0,0,UPI,True,False,False
C13046,Kochi,27,F,55,Basic,One year,703.0,37870.0,0,Cash,True,False,False
C12557,Chennai,34,F,16,Premium,Month-to-month,1545.0,23985.0,3,Card,True,False,True
C11140,Pune,74,M,23,Basic,Two year,806.0,17984.0,2,Card,True,True,False
C12617,Bengaluru,69,F,68,Basic,Two year,312.0,20419.0,1,Card,False,False,False
C15766,Hyderabad,61,F,52,Basic,One year,641.0,32377.0,2,Cash,True,False,False
C14448,Bengaluru,72,M,60,Premium,Two year,1187.0,68398.0,0,Card,False,False,False
C14789,Kochi,21,F,33,Basic,One year,325.0,10248.0,2,Card,False,False,False
C13872,Hyderabad,46,F,18,Basic,Month-to-month,700.0,12276.0,2,UPI,True,False,False
C10163,Chennai,22,M,66,Premium,Two year,1205.0,77194.0,2,Card,False,False,False
C13752,Chennai,50,M,32,Basic,One year,498.0,15709.0,2,Card,False,True,False
C14103,Kochi,68,F,29,Basic,One year,446.0,12672.0,0,Card,False,False,False
C13965,Hyderabad,59,F,29,Premium,Month-to-month,1113.0,31313.0,0,Card,False,False,False
C15426,Chennai,51,F,32,Standard,Two year,736.0,23552.0,4,UPI,False,False,False
C15860,Chennai,42,M,40,Premium,One year,1336.0,52167.0,0,Cash,False,True,False
C10513,Pune,31,M,29,Premium,Two year,1161.0,32488.0,1,Card,False,False,False
C15291,Pune,62,M,19,Basic,Month-to-month,693.0,12531.0,1,Card,True,False,True
C10247,Chennai,19,F,27,Standard,Two year,780.0,20922.0,0,Card,False,False,False
C12678,Hyderabad,46,F,8,Basic,Month-to-month,345.0,2647.0,0,Card,False,False,False
C10235,Chennai,70,F,11,Premium,Month-to-month,1494.0,15689.0,1,Card,True,False,False
C15113,Chennai,41,F,26,Premium,Month-to-month,1227.0,31631.0,0,UPI,False,False,True
C15414,Bengaluru,32,M,19,Standard,Two year,656.0,12214.0,2,Cash,False,False,False
C10949,Hyderabad,22,F,31,Premium,Two year,1501.0,44881.0,3,Card,True,False,False
C15842,Hyderabad,68,F,9,Basic,Month-to-month,833.0,7287.0,0,UPI,True,True,False
C12586,Pune,66,M,60,Standard,Two year,1031.0,61490.0,0,Card,True,False,False
C11870,Kochi,23,F,23,Standard,One year,1003.0,22151.0,1,UPI,True,False,False
C15164,Hyderabad,60,F,7,Basic,Month-to-month,925.0,6163.0,2,Bank transfer,True,True,True
C16451,Hyderabad,21,M,7,Basic,Month-to-month,419.0,2905.0,1,Card,False,False,False
C13266,Chennai,53,F,22,Premium,Month-to-month,1642.0,34663.0,1,UPI,True,True,False
C15787,Chennai,24,M,30,Premium,Two year,1496.0,44499.0,0,Cash,True,False,False
C14804,Pune,57,F,69,Standard,Two year,723.0,49002.0,1,Cash,False,False,False
C16718,Pune,22,M,69,Standard,One year,987.0,66351.0,0,Card,True,False,False
C15354,Hyderabad,49,F,30,Basic,Month-to-month,546.0,15785.0,0,Card,False,True,False
C12811,Bengaluru,62,F,53,Basic,Two year,524.0,27386.0,2,Cash,False,True,False
C11108,Hyderabad,53,F,20,Basic,Month-to-month,815.0,16157.0,1,Card,True,True,False
C11246,Bengaluru,19,F,63,Basic,One year,703.0,42511.0,1,UPI,True,False,False
C12919,Hyderabad,60,M,1,Standard,Month-to-month,848.0,832.0,3,UPI,False,True,True
C13458,Chennai,18,F,25,Basic,Two year,809.0,19745.0,4,Card,True,False,False
C12582,Chennai,73,M,4,Basic,Month-to-month,704.0,2719.0,1,UPI,True,False,True
C11542,Bengaluru,43,F,4,Standard,Month-to-month,1131.0,4354.0,2,Bank transfer,True,True,False
C13269,Chennai,63,F,25,Standard,One year,710.0,17617.0,0,UPI,False,False,False
C11784,Kochi,52,M,14,Basic,Month-to-month,766.0,10689.0,0,Card,True,False,False
C10888,Pune,34,F,9,Standard,Month-to-month,1148.0,9985.0,0,Card,True,True,False
C15979,Bengaluru,46,F,65,Basic,One year,383.0,23678.0,0,UPI,False,False,False
C12454,Chennai,70,F,17,Standard,Month-to-month,851.0,14344.0,2,Bank transfer,False,True,False
C11132,Chennai,58,F,24,Premium,Month-to-month,1618.0,38643.0,1,Card,True,True,False
C14728,Chennai,26,M,27,Premium,Two year,1679.0,44805.0,1,Card,True,True,False
C12933,Pune,30,M,10,Premium,Month-to-month,1421.0,13886.0,2,Cash,True,False,True
C15194,Hyderabad,42,M,29,Standard,One year,1129.0,32637.0,1,UPI,True,True,False
C13805,Bengaluru,47,F,39,Standard,Two year,812.0,31261.0,0,Cash,False,True,False
C13893,Chennai,57,M,14,Standard,Month-to-month,979.0,13412.0,0,Bank transfer,True,False,False
C12189,Pune,73,M,21,Basic,Month-to-month,346.0,6908.0,3,UPI,False,False,False
C11756,Pune,69,F,5,Basic,Month-to-month,726.0,3576.0,4,Card,True,False,True
C14911,Kochi,26,M,34,Premium,Month-to-month,1653.0,55519.0,0,Bank transfer,True,True,False
C11090,Bengaluru,44,M,59,Standard,One year,1102.0,64302.0,1,Card,True,True,False
C15041,Hyderabad,35,M,48,Standard,One year,1022.0,47285.0,2,Card,True,False,False
C12720,Kochi,28,M,34,Basic,Two year,703.0,22853.0,3,Card,True,False,False
C12979,Pune,34,M,4,Premium,Month-to-month,1371.0,5213.0,2,Cash,False,True,False
C15740,Hyderabad,30,M,35,Basic,Two year,863.0,29452.0,1,UPI,True,True,False
C12231,Kochi,63,F,25,Basic,Month-to-month,685.0,16537.0,0,Card,True,False,False
C10610,Hyderabad,68,F,24,Standard,Month-to-month,1119.0,25906.0,1,UPI,True,True,False
C12928,Hyderabad,23,F,30,Standard,Month-to-month,1003.0,28793.0,2,Card,True,False,True
C13161,Bengaluru,68,M,1,Basic,Month-to-month,315.0,310.0,0,UPI,False,False,False
C15725,Pune,60,M,26,Standard,Two year,979.0,25262.0,2,UPI,True,False,False
C12366,Pune,46,F,22,Standard,Month-to-month,1118.0,24364.0,1,UPI,True,True,False
C13834,Kochi,63,F,33,Standard,Month-to-month,1008.0,32920.0,0,Card,True,False,False
C11214,Hyderabad,68,F,43,Basic,One year,680.0,28926.0,0,UPI,True,False,False
C12409,Hyderabad,57,M,70,Premium,Two year,1696.0,117818.0,0,Bank transfer,True,True,False
C11075,Hyderabad,56,F,49,Basic,Two year,435.0,20943.0,1,Cash,False,False,False
C16911,Kochi,47,M,20,Basic,One year,353.0,6827.0,0,Card,False,False,False
C10094,Bengaluru,50,M,11,Basic,Month-to-month,761.0,8002.0,0,Bank transfer,True,False,True
C16694,Chennai,45,F,69,Standard,Two year,667.0,45475.0,2,Bank transfer,False,False,False
C14705,Bengaluru,47,M,12,Basic,Month-to-month,729.0,8722.0,2,Cash,True,False,True
C15375,Bengaluru,61,F,57,Standard,One year,979.0,54357.0,0,UPI,True,False,False
C14429,Bengaluru,39,M,54,Basic,One year,533.0,27813.0,3,UPI,False,True,False
C16567,Bengaluru,27,M,25,Basic,Month-to-month,866.0,21630.0,1,Bank transfer,True,True,False
C11989,Chennai,53,F,71,Premium,One year,1197.0,84987.0,1,UPI,False,False,False
C14965,Chennai,51,F,13,Basic,Month-to-month,914.0,11492.0,0,UPI,True,True,True
C12716,Hyderabad,54,M,44,Standard,One year,1009.0,42629.0,1,Card,True,False,False
C10508,Hyderabad,33,M,11,Basic,Month-to-month,427.0,4644.0,0,Cash,False,False,True
C10331,Bengaluru,56,F,39,Basic,Month-to-month,750.0,28398.0,1,Cash,True,False,False
C10447,Hyderabad,66,F,10,Basic,Month-to-month,713.0,7116.0,2,Cash,True,False,True
C11070,Chennai,33,F,12,Basic,Month-to-month,699.0,8349.0,4,UPI,True,False,True
C15070,Hyderabad,27,F,6,Standard,Month-to-month,665.0,3826.0,1,UPI,False,False,True
C14874,Hyderabad,24,M,34,Standard,Month-to-month,1104.0,36806.0,1,Card,True,True,False
C11044,Bengaluru,37,F,24,Standard,Two year,1128.0,26629.0,2,Cash,True,True,False
C13922,Hyderabad,42,M,68,Standard,One year,661.0,44075.0,1,Cash,False,False,False
C12292,Hyderabad,73,F,56,Standard,One year,1133.0,60930.0,2,UPI,True,True,False
C10653,Chennai,56,F,32,Basic,Month-to-month,513.0,16176.0,0,Card,False,True,True
C14442,Hyderabad,57,F,39,Standard,Month-to-month,999.0,37279.0,1,Card,True,False,True
C14222,Pune,41,M,46,Basic,One year,406.0,18077.0,0,UPI,False,False,False
C12895,Hyderabad,40,M,14,Basic,Month-to-month,437.0,5948.0,1,Bank transfer,False,False,False
C13512,Pune,58,F,39,Basic,One year,336.0,12500.0,0,UPI,False,False,False
C13953,Hyderabad,69,F,63,Standard,One year,656.0,40214.0,1,Bank transfer,False,False,False
C11018,Hyderabad,61,M,64,Basic,Two year,625.0,39155.0,2,UPI,True,False,False
C15069,Bengaluru,65,F,12,Standard,One year,914.0,10945.0,0,Card,True,False,False
C16937,Hyderabad,30,M,24,Basic,Two year,673.0,15539.0,3,UPI,True,False,False
C11358,Bengaluru,61,M,59,Standard,One year,1086.0,62677.0,5,Cash,True,True,False
C11520,Kochi,45,M,2,Basic,Month-to-month,410.0,817.0,0,UPI,False,False,False
C12598,Kochi,58,M,19,Basic,Two year,770.0,14167.0,4,Card,True,False,True
C10483,Pune,48,M,58,Basic,One year,635.0,36405.0,1,UPI,True,False,False
C13788,Hyderabad,27,F,32,Basic,Month-to-month,806.0,25179.0,0,Cash,True,True,True
C13671,Pune,59,M,52,Basic,One year,538.0,27597.0,4,Cash,False,True,True
C10262,Bengaluru,52,M,34,Premium,Month-to-month,1219.0,39761.0,1,Bank transfer,False,False,True
C13920,Pune,24,F,33,Basic,Month-to-month,694.0,22177.0,3,UPI,True,False,False
C14614,Kochi,36,F,16,Basic,Month-to-month,448.0,7014.0,1,UPI,False,True,True
C15087,Bengaluru,35,M,19,Premium,Month-to-month,1527.0,27618.0,2,Card,True,False,True
C12519,Bengaluru,70,F,12,Basic,Month-to-month,723.0,8514.0,1,Card,True,False,True
C10943,Chennai,41,M,68,Basic,One year,873.0,56944.0,2,Card,True,True,False
C10450,Hyderabad,48,F,45,Basic,One year,731.0,32868.0,0,Card,True,False,False
C14152,Pune,19,F,45,Standard,One year,1004.0,43175.0,2,UPI,True,False,False
C11355,Bengaluru,31,F,65,Basic,Two year,757.0,48608.0,0,Bank transfer,True,False,False
C11924,Hyderabad,57,M,35,Basic,Two year,401.0,13757.0,2,UPI,False,False,False
C11311,Pune,56,F,23,Premium,Month-to-month,1334.0,30457.0,3,UPI,False,True,True
C13578,Kochi,72,F,28,Standard,Two year,915.0,25046.0,0,Cash,True,False,False
C15970,Hyderabad,51,M,28,Standard,Two year,1015.0,28042.0,1,UPI,True,False,False
C14489,Hyderabad,24,F,17,Premium,Month-to-month,1230.0,19878.0,1,Cash,False,False,True
C13554,Hyderabad,48,M,49,Standard,One year,1032.0,48607.0,3,Cash,True,False,False
C16940,Chennai,57,M,14,Premium,Two year,1191.0,16196.0,1,Card,False,False,False
C15735,Hyderabad,22,F,23,Standard,One year,691.0,15663.0,2,UPI,False,False,False
C10675,Kochi,63,F,45,Premium,Two year,1477.0,66233.0,0,Card,True,False,False
C10823,Bengaluru,72,M,24,Basic,Month-to-month,839.0,19697.0,3,UPI,True,True,True
C12923,Bengaluru,38,F,25,Basic,One year,386.0,9530.0,1,Card,False,False,False
C11443,Pune,73,M,69,Standard,One year,931.0,62791.0,1,Cash,True,False,False
C16970,Kochi,26,M,33,Standard,Two year,924.0,30415.0,3,Card,True,False,False
C13454,Chennai,63,M,21,Premium,Month-to-month,1284.0,25713.0,4,UPI,False,True,True
C11170,Hyderabad,69,M,42,Premium,One year,1480.0,59567.0,0,Card,True,False,False
C16166,Chennai,61,F,19,Standard,Two year,625.0,11645.0,1,Cash,False,False,True
C10479,Hyderabad,43,M,9,Basic,Month-to-month,702.0,6318.0,1,UPI,True,False,True
C16164,Hyderabad,29,F,4,Standard,Month-to-month,935.0,3614.0,2,UPI,True,False,False
C10560,Hyderabad,23,M,40,Standard,Two year,1022.0,39952.0,1,Bank transfer,True,False,False
C12911,Bengaluru,33,F,19,Standard,Month-to-month,1190.0,21653.0,1,Cash,True,True,False
C12820,Hyderabad,71,M,6,Basic,One year,450.0,2619.0,1,UPI,False,False,False
C11212,Bengaluru,57,F,21,Standard,One year,740.0,15334.0,1,UPI,False,True,False
C14059,Bengaluru,53,M,35,Standard,One year,977.0,34195.0,1,UPI,True,False,False
C13153,Hyderabad,39,M,31,Standard,Month-to-month,685.0,20546.0,0,UPI,False,False,False
C15438,Hyderabad,36,F,12,Basic,One year,600.0,6911.0,1,UPI,False,True,False
C15916,Bengaluru,29,M,14,Basic,Month-to-month,417.0,5577.0,1,UPI,False,False,True
C12230,Bengaluru,22,F,11,Standard,Month-to-month,873.0,9479.0,2,Bank transfer,False,True,True
C10841,Bengaluru,67,F,33,Standard,Month-to-month,978.0,32158.0,1,Cash,True,False,False
C11569,Bengaluru,69,M,26,Basic,Month-to-month,454.0,11380.0,0,UPI,False,False,True
C12671,Pune,67,F,4,Basic,Month-to-month,399.0,1571.0,0,Card,False,False,False
C16142,Bengaluru,22,F,30,Standard,Month-to-month,973.0,29080.0,0,UPI,True,False,False
C10245,Kochi,64,F,7,Standard,Month-to-month,1002.0,6853.0,1,Bank transfer,True,False,False
C14136,Kochi,35,F,26,Premium,Month-to-month,1681.0,42304.0,3,Card,True,True,True
C14320,Hyderabad,57,M,23,Standard,Month-to-month,1190.0,27335.0,2,Card,True,True,True
C12343,Bengaluru,21,M,57,Basic,Two year,443.0,24200.0,2,Cash,False,False,False
C10662,Pune,43,M,24,Basic,Month-to-month,346.0,8207.0,3,Bank transfer,False,False,False
C11014,Pune,47,F,61,Standard,One year,1164.0,70429.0,1,Cash,True,True,True
C13702,Bengaluru,25,M,27,Standard,Month-to-month,677.0,17832.0,0,Card,False,False,False
C10285,Hyderabad,25,F,4,Premium,Month-to-month,1519.0,5805.0,1,Card,True,False,False
C15149,Kochi,18,M,11,Premium,Month-to-month,1698.0,18224.0,0,UPI,True,True,False
C13264,Bengaluru,19,F,17,Premium,Two year,1449.0,24105.0,0,Bank transfer,True,False,False
C12406,Pune,59,M,30,Standard,Month-to-month,1142.0,33653.0,5,Bank transfer,True,True,True
C14200,Bengaluru,18,F,39,Standard,Month-to-month,888.0,33673.0,0,Bank transfer,False,True,False
C14330,Pune,50,F,19,Basic,Month-to-month,761.0,14061.0,2,Card,True,False,True
C12742,Hyderabad,65,F,6,Premium,Month-to-month,1667.0,9528.0,1,Cash,True,True,True
C12241,Chennai,37,M,35,Basic,Month-to-month,817.0,27670.0,4,Cash,True,True,False
C13608,Pune,27,F,14,Premium,Month-to-month,1443.0,19662.0,3,UPI,True,False,True
C14712,Hyderabad,33,M,8,Premium,Month-to-month,1250.0,9664.0,0,UPI,False,False,False
C15144,Pune,66,M,54,Basic,Two year,607.0,32062.0,1,Card,False,True,False
C11055,Hyderabad,26,M,11,Standard,Month-to-month,699.0,7534.0,0,Bank transfer,False,False,False
C10453,Bengaluru,34,F,62,Premium,One year,1142.0,67648.0,1,Card,False,False,False
C13204,Hyderabad,35,F,63,Premium,One year,1509.0,90962.0,3,Card,True,False,False
C16370,Hyderabad,70,F,23,Standard,Month-to-month,930.0,20774.0,2,UPI,False,True,True
C11940,Hyderabad,48,M,19,Premium,Month-to-month,1464.0,27362.0,0,Cash,True,False,True
C12681,Hyderabad,45,M,20,Premium,One year,1656.0,31764.0,5,Bank transfer,True,True,False
C13876,Chennai,46,F,23,Standard,Month-to-month,948.0,21118.0,2,Cash,True,False,False
C11213,Kochi,69,F,39,Standard,One year,839.0,31578.0,1,Bank transfer,False,True,False
C16185,Bengaluru,23,F,25,Basic,Two year,814.0,19340.0,0,UPI,True,False,False
C11541,Pune,26,M,70,Basic,One year,414.0,28950.0,0,Bank transfer,False,False,False
C10950,Chennai,60,F,1,Basic,Month-to-month,419.0,412.0,2,UPI,False,False,True
C11582,Hyderabad,18,F,60,Basic,One year,623.0,36117.0,2,Card,False,True,False
C14185,Chennai,66,F,8,Basic,Month-to-month,622.0,4911.0,2,Bank transfer,True,False,True
C13692,Hyderabad,41,M,36,Premium,Month-to-month,1229.0,42366.0,0,Cash,False,False,True
C13915,Bengaluru,67,F,4,Standard,Month-to-month,941.0,3748.0,1,Card,True,False,False
C11310,Pune,18,M,13,Basic,Month-to-month,858.0,10871.0,1,UPI,True,True,False
C15467,Kochi,22,F,4,Premium,Month-to-month,1177.0,4641.0,2,UPI,False,False,True
C15577,Chennai,21,M,4,Standard,Month-to-month,956.0,3700.0,2,UPI,True,False,True
C15266,Hyderabad,37,F,56,Premium,Two year,1513.0,82884.0,1,Card,True,False,False
C16676,Hyderabad,72,F,37,Standard,Month-to-month,664.0,24532.0,1,Card,False,False,False
C13637,Hyderabad,65,F,26,Basic,Month-to-month,755.0,19192.0,0,UPI,True,False,False
C10690,Hyderabad,51,M,30,Premium,Month-to-month,1606.0,48180.0,4,Card,True,True,False
C15811,Kochi,57,F,69,Basic,Two year,358.0,24197.0,0,UPI,False,False,False
C14498,Bengaluru,28,F,62,Premium,One year,1277.0,78675.0,2,UPI,False,False,False
C16779,Hyderabad,34,M,16,Basic,Month-to-month,683.0,10913.0,2,Cash,True,False,False
C14797,Bengaluru,24,F,35,Standard,One year,988.0,34550.0,3,Bank transfer,True,False,False
C15589,Bengaluru,57,F,65,Basic,One year,795.0,51622.0,1,UPI,True,True,False
C15965,Hyderabad,70,M,30,Standard,Two year,696.0,20232.0,3,Bank transfer,False,False,False
C14017,Chennai,66,M,48,Basic,Two year,698.0,32837.0,1,UPI,True,False,False
C12849,Pune,37,F,65,Standard,Two year,1026.0,65209.0,1,UPI,True,False,False
C10543,Hyderabad,27,F,29,Basic,One year,680.0,19257.0,1,UPI,True,False,False
C13751,Chennai,31,M,16,Basic,Month-to-month,744.0,11453.0,0,Card,True,False,False
C13255,Bengaluru,62,F,4,Premium,Month-to-month,1487.0,5754.0,0,Card,True,False,False
C13787,Hyderabad,57,M,47,Premium,Two year,1108.0,50279.0,1,Card,False,False,False
C14499,Hyderabad,44,M,35,Basic,Two year,474.0,15895.0,2,Card,False,True,False
C12244,Bengaluru,73,M,17,Standard,One year,762.0,12448.0,2,Card,False,True,False
C13130,Bengaluru,20,M,36,Premium,Month-to-month,1214.0,42898.0,0,Cash,False,False,False
C11929,Kochi,34,F,24,Standard,Month-to-month,1127.0,26405.0,2,UPI,True,True,False
C11523,Pune,72,F,20,Premium,Month-to-month,1575.0,30265.0,1,Card,True,False,False
C13613,Chennai,72,F,33,Standard,Month-to-month,993.0,31420.0,2,Bank transfer,True,False,False
C12715,Hyderabad,71,M,35,Standard,Month-to-month,981.0,33171.0,2,Cash,True,False,True
C16200,Bengaluru,69,F,34,Basic,One year,656.0,21728.0,1,UPI,True,False,False
C12606,Hyderabad,19,M,56,Standard,Two year,1050.0,56667.0,1,Cash,True,False,False
C14956,Hyderabad,73,M,18,Basic,Month-to-month,717.0,12857.0,2,UPI,True,False,False
C13181,Hyderabad,22,M,26,Standard,Month-to-month,1217.0,30433.0,3,Card,True,True,True
C11895,Bengaluru,41,M,15,Basic,One year,697.0,10173.0,1,Card,True,False,False
C12946,Hyderabad,24,M,18,Basic,Month-to-month,737.0,12702.0,3,Cash,True,False,False
C11753,Bengaluru,64,M,11,Standard,Month-to-month,904.0,9516.0,2,Cash,True,False,False
C10067,Bengaluru,40,F,17,Basic,One year,345.0,5865.0,1,UPI,False,False,False
C13798,Chennai,51,F,70,Basic,One year,401.0,27206.0,0,Cash,False,False,False
C14641,Hyderabad,72,M,3,Basic,Month-to-month,865.0,2476.0,1,Bank transfer,True,True,True
C14558,Hyderabad,74,F,15,Basic,Month-to-month,445.0,6424.0,0,UPI,False,False,False
C13563,Bengaluru,35,F,37,Standard,Month-to-month,993.0,35661.0,2,Cash,True,False,True
C14910,Pune,55,M,6,Premium,Month-to-month,1572.0,9070.0,2,UPI,True,False,False
C12901,Chennai,49,M,28,Basic,One year,550.0,14651.0,3,UPI,False,True,False
C15433,Hyderabad,74,M,38,Standard,Month-to-month,693.0,25158.0,1,Card,False,False,True
C15341,Bengaluru,23,F,38,Standard,Two year,992.0,36321.0,3,Bank transfer,True,False,False
C10233,Pune,73,M,28,Standard,Month-to-month,1160.0,31743.0,3,Card,True,True,False
C14490,Chennai,49,F,6,Standard,Month-to-month,764.0,4405.0,3,Bank transfer,False,False,True
C12236,Bengaluru,20,M,4,Standard,Month-to-month,1069.0,4274.0,1,UPI,True,False,True
C15868,Chennai,18,F,19,Premium,One year,1435.0,26376.0,1,Cash,True,False,True
C14532,Bengaluru,44,F,64,Standard,Two year,1000.0,63360.0,0,Card,True,False,False
C14259,Hyderabad,58,F,14,Basic,One year,668.0,9210.0,0,UPI,True,False,False
C15190,Chennai,50,M,28,Basic,Month-to-month,865.0,23258.0,0,Card,True,True,False
C13247,Bengaluru,65,M,16,Standard,Month-to-month,947.0,14878.0,2,Card,True,False,False
C11546,Chennai,40,F,51,Standard,Two year,984.0,48878.0,0,Card,True,False,False
C12562,Hyderabad,54,M,26,Standard,Month-to-month,1016.0,26217.0,2,Card,True,False,False
C10775,Bengaluru,27,F,71,Standard,Two year,759.0,53047.0,0,UPI,False,False,False
C11468,Hyderabad,53,F,1,Premium,Month-to-month,1221.0,1189.0,1,Bank transfer,False,False,False
C10252,Bengaluru,59,M,11,Premium,Month-to-month,1520.0,16701.0,1,Bank transfer,True,False,False
C16973,Bengaluru,61,M,27,Basic,Two year,871.0,22979.0,3,Bank transfer,True,True,False
C12534,Pune,24,M,20,Standard,Month-to-month,682.0,13477.0,2,UPI,False,False,False
C12379,Hyderabad,71,M,37,Standard,Month-to-month,649.0,23138.0,1,Card,False,False,False
C10792,Hyderabad,60,M,13,Standard,One year,1187.0,14924.0,6,Cash,True,True,False
C16470,Chennai,51,F,41,Basic,Two year,862.0,33855.0,2,UPI,True,True,False
C13868,Chennai,20,M,5,Premium,Month-to-month,1143.0,5516.0,1,Cash,False,False,True
C14673,Chennai,49,F,53,Basic,One year,677.0,35427.0,1,Bank transfer,True,False,False
C13459,Bengaluru,18,F,6,Basic,Month-to-month,925.0,5446.0,0,Cash,True,True,False
C10747,Bengaluru,44,M,30,Standard,One year,955.0,27507.0,1,UPI,True,False,False
C10678,Hyderabad,28,M,1,Standard,Month-to-month,1148.0,1141.0,1,Card,True,True,True
C14230,Pune,18,F,17,Standard,Two year,1180.0,19506.0,1,Card,True,True,False
C16491,Hyderabad,46,M,50,Standard,One year,1125.0,54536.0,1,Cash,True,True,False
C14070,Chennai,26,F,20,Premium,Month-to-month,1511.0,29037.0,0,UPI,True,False,True
C16710,Pune,44,F,23,Premium,Month-to-month,1560.0,34481.0,1,UPI,True,False,False
C14535,Hyderabad,27,F,30,Basic,Month-to-month,504.0,14438.0,1,UPI,False,False,False
C10579,Hyderabad,66,F,1,Premium,Month-to-month,1539.0,1478.0,0,Cash,True,False,True
C16966,Kochi,33,M,5,Basic,Month-to-month,496.0,2439.0,1,Cash,False,True,False
C15385,Pune,64,M,12,Basic,Month-to-month,676.0,8028.0,2,UPI,True,False,True
C12850,Bengaluru,43,M,49,Basic,One year,712.0,34436.0,1,Cash,True,False,False
C12306,Hyderabad,68,F,25,Premium,Month-to-month,1610.0,38657.0,1,Card,True,True,False
C12505,Pune,40,F,9,Basic,Month-to-month,822.0,7174.0,3,Card,True,True,True
C12772,Chennai,22,M,37,Standard,Two year,1005.0,36186.0,1,UPI,True,False,False
C10115,Chennai,37,F,28,Standard,One year,998.0,27735.0,1,Cash,True,False,False
C16458,Chennai,31,F,12,Standard,Month-to-month,703.0,8392.0,0,UPI,False,False,False
C11103,Hyderabad,31,M,34,Basic,Month-to-month,867.0,28824.0,1,Card,True,True,False
C11841,Hyderabad,37,M,17,Standard,Month-to-month,982.0,16070.0,0,Bank transfer,True,False,False
C14286,Chennai,55,M,52,Premium,Two year,1476.0,76087.0,0,UPI,True,False,False
C16126,Bengaluru,21,M,36,Premium,Month-to-month,1317.0,45841.0,1,Bank transfer,False,True,False
C11297,Chennai,29,M,17,Basic,Month-to-month,801.0,13249.0,1,UPI,True,True,False
C15462,Bengaluru,64,F,28,Basic,Month-to-month,561.0,15107.0,2,Bank transfer,False,True,False
C11899,Bengaluru,64,F,25,Premium,Month-to-month,1512.0,37095.0,1,Card,True,False,True
C14642,Bengaluru,50,F,12,Standard,Month-to-month,927.0,10990.0,1,Bank transfer,True,False,True
C15619,Chennai,30,M,2,Premium,Month-to-month,1523.0,2978.0,2,Cash,True,False,False
C16084,Chennai,66,F,35,Basic,Month-to-month,764.0,25886.0,1,UPI,True,False,False
C12465,Bengaluru,55,M,14,Standard,Month-to-month,642.0,8954.0,1,UPI,False,False,True
C10046,Chennai,19,M,13,Premium,One year,1679.0,21319.0,2,UPI,True,True,True
C10309,Pune,24,F,33,Standard,Month-to-month,649.0,20583.0,1,Card,False,False,True
C14973,Kochi,20,M,33,Basic,Two year,652.0,20804.0,1,Cash,True,False,False
C14816,Bengaluru,51,F,55,Premium,One year,1443.0,79263.0,0,Bank transfer,True,False,False
C11282,Hyderabad,19,F,34,Standard,Month-to-month,674.0,22883.0,2,Cash,False,False,False
C11524,Chennai,34,M,3,Standard,Month-to-month,1170.0,3358.0,1,UPI,True,True,False
C13775,Chennai,58,M,26,Basic,Month-to-month,554.0,14370.0,0,UPI,False,True,False
C15042,Pune,29,F,65,Basic,One year,651.0,40526.0,0,Bank transfer,True,False,False
C16863,Hyderabad,45,M,21,Standard,Month-to-month,922.0,18668.0,2,Card,False,True,True
C13398,Bengaluru,18,M,22,Basic,Month-to-month,723.0,15202.0,1,Card,True,False,False
C15679,Hyderabad,60,M,39,Basic,Month-to-month,831.0,31411.0,1,Card,True,True,False
C14245,Hyderabad,36,F,26,Basic,Two year,920.0,23888.0,0,Card,True,True,False
C13260,Kochi,33,F,65,Premium,One year,1512.0,96266.0,2,Bank transfer,True,False,False
C10407,Hyderabad,52,F,19,Basic,Two year,743.0,13524.0,0,Card,True,False,False
C13810,Hyderabad,67,M,38,Standard,Month-to-month,1174.0,43129.0,1,UPI,True,True,True
C15435,Bengaluru,33,M,40,Standard,One year,999.0,38638.0,0,UPI,True,False,False
C15334,Hyderabad,47,M,71,Standard,One year,982.0,67405.0,2,UPI,True,False,False
C15480,Chennai,49,M,35,Standard,One year,1016.0,34988.0,0,Card,True,False,False
C14901,Kochi,59,F,25,Standard,One year,875.0,20985.0,1,UPI,False,True,False
C16258,Chennai,44,F,3,Basic,Month-to-month,865.0,2490.0,2,Card,True,True,True
C14720,Hyderabad,66,F,17,Standard,Month-to-month,1040.0,17429.0,2,Cash,True,False,True
C14703,Hyderabad,66,M,38,Basic,Month-to-month,454.0,16960.0,2,UPI,False,False,True
C14270,Hyderabad,59,M,37,Standard,Month-to-month,1138.0,42106.0,1,UPI,True,True,False
C10330,Chennai,22,M,20,Basic,Month-to-month,752.0,14839.0,2,Card,True,False,False
C12169,Kochi,46,M,24,Basic,Month-to-month,408.0,9494.0,0,UPI,False,False,False
C16127,Hyderabad,61,M,17,Standard,Two year,973.0,15730.0,1,Cash,True,False,False
C11429,Hyderabad,74,M,9,Basic,Month-to-month,709.0,6173.0,6,UPI,True,False,False
C10311,Chennai,52,F,29,Basic,Month-to-month,428.0,11888.0,4,Card,False,False,True
C13129,Hyderabad,23,F,47,Standard,Two year,982.0,45786.0,0,UPI,True,False,False
C15138,Kochi,37,M,4,Standard,Month-to-month,721.0,2884.0,1,UPI,False,False,False
C14836,Bengaluru,70,F,27,Basic,Two year,867.0,22971.0,0,Cash,True,True,False
C11762,Kochi,22,F,17,Standard,Month-to-month,919.0,15124.0,1,Cash,True,False,False
C16307,Hyderabad,23,M,28,Basic,Two year,701.0,19464.0,1,UPI,True,False,False
C16652,Chennai,70,M,26,Premium,Month-to-month,1347.0,33367.0,0,UPI,False,True,False
C10017,Hyderabad,66,F,26,Premium,One year,1291.0,33196.0,2,UPI,False,True,False
C14449,Hyderabad,69,F,30,Standard,Month-to-month,970.0,27721.0,0,UPI,True,False,False
C14353,Bengaluru,57,M,4,Basic,Month-to-month,733.0,2809.0,1,Card,True,False,True
C16409,Hyderabad,49,F,4,Premium,Month-to-month,1694.0,6663.0,1,Card,True,True,False
C15715,Hyderabad,68,F,23,Standard,Two year,744.0,16382.0,3,UPI,False,False,False
C14155,Pune,58,M,18,Basic,Month-to-month,706.0,12289.0,3,UPI,True,False,False
C14486,Chennai,73,M,20,Basic,One year,870.0,16737.0,1,Bank transfer,True,True,False
C15287,Bengaluru,50,F,43,Standard,One year,1003.0,41370.0,0,UPI,True,False,False
C11094,Hyderabad,18,M,10,Basic,Month-to-month,542.0,5384.0,1,UPI,False,True,True
C16061,Hyderabad,34,M,26,Standard,Two year,1002.0,25460.0,3,UPI,True,False,True
C12469,Chennai,63,F,25,Basic,Month-to-month,630.0,15469.0,2,Card,True,False,True
C13617,Hyderabad,61,M,7,Basic,Month-to-month,520.0,3505.0,3,Card,False,True,True
C10859,Hyderabad,27,M,64,Basic,One year,796.0,50813.0,1,Bank transfer,True,False,False
C10012,Pune,39,F,15,Premium,Month-to-month,1482.0,22170.0,1,UPI,True,False,False
C12575,Pune,38,M,11,Basic,Month-to-month,544.0,5789.0,1,Card,False,True,False
C15728,Kochi,41,F,38,Basic,Two year,672.0,24875.0,1,UPI,True,False,False
C12419,Pune,69,M,29,Basic,One year,498.0,14398.0,2,Bank transfer,False,True,True
C10388,Chennai,25,M,27,Premium,One year,1559.0,40291.0,0,UPI,True,True,False
C14515,Chennai,62,M,14,Basic,One year,397.0,5490.0,2,Card,False,False,False
C16262,Kochi,68,M,8,Premium,Month-to-month,1676.0,12780.0,1,UPI,True,True,True
C15033,Pune,41,M,17,Basic,Month-to-month,391.0,6495.0,1,UPI,False,False,False
C16015,Bengaluru,18,M,27,Basic,Two year,593.0,15573.0,1,UPI,False,True,False
C10937,Bengaluru,29,M,55,Standard,Two year,767.0,40123.0,0,UPI,False,False,False
C16332,Kochi,23,M,25,Premium,Month-to-month,1239.0,30432.0,1,UPI,False,False,False
C12067,Chennai,30,F,10,Standard,One year,1015.0,9831.0,0,Card,True,False,False
C10427,Bengaluru,30,M,4,Basic,Month-to-month,581.0,2230.0,2,Card,False,True,True
C16780,Hyderabad,68,F,33,Basic,One year,675.0,22191.0,2,Bank transfer,True,False,False
C11307,Hyderabad,46,M,25,Basic,Two year,401.0,9901.0,0,Card,False,False,False
C11373,Bengaluru,38,F,33,Basic,Month-to-month,695.0,22579.0,0,UPI,True,False,False
C14400,Bengaluru,38,M,22,Standard,Two year,1165.0,25454.0,0,UPI,True,True,False
C11377,Bengaluru,48,F,12,Premium,One year,1328.0,15368.0,1,UPI,False,True,True
C15004,Bengaluru,61,M,24,Basic,Month-to-month,612.0,13996.0,0,UPI,False,True,False
C10408,Chennai,18,M,43,Basic,Two year,495.0,21212.0,1,Card,False,False,False
C10980,Hyderabad,68,F,54,Standard,Two year,1102.0,57723.0,0,UPI,True,True,False
C11441,Hyderabad,66,M,17,Standard,Month-to-month,1010.0,16839.0,1,Bank transfer,True,False,False
C13354,Pune,62,F,53,Standard,One year,721.0,38213.0,0,Card,False,False,False
C14183,Hyderabad,65,M,40,Standard,One year,1151.0,44329.0,1,UPI,True,True,False
C14545,Hyderabad,38,M,26,Basic,Two year,916.0,23816.0,0,Bank transfer,True,True,False
C10512,Chennai,57,M,12,Premium,One year,1475.0,16928.0,1,Cash,True,False,False
C12157,Pune,22,F,25,Basic,Month-to-month,830.0,20246.0,6,Bank transfer,True,True,False
C14775,Bengaluru,21,M,71,Premium,Two year,1705.0,118799.0,0,UPI,True,True,False
C11724,Pune,24,M,30,Standard,Month-to-month,648.0,18826.0,2,Bank transfer,False,False,True
C13648,Hyderabad,19,F,21,Standard,Month-to-month,1091.0,22679.0,3,Card,True,True,True
C13085,Chennai,46,M,18,Premium,One year,1252.0,22289.0,3,UPI,False,False,False
C12445,Pune,58,F,70,Basic,One year,838.0,56398.0,0,Cash,True,True,False
C14127,Hyderabad,72,M,12,Basic,Two year,381.0,4442.0,1,Card,False,False,False
C11891,Chennai,21,M,25,Basic,Month-to-month,790.0,19633.0,3,UPI,True,False,True
C13995,Hyderabad,72,F,11,Basic,One year,721.0,7931.0,1,Cash,True,False,False
C12148,Hyderabad,58,M,50,Basic,Two year,686.0,33727.0,0,UPI,True,False,False
C10932,Hyderabad,29,F,30,Premium,Month-to-month,1633.0,47304.0,2,UPI,True,True,False
C14757,Hyderabad,59,M,48,Basic,Two year,714.0,32967.0,2,Bank transfer,True,False,False
C13232,Hyderabad,29,F,28,Standard,One year,932.0,26038.0,1,UPI,True,False,False
C15864,Chennai,22,F,58,Standard,Two year,667.0,37414.0,0,Card,False,False,False
C15956,Pune,40,M,51,Basic,One year,684.0,33350.0,3,Card,True,False,False
C16936,Kochi,34,F,14,Standard,Month-to-month,1110.0,15092.0,1,UPI,True,True,True
C13742,Pune,32,M,36,Basic,Month-to-month,706.0,24973.0,0,Card,True,False,False
C12122,Chennai,49,M,18,Premium,Two year,1281.0,22151.0,1,Card,False,True,False
C16886,Hyderabad,72,M,27,Premium,Month-to-month,1202.0,31534.0,2,Card,False,False,False
C15557,Bengaluru,73,F,31,Basic,Month-to-month,698.0,21331.0,2,Card,True,False,False
C10965,Chennai,65,M,54,Standard,Two year,1160.0,62104.0,1,UPI,True,True,False
C10177,Kochi,29,M,4,Standard,Month-to-month,844.0,3226.0,0,UPI,False,True,False
C11856,Hyderabad,22,M,8,Basic,Month-to-month,657.0,5178.0,1,UPI,True,False,False
C14774,Chennai,41,M,3,Standard,Month-to-month,946.0,2803.0,2,Bank transfer,True,False,False
C15653,Chennai,30,F,4,Basic,Month-to-month,794.0,3163.0,2,UPI,True,True,False
C14917,Pune,32,F,35,Standard,Two year,1061.0,35791.0,0,UPI,True,False,False
C14088,Hyderabad,70,M,21,Standard,Month-to-month,696.0,13956.0,1,Cash,False,False,True
C12089,Chennai,57,M,53,Basic,Two year,694.0,35243.0,0,UPI,True,False,False
C13328,Hyderabad,26,M,27,Basic,Month-to-month,664.0,17290.0,0,Cash,True,False,False
C12819,Hyderabad,36,M,27,Standard,Month-to-month,1114.0,29232.0,1,UPI,True,True,False
C16054,Hyderabad,25,F,18,Standard,Month-to-month,682.0,12040.0,1,Card,False,False,False
C12814,Chennai,47,F,11,Premium,Month-to-month,1247.0,13076.0,1,Cash,False,False,True
C15074,Chennai,37,F,30,Basic,Month-to-month,382.0,11316.0,1,Card,False,False,True
C10302,Bengaluru,42,F,11,Premium,Month-to-month,1613.0,17413.0,2,Card,True,True,False
C11869,Pune,61,M,21,Basic,Month-to-month,570.0,11773.0,1,Card,False,True,True
C12139,Chennai,20,M,70,Basic,One year,515.0,34616.0,0,UPI,False,True,False
C13254,Hyderabad,58,M,35,Basic,Month-to-month,476.0,15946.0,3,UPI,False,False,False
C11621,Kochi,31,F,55,Premium,One year,1459.0,76779.0,1,Card,True,False,False
C14117,Chennai,22,F,6,Basic,One year,722.0,4217.0,0,Card,True,False,False
C15201,Kochi,35,F,33,Standard,Month-to-month,952.0,30169.0,3,UPI,True,False,False
C16350,Chennai,29,F,52,Standard,One year,1109.0,55105.0,3,UPI,True,True,False
C16534,Pune,36,F,28,Standard,Month-to-month,1074.0,29593.0,0,UPI,True,True,False
C16750,Kochi,51,F,12,Premium,Month-to-month,1155.0,13290.0,1,Card,False,False,True
C14594,Hyderabad,33,F,20,Premium,Month-to-month,1667.0,32163.0,1,Card,True,True,False
C16907,Hyderabad,56,M,26,Premium,Month-to-month,1289.0,32423.0,1,Cash,False,True,True
C11391,Chennai,68,F,27,Basic,Month-to-month,585.0,15426.0,3,UPI,False,True,False
C10634,Pune,23,M,4,Basic,Month-to-month,679.0,2661.0,1,UPI,True,False,False
C11958,Hyderabad,71,F,9,Basic,Month-to-month,422.0,3617.0,0,Card,False,False,False
C13837,Chennai,29,F,5,Standard,Month-to-month,967.0,4614.0,2,Bank transfer,True,False,True
C12145,Kochi,19,M,28,Standard,Two year,981.0,26421.0,1,UPI,True,False,False
C14201,Bengaluru,35,M,38,Basic,One year,380.0,14303.0,1,UPI,False,False,False
C15020,Hyderabad,46,F,63,Basic,Two year,741.0,44980.0,1,Bank transfer,True,False,False
C11037,Kochi,60,M,36,Standard,Two year,709.0,25128.0,3,UPI,False,False,False
C14708,Bengaluru,74,F,8,Standard,Two year,687.0,5446.0,0,Bank transfer,False,False,False
C13357,Pune,27,F,35,Basic,Month-to-month,403.0,13525.0,2,Card,False,False,False
C16859,Hyderabad,53,F,25,Basic,Month-to-month,567.0,13847.0,3,UPI,False,True,True
C15611,Bengaluru,40,M,10,Basic,Month-to-month,728.0,7153.0,2,UPI,True,False,False
C16958,Bengaluru,47,M,46,Standard,Two year,1034.0,46819.0,0,Cash,True,False,False
C11983,Bengaluru,72,M,45,Premium,One year,1246.0,53313.0,0,Card,False,False,False
C10881,Bengaluru,72,F,13,Standard,Month-to-month,1177.0,15187.0,1,UPI,True,True,True
C15914,Hyderabad,59,M,34,Basic,Month-to-month,703.0,23256.0,2,UPI,True,False,False
C12891,Kochi,51,M,9,Standard,Month-to-month,718.0,6327.0,1,Card,False,False,True
C14224,Pune,22,F,19,Standard,Two year,1121.0,21247.0,1,Card,True,True,False
C16697,Hyderabad,53,M,11,Standard,Month-to-month,1157.0,12418.0,0,Bank transfer,True,True,False
C15905,Chennai,52,F,57,Premium,One year,1229.0,69182.0,0,Card,False,False,False
C15699,Chennai,40,F,36,Premium,Month-to-month,1206.0,41645.0,0,Card,False,False,False
C15741,Hyderabad,49,M,25,Basic,Month-to-month,686.0,16417.0,4,UPI,True,False,False
C11096,Bengaluru,68,F,29,Basic,Month-to-month,404.0,11297.0,0,Bank transfer,False,False,False
C12712,Kochi,28,M,1,Standard,Month-to-month,1185.0,1182.0,0,Bank transfer,True,True,False
C14094,Chennai,66,F,10,Standard,One year,1076.0,10263.0,0,Bank transfer,True,True,False
C12501,Hyderabad,60,M,7,Premium,Month-to-month,1401.0,9350.0,0,Card,False,True,True
C15770,Chennai,30,M,10,Premium,Month-to-month,1541.0,15399.0,1,UPI,True,False,False
C16840,Bengaluru,30,M,69,Basic,One year,455.0,30127.0,1,Cash,False,False,False
C16862,Bengaluru,42,F,22,Basic,Month-to-month,797.0,16667.0,1,UPI,True,True,False
C15115,Bengaluru,47,M,25,Premium,Two year,1625.0,40451.0,1,UPI,True,True,False
C11845,Hyderabad,31,M,29,Basic,Two year,420.0,11618.0,1,Card,False,False,False
C15775,Chennai,42,F,34,Standard,Month-to-month,1073.0,36364.0,0,Cash,True,True,False
C14273,Kochi,23,M,4,Basic,Month-to-month,411.0,1626.0,0,Card,False,False,True
C11917,Hyderabad,40,F,52,Standard,One year,1037.0,53789.0,3,UPI,True,False,False
C15345,Pune,59,M,63,Premium,Two year,1326.0,79608.0,3,Bank transfer,False,True,False
C10203,Chennai,73,F,36,Basic,Month-to-month,843.0,29405.0,1,Card,True,True,False
C16165,Pune,73,M,59,Basic,One year,813.0,47967.0,0,Card,True,True,False
C15461,Hyderabad,53,M,58,Basic,One year,843.0,47597.0,1,Card,True,True,False
C11126,Pune,69,F,67,Basic,One year,413.0,26722.0,1,Card,False,False,False
C15225,Hyderabad,64,F,9,Standard,Month-to-month,696.0,5982.0,0,Bank transfer,False,False,False
C13760,Pune,31,M,17,Basic,Month-to-month,404.0,6770.0,2,Card,False,False,True
C14255,Hyderabad,74,M,36,Standard,One year,922.0,31910.0,0,UPI,False,True,False
C16756,Bengaluru,47,F,3,Premium,Month-to-month,1333.0,3839.0,1,UPI,False,True,False
C15028,Kochi,71,M,8,Standard,Month-to-month,985.0,7727.0,2,Cash,True,False,True
C13243,Hyderabad,52,M,11,Standard,Month-to-month,709.0,7660.0,2,Cash,False,False,True
C13065,Pune,73,F,37,Standard,Month-to-month,1192.0,41920.0,2,Cash,True,True,False
C12115,Kochi,51,F,23,Standard,Month-to-month,998.0,22130.0,1,UPI,True,False,False
C15228,Hyderabad,56,M,12,Basic,Month-to-month,324.0,3815.0,0,Card,False,False,False
C11997,Hyderabad,27,M,6,Standard,One year,674.0,4025.0,0,Card,False,False,False
C13861,Chennai,35,M,30,Premium,One year,1651.0,47414.0,1,Cash,True,True,False
C13645,Kochi,44,M,36,Standard,Two year,997.0,35419.0,1,Card,True,False,False
C11414,Bengaluru,50,M,4,Basic,Month-to-month,406.0,1573.0,3,Card,False,False,True
C14724,Bengaluru,49,F,8,Basic,Month-to-month,828.0,6611.0,0,UPI,True,True,False
C10800,Bengaluru,61,M,44,Standard,One year,976.0,41040.0,1,Bank transfer,True,False,False
C14764,Hyderabad,37,F,32,Basic,Two year,476.0,14777.0,1,Bank transfer,False,False,False
C12021,Chennai,51,M,10,Standard,Month-to-month,1151.0,11093.0,2,Card,True,True,False
C10706,Pune,52,F,28,Standard,Month-to-month,1022.0,27368.0,1,Card,True,False,False
C12014,Hyderabad,39,M,21,Standard,Month-to-month,988.0,19721.0,1,UPI,True,False,False
C13744,Chennai,47,M,8,Basic,One year,688.0,5435.0,2,Card,True,False,False
C11039,Hyderabad,31,M,17,Standard,One year,1008.0,16676.0,2,UPI,True,False,False
C15279,Bengaluru,29,M,12,Standard,Month-to-month,1034.0,12218.0,0,Card,True,False,False
C15249,Bengaluru,28,F,58,Premium,One year,1244.0,71203.0,0,UPI,False,False,False
C14975,Bengaluru,73,M,32,Standard,One year,1081.0,34142.0,1,Card,True,False,False
C14939,Hyderabad,28,M,2,Basic,Month-to-month,719.0,1372.0,0,Card,True,False,False
C13385,Pune,57,M,28,Basic,Month-to-month,844.0,22912.0,1,Card,True,True,False
C14762,Hyderabad,22,F,15,Basic,Month-to-month,731.0,10707.0,1,Card,True,False,False
C10251,Chennai,24,F,63,Premium,Two year,1685.0,103954.0,2,Cash,True,True,True
C15079,Chennai,46,F,15,Standard,Month-to-month,1024.0,15082.0,2,UPI,True,False,False
C11545,Pune,69,F,17,Basic,Month-to-month,661.0,10893.0,1,UPI,True,False,False
C16023,Chennai,29,M,24,Basic,Month-to-month,625.0,14553.0,1,UPI,True,False,False
C15788,Bengaluru,53,F,30,Premium,Month-to-month,1227.0,35724.0,0,Card,False,False,False
C12651,Hyderabad,40,F,25,Standard,Month-to-month,710.0,17649.0,1,UPI,False,False,False
C10905,Chennai,27,F,29,Standard,Month-to-month,993.0,27644.0,1,Card,True,False,False
C11897,Kochi,48,M,34,Standard,One year,630.0,20687.0,3,Cash,False,False,False
C15289,Hyderabad,35,M,53,Basic,Two year,426.0,22205.0,0,UPI,False,False,False
C13703,Hyderabad,38,F,50,Standard,Two year,660.0,31487.0,4,UPI,False,False,False
C10544,Hyderabad,48,F,28,Basic,Month-to-month,617.0,17276.0,0,Bank transfer,False,True,True
C11913,Hyderabad,24,M,15,Standard,Month-to-month,995.0,14487.0,0,UPI,True,False,True
C10506,Hyderabad,45,M,56,Standard,Two year,714.0,38904.0,1,UPI,False,False,False
C16860,Hyderabad,45,F,25,Basic,Month-to-month,432.0,10710.0,2,UPI,False,False,False
C13881,Hyderabad,42,F,59,Basic,Two year,347.0,20195.0,2,UPI,False,False,False
C16158,Pune,42,M,54,Standard,One year,749.0,39128.0,1,UPI,False,False,True
C11907,Chennai,18,F,6,Premium,Month-to-month,1508.0,8726.0,1,UPI,True,False,False
C14287,Pune,39,M,37,Basic,Month-to-month,673.0,24844.0,1,Card,True,False,False
C11652,Kochi,53,F,6,Premium,Month-to-month,1610.0,9602.0,2,UPI,True,True,False
C12105,Chennai,56,M,30,Standard,Month-to-month,1158.0,34106.0,2,UPI,True,True,False
C14801,Hyderabad,34,F,38,Standard,Month-to-month,1043.0,39119.0,1,Bank transfer,True,False,False
C15320,Chennai,33,F,8,Basic,Month-to-month,659.0,5126.0,0,Card,True,False,False
C10672,Bengaluru,71,M,30,Basic,Month-to-month,343.0,9897.0,1,UPI,False,False,False
C13037,Chennai,23,M,29,Premium,One year,1168.0,33013.0,1,UPI,False,False,False
C11682,Hyderabad,70,M,22,Standard,Month-to-month,654.0,14039.0,1,UPI,False,False,False
C16094,Pune,47,F,24,Basic,Month-to-month,686.0,15946.0,1,Card,True,False,False
C11860,Hyderabad,23,F,40,Standard,One year,1254.0,49817.0,1,UPI,True,True,False
C12701,Chennai,56,M,6,Premium,One year,1334.0,7858.0,2,Card,False,True,False
C12704,Chennai,22,M,22,Premium,Month-to-month,1647.0,35166.0,1,Cash,True,True,False
C10867,Hyderabad,66,M,12,Basic,One year,671.0,7869.0,1,Card,True,False,False
C10348,Bengaluru,60,F,45,Standard,Two year,711.0,31887.0,2,UPI,False,False,False
C10847,Kochi,34,M,10,Standard,Month-to-month,1089.0,9534.0,3,UPI,True,True,False
C15187,Chennai,50,F,61,Premium,One year,1471.0,88610.0,0,Card,True,False,False
C15539,Chennai,25,M,39,Basic,Month-to-month,434.0,16237.0,0,Bank transfer,False,False,False
C16734,Pune,74,M,58,Basic,One year,594.0,34363.0,0,Cash,False,True,False
C10138,Hyderabad,24,M,10,Basic,Month-to-month,391.0,3748.0,0,Card,False,False,False
C10325,Pune,60,F,10,Basic,Month-to-month,750.0,7226.0,1,Cash,True,False,False
C14649,Pune,22,F,43,Premium,Two year,1221.0,52254.0,0,UPI,False,False,False
C10053,Chennai,21,F,14,Basic,Month-to-month,738.0,9991.0,2,Cash,True,False,False
C15313,Bengaluru,46,M,42,Standard,One year,685.0,28280.0,1,Bank transfer,False,False,False
C16497,Bengaluru,29,M,58,Standard,Two year,1082.0,61102.0,1,UPI,True,True,False
C15374,Bengaluru,35,M,23,Standard,Two year,1111.0,25105.0,2,Cash,True,True,True
C14348,Hyderabad,42,M,29,Premium,Month-to-month,1352.0,39133.0,0,UPI,False,True,False
C16338,Hyderabad,38,F,5,Standard,Month-to-month,757.0,3773.0,0,Bank transfer,False,False,False
C12686,Kochi,25,F,56,Standard,One year,820.0,44142.0,0,Cash,False,True,False
C12375,Hyderabad,59,F,28,Standard,Month-to-month,1015.0,27149.0,1,Cash,True,False,True
C11433,Chennai,71,F,19,Basic,One year,825.0,15015.0,3,Cash,True,True,False
C12147,Bengaluru,67,F,52,Premium,One year,1185.0,58643.0,1,Cash,False,False,False
C12376,Hyderabad,55,F,61,Basic,One year,528.0,32208.0,1,Cash,False,True,False
C12393,Bengaluru,66,F,35,Standard,Month-to-month,660.0,22305.0,2,Cash,False,False,False
C11538,Pune,26,M,19,Basic,Month-to-month,832.0,15196.0,1,UPI,True,True,False
C10999,Hyderabad,19,M,6,Premium,Month-to-month,1647.0,9467.0,0,Bank transfer,True,True,False
C15513,Hyderabad,63,M,18,Basic,Month-to-month,722.0,12889.0,0,Card,True,False,False
C10314,Bengaluru,26,F,5,Basic,Month-to-month,381.0,1866.0,3,UPI,False,False,True
C11163,Kochi,53,M,53,Premium,Two year,1388.0,70758.0,0,UPI,False,True,False
C14823,Bengaluru,30,M,20,Basic,Two year,747.0,14312.0,1,Card,True,False,False
C13332,Pune,68,F,20,Standard,One year,804.0,15876.0,0,UPI,False,True,False
C13447,Chennai,22,M,36,Standard,Two year,887.0,31870.0,1,Bank transfer,False,True,False
C16590,Chennai,71,M,28,Premium,Two year,1490.0,41204.0,0,Bank transfer,True,False,False
C16744,Chennai,18,M,38,Basic,Month-to-month,857.0,31002.0,0,UPI,True,True,True
C12980,Kochi,70,F,17,Basic,Two year,375.0,6366.0,0,UPI,False,False,False
C15669,Chennai,49,F,62,Basic,Two year,793.0,46968.0,3,Card,True,True,False
C11579,Bengaluru,37,M,28,Standard,Month-to-month,1109.0,30167.0,1,UPI,True,True,False
C16515,Hyderabad,68,F,70,Basic,One year,903.0,60238.0,4,UPI,True,True,False
C12886,Bengaluru,25,F,43,Basic,Two year,719.0,30772.0,0,UPI,True,False,False
C10182,Hyderabad,73,M,55,Basic,Two year,581.0,30658.0,2,Card,False,True,False
C12422,Pune,45,M,14,Basic,Two year,526.0,7236.0,1,Card,False,True,False
C15859,Hyderabad,40,F,24,Basic,Two year,680.0,15844.0,1,UPI,True,False,False
C15130,Chennai,49,F,6,Basic,Month-to-month,668.0,3927.0,1,Cash,True,False,False
C16245,Chennai,27,M,8,Basic,Two year,787.0,6279.0,1,Bank transfer,True,True,False
C14885,Chennai,56,M,13,Basic,Month-to-month,801.0,9980.0,1,Card,True,True,False
C14453,Chennai,70,M,55,Basic,One year,709.0,37058.0,3,UPI,True,False,False
C10941,Pune,61,M,46,Basic,One year,826.0,36918.0,1,Card,True,True,False
C14268,Pune,51,F,43,Basic,Two year,489.0,20580.0,2,Cash,False,True,False
C12421,Pune,53,M,71,Premium,Two year,1195.0,81095.0,1,UPI,False,False,False
C13641,Hyderabad,62,M,57,Premium,Two year,1200.0,67317.0,0,Card,False,False,False
C12535,Chennai,52,F,13,Standard,One year,1043.0,12934.0,0,Card,True,False,False
C12844,Hyderabad,70,F,30,Standard,Month-to-month,1125.0,33100.0,2,Cash,True,True,False
C12276,Kochi,47,M,53,Basic,Two year,803.0,41249.0,0,Card,True,True,False
C13417,Chennai,74,M,7,Basic,Two year,389.0,2603.0,0,UPI,False,False,False
C14509,Kochi,37,F,33,Standard,Month-to-month,642.0,20756.0,1,Cash,False,False,False
C10593,Pune,64,F,38,Standard,Month-to-month,1021.0,37627.0,1,Card,True,False,False
C10469,Pune,23,F,25,Premium,One year,1683.0,41340.0,1,Card,True,True,False
C14821,Chennai,45,M,27,Premium,Month-to-month,1600.0,42619.0,2,Cash,True,True,False
C14887,Kochi,44,M,22,Basic,Month-to-month,524.0,11008.0,4,Cash,False,True,False
C16893,Chennai,72,M,18,Basic,Two year,693.0,12181.0,2,UPI,True,False,False
C12369,Chennai,45,M,26,Standard,Month-to-month,1132.0,29374.0,3,Card,True,True,False
C16362,Bengaluru,32,M,31,Standard,Month-to-month,1099.0,33771.0,1,Cash,True,True,False
C12396,Bengaluru,70,M,12,Standard,Month-to-month,974.0,11257.0,0,Bank transfer,True,False,False
C13739,Hyderabad,21,F,36,Premium,Month-to-month,1537.0,52654.0,1,Card,True,False,False
C13468,Bengaluru,29,M,30,Standard,One year,717.0,21097.0,3,UPI,False,False,False
C12273,Bengaluru,34,M,35,Standard,Month-to-month,997.0,34104.0,2,Card,True,False,False
C15743,Hyderabad,59,F,31,Basic,Month-to-month,346.0,10551.0,2,UPI,False,False,False
C12955,Bengaluru,52,F,25,Basic,Month-to-month,369.0,9054.0,2,Cash,False,False,True
C15962,Bengaluru,42,M,35,Basic,Month-to-month,625.0,20875.0,1,Cash,False,True,False
C10164,Hyderabad,30,M,65,Basic,One year,336.0,21055.0,0,UPI,False,False,False
C11484,Kochi,47,M,27,Standard,Month-to-month,925.0,24975.0,0,Card,True,False,False
C14346,Bengaluru,48,F,22,Basic,Month-to-month,601.0,13129.0,1,Card,False,True,True
C15180,Hyderabad,32,M,38,Standard,Month-to-month,823.0,31438.0,1,Card,False,True,False
C14734,Hyderabad,35,M,19,Standard,Month-to-month,869.0,16092.0,2,Card,False,True,False
C14495,Hyderabad,74,F,15,Standard,Month-to-month,1051.0,15380.0,1,UPI,True,False,False
C14897,Kochi,47,F,37,Premium,Month-to-month,1526.0,55191.0,2,UPI,True,False,False
C11968,Hyderabad,73,F,38,Premium,Month-to-month,1495.0,54369.0,0,Bank transfer,True,False,False
C16528,Hyderabad,57,F,19,Basic,Month-to-month,659.0,12043.0,0,UPI,True,False,False
C14124,Chennai,64,M,6,Basic,Month-to-month,735.0,4342.0,2,Card,True,False,True
C14737,Chennai,59,F,32,Standard,Month-to-month,989.0,31526.0,1,UPI,True,False,True
C13293,Bengaluru,25,M,71,Basic,Two year,665.0,46672.0,2,Card,True,False,False
C15022,Bengaluru,24,M,35,Basic,Two year,823.0,27901.0,0,Card,True,True,False
C12243,Chennai,52,M,36,Standard,Month-to-month,1126.0,40333.0,1,UPI,True,True,False
C16390,Hyderabad,19,M,39,Basic,Month-to-month,645.0,24188.0,0,UPI,True,False,False
C11060,Kochi,32,F,23,Standard,One year,666.0,15027.0,2,UPI,False,False,False
C14547,Bengaluru,23,F,51,Standard,One year,964.0,47572.0,1,Bank transfer,True,False,False
C12427,Hyderabad,21,F,44,Basic,One year,505.0,21161.0,2,Card,False,False,False
C12762,Hyderabad,30,F,19,Premium,Month-to-month,1146.0,21354.0,1,UPI,False,False,False
C12174,Bengaluru,24,M,11,Premium,Month-to-month,1354.0,14894.0,1,Bank transfer,False,True,False
C12226,Hyderabad,65,F,58,Basic,Two year,564.0,31289.0,2,Card,False,True,False
C13419,Hyderabad,35,M,51,Standard,One year,1108.0,54074.0,3,Card,True,True,False
C11931,Pune,70,F,6,Basic,Month-to-month,358.0,2142.0,0,Bank transfer,False,False,True
C11824,Hyderabad,38,M,18,Premium,One year,1498.0,25932.0,0,Bank transfer,True,False,False
C13663,Chennai,63,M,22,Basic,Month-to-month,386.0,8469.0,1,Card,False,False,False
C16815,Chennai,28,M,26,Standard,Month-to-month,1203.0,30401.0,1,Card,True,True,False
C13329,Bengaluru,24,F,54,Premium,Two year,1231.0,63949.0,0,UPI,False,False,False
C14475,Hyderabad,20,M,22,Basic,Month-to-month,367.0,7877.0,3,UPI,False,False,True
C14631,Chennai,49,M,22,Premium,Month-to-month,1655.0,35325.0,0,Cash,True,True,False
C11761,Bengaluru,32,F,25,Standard,Month-to-month,625.0,15593.0,0,Cash,False,False,False
C11574,Kochi,43,M,64,Standard,One year,1042.0,64224.0,2,UPI,True,False,False
C14447,Hyderabad,73,F,69,Standard,Two year,1007.0,66950.0,3,UPI,True,False,False
C14389,Bengaluru,45,F,8,Standard,Month-to-month,681.0,5260.0,1,UPI,False,False,True
C15997,Chennai,50,M,10,Basic,Month-to-month,526.0,5171.0,0,Bank transfer,False,True,False
C15264,Hyderabad,18,F,37,Standard,One year,1007.0,37084.0,0,UPI,True,False,False
C11115,Bengaluru,33,F,12,Basic,One year,321.0,3677.0,1,Cash,False,False,False
C16250,Hyderabad,49,M,6,Basic,Two year,698.0,4046.0,1,UPI,True,False,False
C13070,Hyderabad,50,F,35,Basic,Month-to-month,793.0,27312.0,2,Card,True,True,True
C13662,Chennai,27,F,26,Basic,One year,881.0,21943.0,2,Card,True,True,False
C16184,Pune,32,M,33,Premium,Two year,1704.0,56134.0,2,Bank transfer,True,True,False
C11227,Hyderabad,19,F,9,Basic,Month-to-month,441.0,3803.0,1,UPI,False,False,True
C14186,Bengaluru,38,F,28,Basic,One year,716.0,19811.0,2,UPI,True,False,False
C15055,Pune,61,F,11,Basic,One year,763.0,8016.0,1,UPI,True,False,False
C13206,Hyderabad,63,M,3,Standard,Month-to-month,1003.0,2986.0,3,UPI,True,False,True
C12571,Bengaluru,64,F,35,Standard,Two year,683.0,23208.0,1,UPI,False,False,False
C10000,Bengaluru,27,M,26,Standard,Two year,849.0,22026.0,1,Bank transfer,False,True,False
C11645,Hyderabad,27,M,25,Standard,Month-to-month,1044.0,25958.0,2,UPI,True,False,True
C13497,Chennai,58,M,21,Standard,Two year,838.0,16720.0,0,UPI,False,True,False
C10682,Bengaluru,39,M,12,Premium,Two year,1497.0,17683.0,0,Cash,True,False,False
C16305,Chennai,48,M,29,Premium,Two year,1508.0,43301.0,1,Card,True,False,False
C10381,Chennai,57,F,7,Basic,Month-to-month,405.0,2813.0,2,UPI,False,False,False
C11491,Pune,38,F,12,Premium,Month-to-month,1468.0,17495.0,0,Cash,True,False,False
C15468,Pune,21,F,2,Basic,Month-to-month,769.0,1507.0,2,Card,True,False,True
C14041,Bengaluru,57,M,13,Standard,Month-to-month,999.0,12802.0,1,UPI,True,False,False
C15347,Hyderabad,67,M,35,Basic,Month-to-month,848.0,28796.0,0,Cash,True,True,True
C14722,Kochi,53,M,31,Premium,One year,1241.0,36973.0,1,Cash,False,False,False
C15011,Kochi,44,F,6,Standard,Month-to-month,1179.0,6925.0,0,Card,True,True,True
C10704,Pune,31,M,9,Standard,Month-to-month,1149.0,9846.0,3,Cash,True,True,True
C16211,Chennai,42,M,9,Standard,Month-to-month,668.0,5873.0,3,Card,False,False,False
C10618,Hyderabad,39,M,19,Standard,Two year,1029.0,18738.0,2,UPI,True,False,False
C16048,Kochi,25,F,17,Standard,One year,696.0,11525.0,1,UPI,False,False,False
C11644,Pune,30,F,31,Premium,Month-to-month,1411.0,42018.0,2,Bank transfer,False,True,False
C11509,Chennai,18,M,6,Basic,One year,446.0,2661.0,3,Card,False,False,False
C15517,Bengaluru,22,F,65,Premium,Two year,1484.0,94239.0,1,UPI,True,False,False
C14415,Chennai,40,F,70,Standard,One year,872.0,59311.0,1,Card,False,True,False
C10223,Hyderabad,53,M,23,Standard,Month-to-month,999.0,22504.0,0,UPI,True,False,False
C16536,Hyderabad,29,F,2,Standard,Month-to-month,672.0,1313.0,2,UPI,False,False,False
C14309,Bengaluru,74,F,50,Standard,One year,968.0,47891.0,1,Cash,True,False,False
C10572,Chennai,53,F,25,Standard,Month-to-month,1129.0,26904.0,1,UPI,True,True,False
C13592,Hyderabad,32,M,62,Premium,Two year,1549.0,91712.0,1,UPI,True,False,False
C10077,Bengaluru,36,M,61,Standard,One year,1115.0,65696.0,2,Card,True,True,False
C16219,Bengaluru,29,M,31,Standard,Month-to-month,744.0,22277.0,1,UPI,False,False,True
C11024,Hyderabad,62,M,59,Basic,Two year,522.0,30227.0,2,UPI,False,True,False
C15508,Pune,43,M,33,Standard,Two year,944.0,30560.0,3,Bank transfer,True,False,False
C10439,Hyderabad,51,F,34,Premium,One year,1140.0,37490.0,2,Cash,False,False,False
C16628,Bengaluru,21,M,50,Standard,One year,678.0,33163.0,1,UPI,False,False,False
C12684,Hyderabad,36,F,53,Basic,One year,580.0,30258.0,0,UPI,False,True,False
C13505,Chennai,32,F,48,Standard,One year,1142.0,53244.0,2,Bank transfer,True,True,False
C10342,Chennai,27,M,18,Premium,Month-to-month,1580.0,27619.0,1,UPI,True,False,True
C15128,Chennai,22,M,38,Standard,Month-to-month,1197.0,45393.0,0,UPI,True,True,False
C10474,Hyderabad,19,M,26,Standard,Two year,1068.0,26941.0,2,Card,True,False,False
C13623,Bengaluru,71,M,31,Standard,Month-to-month,699.0,21258.0,1,UPI,False,False,False
C12345,Kochi,72,F,18,Standard,One year,979.0,17029.0,1,UPI,True,False,False
C12593,Chennai,28,M,26,Standard,Month-to-month,1177.0,29726.0,2,UPI,True,True,True
C12591,Bengaluru,34,M,10,Basic,Month-to-month,759.0,7557.0,2,UPI,True,False,False
C16687,Chennai,36,F,44,Premium,Two year,1265.0,53406.0,0,Card,False,False,False
C13886,Chennai,24,F,59,Standard,One year,954.0,55822.0,2,Card,True,False,False
C12642,Kochi,60,F,20,Basic,Month-to-month,687.0,13422.0,1,UPI,True,False,False
C11858,Pune,19,M,64,Standard,Two year,783.0,47857.0,0,Card,False,True,False
C12860,Hyderabad,58,M,24,Standard,Month-to-month,1134.0,26798.0,1,UPI,True,True,False
C10490,Pune,74,M,7,Premium,Month-to-month,1209.0,8330.0,2,Card,False,False,True
C16414,Pune,35,F,25,Premium,Month-to-month,1197.0,28847.0,1,UPI,False,False,False
C13680,Bengaluru,35,F,21,Premium,Month-to-month,1183.0,23930.0,0,UPI,False,False,True
C16235,Hyderabad,18,F,36,Basic,Month-to-month,649.0,22834.0,0,UPI,True,False,False
C10373,Hyderabad,23,F,16,Premium,Month-to-month,1390.0,22052.0,0,Card,False,True,False
C12442,Bengaluru,74,M,1,Standard,Month-to-month,988.0,986.0,2,Cash,True,False,True
C15027,Pune,40,M,38,Premium,One year,1167.0,43230.0,1,Bank transfer,False,False,False
C10685,Hyderabad,58,F,12,Basic,Two year,524.0,6234.0,0,Card,False,True,False
C16748,Bengaluru,73,M,8,Standard,Two year,675.0,5134.0,1,UPI,False,False,False
C10254,Hyderabad,32,F,4,Basic,Month-to-month,847.0,3356.0,2,UPI,True,True,False
C16167,Bengaluru,32,F,27,Standard,One year,1165.0,30144.0,2,Card,True,True,False
C10001,Chennai,45,M,6,Basic,Month-to-month,458.0,2721.0,3,Card,False,False,True
C16948,Chennai,41,M,30,Basic,Two year,667.0,20010.0,3,Bank transfer,True,False,False
C11874,Chennai,49,F,38,Standard,Month-to-month,680.0,24895.0,1,Bank transfer,False,False,False
C16445,Hyderabad,18,F,1,Premium,Month-to-month,1488.0,1450.0,2,Card,True,False,True
C12456,Chennai,27,M,23,Basic,One year,454.0,10054.0,0,UPI,False,False,False
C11222,Hyderabad,19,M,71,Standard,One year,814.0,55015.0,2,Card,False,True,False
C13731,Hyderabad,61,M,36,Basic,One year,715.0,24835.0,4,Cash,True,False,False
C10295,Hyderabad,70,M,28,Standard,Month-to-month,1100.0,30176.0,0,Card,True,True,False
C10709,Chennai,59,M,39,Premium,Two year,1175.0,45693.0,1,UPI,False,False,False
C12059,Chennai,33,F,30,Basic,Month-to-month,651.0,18829.0,2,UPI,True,False,False
C14736,Hyderabad,72,F,20,Premium,Month-to-month,1388.0,27383.0,0,Card,False,True,True
C16691,Pune,69,M,38,Standard,Month-to-month,1022.0,38647.0,2,UPI,True,False,False
C15963,Hyderabad,59,M,52,Standard,Two year,969.0,50147.0,4,UPI,True,False,False
C15429,Hyderabad,33,M,50,Standard,Two year,853.0,41743.0,4,Card,False,True,False
C13495,Chennai,60,M,25,Standard,Month-to-month,1066.0,25382.0,0,Card,True,False,False
C12329,Hyderabad,62,M,1,Basic,Month-to-month,708.0,675.0,2,Bank transfer,True,False,False
C15832,Chennai,28,F,31,Premium,Two year,1673.0,50836.0,4,Cash,True,True,False
C12994,Bengaluru,51,M,20,Basic,Month-to-month,707.0,13829.0,1,UPI,True,False,False
C16609,Chennai,64,F,16,Standard,Month-to-month,658.0,10291.0,1,Card,False,False,False
C15934,Chennai,30,M,2,Basic,Month-to-month,702.0,1344.0,0,Card,True,False,True
C12970,Bengaluru,35,F,13,Standard,One year,721.0,9294.0,0,Cash,False,False,True
C12666,Pune,44,F,24,Basic,Month-to-month,637.0,14754.0,1,Bank transfer,True,False,True
C16137,Bengaluru,32,M,17,Standard,Month-to-month,973.0,16117.0,0,Cash,True,False,False
C11862,Hyderabad,33,M,32,Basic,One year,539.0,16403.0,1,Card,False,True,False
C11942,Hyderabad,19,M,2,Basic,Month-to-month,531.0,1037.0,0,UPI,False,True,True
C11351,Pune,42,M,59,Standard,Two year,963.0,56401.0,4,Cash,True,False,False
C15606,Bengaluru,42,M,23,Premium,One year,1592.0,35584.0,3,Cash,True,True,False
C15697,Hyderabad,35,M,21,Basic,Month-to-month,892.0,18585.0,2,UPI,True,True,True
C10189,Hyderabad,62,F,3,Basic,Month-to-month,583.0,1683.0,1,Bank transfer,False,True,False
C13594,Hyderabad,31,F,45,Basic,One year,669.0,29514.0,1,Cash,True,False,False
C16348,Bengaluru,28,F,30,Basic,Month-to-month,399.0,11744.0,2,UPI,False,False,True
C11372,Bengaluru,50,M,4,Basic,Month-to-month,683.0,2595.0,2,Card,True,False,False
C11295,Bengaluru,19,M,17,Basic,One year,826.0,13453.0,0,Card,True,True,False
C12485,Pune,49,F,20,Basic,Month-to-month,846.0,16717.0,2,Cash,True,True,True
C10555,Hyderabad,52,M,6,Standard,Month-to-month,971.0,5751.0,1,UPI,True,False,False
C15935,Pune,47,M,69,Basic,One year,343.0,23584.0,0,Bank transfer,False,False,False
C11110,Kochi,33,F,14,Standard,Month-to-month,1146.0,16044.0,1,Cash,True,True,True
C11188,Bengaluru,37,M,20,Standard,One year,962.0,18616.0,0,Card,True,False,False
C15987,Hyderabad,48,F,28,Premium,Month-to-month,1672.0,45841.0,1,UPI,True,True,False
C13719,Pune,73,F,46,Standard,One year,737.0,33146.0,1,UPI,False,False,False
C15216,Bengaluru,20,F,14,Standard,Month-to-month,1112.0,15226.0,2,Card,True,True,False
C13627,Hyderabad,68,F,40,Basic,One year,402.0,15923.0,1,Cash,False,False,True
C14793,Hyderabad,50,F,16,Standard,Month-to-month,946.0,14795.0,2,UPI,True,False,False
C11217,Chennai,51,F,9,Basic,Month-to-month,815.0,7031.0,3,UPI,True,True,True
C15981,Hyderabad,52,M,13,Premium,Two year,1182.0,14974.0,1,UPI,False,False,False
C13827,Bengaluru,62,M,68,Standard,One year,987.0,66701.0,1,Bank transfer,True,False,False
C10987,Chennai,73,M,24,Basic,Month-to-month,809.0,19232.0,1,Bank transfer,True,True,False
C14422,Pune,37,M,9,Standard,Month-to-month,1145.0,9896.0,0,Card,True,True,False
C12047,Hyderabad,65,M,29,Premium,Two year,1474.0,40993.0,2,UPI,True,False,False
C15275,Chennai,44,M,16,Basic,Month-to-month,715.0,11020.0,1,UPI,True,False,False
C11707,Chennai,26,F,27,Standard,Month-to-month,1021.0,27141.0,2,Bank transfer,True,False,True
C15650,Bengaluru,47,F,48,Basic,One year,410.0,18856.0,1,Bank transfer,False,False,False
C10667,Hyderabad,64,F,22,Premium,Month-to-month,1556.0,34163.0,0,UPI,True,False,False
C14969,Hyderabad,25,M,30,Basic,Month-to-month,399.0,11816.0,2,Bank transfer,False,False,True
C12423,Pune,21,F,69,Basic,One year,715.0,47969.0,2,Card,True,False,False
C10056,Pune,63,M,65,Basic,One year,854.0,53352.0,1,UPI,True,True,False
C13694,Hyderabad,48,F,28,Premium,One year,1657.0,44794.0,3,Card,True,True,False
C11053,Chennai,22,F,14,Basic,Month-to-month,433.0,5777.0,2,UPI,False,False,True
C12528,Bengaluru,72,M,23,Basic,Month-to-month,711.0,16060.0,0,Card,True,False,False
C13034,Hyderabad,43,F,20,Basic,Month-to-month,721.0,14416.0,1,Bank transfer,True,False,True
C15598,Pune,45,F,13,Basic,One year,584.0,7518.0,0,Bank transfer,False,True,False
C13420,Bengaluru,20,F,27,Premium,Two year,1612.0,42112.0,0,UPI,True,True,False
C14093,Kochi,34,M,24,Premium,Month-to-month,1496.0,35836.0,1,Cash,True,False,True
C10703,Bengaluru,47,F,26,Basic,Two year,525.0,13606.0,0,UPI,False,True,False
C12768,Chennai,66,M,21,Basic,Month-to-month,671.0,14091.0,2,UPI,True,False,False
C13557,Bengaluru,55,F,38,Standard,Month-to-month,1138.0,42327.0,1,Bank transfer,True,True,False
C10016,Bengaluru,56,F,40,Standard,Two year,1044.0,41026.0,0,UPI,True,False,False
C15530,Hyderabad,21,F,7,Standard,One year,977.0,6627.0,0,Card,True,False,False
C16123,Bengaluru,33,F,16,Basic,Month-to-month,393.0,6015.0,1,Cash,False,False,False
C10134,Chennai,22,M,35,Standard,Month-to-month,673.0,23476.0,3,UPI,False,False,True
C14097,Hyderabad,58,F,16,Standard,Month-to-month,1111.0,17776.0,1,Card,True,True,False
C10437,Hyderabad,65,F,25,Basic,Two year,578.0,13830.0,2,UPI,False,True,False
C13634,Bengaluru,69,M,23,Standard,Month-to-month,1171.0,25952.0,2,UPI,True,True,False
C16873,Hyderabad,66,M,18,Standard,Month-to-month,757.0,13545.0,1,UPI,False,False,True
C16864,Bengaluru,68,M,38,Standard,Month-to-month,992.0,36553.0,2,UPI,True,False,False
C13758,Hyderabad,56,F,25,Standard,One year,964.0,23004.0,1,UPI,True,False,False
C10444,Hyderabad,54,M,35,Basic,Month-to-month,723.0,25300.0,1,Bank transfer,True,False,False
C12566,Hyderabad,61,F,19,Standard,Two year,695.0,13137.0,0,Card,False,False,False
C13239,Bengaluru,63,M,35,Premium,One year,1629.0,55830.0,1,Bank transfer,True,True,False
C12747,Hyderabad,40,F,37,Basic,One year,878.0,30967.0,2,UPI,True,True,False
C15441,Bengaluru,60,F,25,Basic,Two year,735.0,17601.0,1,Card,True,False,False
C14663,Chennai,69,M,53,Premium,Two year,1504.0,76795.0,1,Card,True,False,False
C12256,Chennai,26,M,15,Standard,Month-to-month,839.0,12439.0,1,Card,False,True,True
C11191,Kochi,41,M,53,Premium,Two year,1503.0,77845.0,4,Card,True,False,False
C11086,Chennai,45,F,4,Premium,Month-to-month,1236.0,4884.0,1,UPI,False,False,True
C10425,Pune,25,M,35,Premium,Month-to-month,1672.0,56252.0,1,Card,True,True,False
C13982,Kochi,40,F,48,Basic,One year,464.0,21819.0,3,Cash,False,False,False
C11113,Bengaluru,61,M,26,Basic,Month-to-month,659.0,16884.0,1,Card,True,False,False
C10274,Bengaluru,28,M,14,Premium,Month-to-month,1701.0,23249.0,1,UPI,True,True,False
C16201,Chennai,53,F,4,Basic,Month-to-month,692.0,2751.0,0,UPI,True,False,False
C11180,Pune,52,F,26,Basic,Month-to-month,332.0,8331.0,1,Card,False,False,False
C15561,Pune,31,F,61,Basic,One year,842.0,51032.0,3,Bank transfer,True,True,False
C13666,Kochi,38,F,30,Standard,Month-to-month,1132.0,32763.0,0,Bank transfer,True,True,False
C12523,Bengaluru,72,M,35,Standard,Month-to-month,1195.0,41825.0,1,UPI,True,True,True
C15794,Kochi,20,M,9,Premium,Month-to-month,1532.0,13361.0,0,Bank transfer,True,False,False
C13064,Hyderabad,57,M,7,Premium,Month-to-month,1496.0,10357.0,1,Bank transfer,True,False,True
C13624,Bengaluru,69,F,34,Basic,Two year,641.0,21047.0,2,Cash,True,False,False
C11535,Hyderabad,28,M,30,Premium,One year,1125.0,33408.0,1,Bank transfer,False,False,False
C13817,Hyderabad,52,M,34,Basic,Month-to-month,525.0,17157.0,1,UPI,False,True,True
C15103,Kochi,20,M,21,Standard,Month-to-month,817.0,16749.0,1,Cash,False,True,False
C16939,Kochi,21,F,6,Premium,One year,1138.0,6813.0,2,Cash,False,False,False
C12695,Kochi,45,M,50,Basic,One year,422.0,20914.0,3,Card,False,False,False
C13835,Bengaluru,23,M,24,Premium,Month-to-month,1655.0,38608.0,1,Bank transfer,True,True,False
C15250,Pune,23,F,44,Standard,One year,1028.0,44285.0,0,UPI,True,False,False
C15339,Bengaluru,66,M,48,Standard,One year,725.0,33497.0,0,Card,False,False,False
C13895,Pune,69,F,20,Premium,Month-to-month,1510.0,28793.0,0,Card,True,False,False
C16139,Hyderabad,57,M,71,Basic,One year,539.0,37515.0,2,Card,False,True,False
C10870,Chennai,19,M,25,Premium,Month-to-month,1660.0,40411.0,1,Card,True,True,False
C15593,Bengaluru,28,M,22,Standard,Month-to-month,734.0,15373.0,0,Bank transfer,False,False,False
C15233,Hyderabad,55,F,62,Standard,Two year,856.0,50697.0,2,Card,False,True,False
C14961,Chennai,29,M,37,Basic,Month-to-month,847.0,29960.0,2,UPI,True,True,False
C10767,Pune,52,M,38,Standard,Month-to-month,850.0,30985.0,0,Cash,False,True,False
C11953,Hyderabad,52,M,60,Standard,One year,1015.0,58954.0,4,Card,True,False,False
C16852,Hyderabad,47,M,29,Premium,Two year,1124.0,31129.0,0,Bank transfer,False,False,False
C12237,Hyderabad,43,F,33,Premium,Month-to-month,1498.0,48113.0,1,UPI,True,False,False
C11204,Bengaluru,45,F,5,Basic,Month-to-month,650.0,3231.0,1,Card,True,False,False
C14275,Chennai,61,M,34,Basic,Month-to-month,845.0,27988.0,1,Card,True,True,False
C16885,Chennai,20,F,16,Basic,Month-to-month,851.0,13194.0,2,Cash,True,True,False
C11121,Hyderabad,58,F,16,Standard,Month-to-month,1214.0,19156.0,2,UPI,True,True,False
C15874,Hyderabad,32,M,12,Standard,Month-to-month,693.0,8005.0,2,Card,False,False,True
C12902,Hyderabad,24,M,20,Basic,Month-to-month,722.0,14163.0,3,Card,True,False,False
C11961,Hyderabad,63,M,13,Basic,Month-to-month,658.0,8184.0,2,Cash,True,False,False
C16803,Pune,71,F,9,Standard,One year,854.0,7657.0,2,Cash,False,True,False
C13473,Chennai,69,F,39,Standard,One year,662.0,24727.0,3,Cash,False,False,False
C13776,Hyderabad,22,F,19,Premium,One year,1553.0,28759.0,2,Card,True,False,False
C10863,Chennai,30,M,9,Premium,Month-to-month,1214.0,10792.0,2,Card,False,False,False
C15043,Chennai,32,F,30,Standard,Month-to-month,970.0,28843.0,0,UPI,True,False,True
C12722,Chennai,37,M,49,Premium,One year,1499.0,70812.0,2,Card,True,False,False
C15712,Hyderabad,36,M,22,Premium,Month-to-month,1479.0,31960.0,1,Card,True,False,True
C14441,Bengaluru,21,F,12,Standard,Month-to-month,762.0,8997.0,2,Cash,False,False,False
C16280,Hyderabad,70,F,40,Standard,One year,677.0,26547.0,1,Card,False,False,False
C11274,Chennai,37,F,25,Basic,Month-to-month,563.0,13930.0,1,UPI,False,True,True
C11319,Chennai,40,M,20,Standard,Month-to-month,1156.0,22421.0,1,UPI,True,True,False
C10050,Hyderabad,46,F,32,Basic,Month-to-month,600.0,19109.0,2,UPI,False,True,False
C16133,Hyderabad,21,M,56,Basic,Two year,764.0,41749.0,1,UPI,True,False,False
C15064,Bengaluru,46,M,25,Basic,One year,714.0,17352.0,1,Card,True,False,False
C14216,Bengaluru,26,M,50,Basic,One year,861.0,42677.0,0,Card,True,True,False
C16560,Hyderabad,39,M,36,Premium,Month-to-month,1519.0,53149.0,3,UPI,True,False,True
C11316,Hyderabad,35,M,25,Premium,Month-to-month,1602.0,39434.0,2,Card,True,True,False
C10074,Pune,73,M,18,Basic,Month-to-month,508.0,8830.0,1,UPI,False,True,False
C11967,Kochi,58,M,33,Premium,Two year,1650.0,53379.0,1,Card,True,True,False
C15488,Hyderabad,70,M,29,Standard,Month-to-month,1115.0,32223.0,1,Card,True,True,False
C11216,Kochi,64,F,35,Standard,Month-to-month,765.0,26670.0,0,Cash,False,False,True
C14092,Bengaluru,55,M,26,Standard,Month-to-month,677.0,17297.0,1,UPI,False,False,False
C10843,Chennai,36,M,5,Basic,Month-to-month,433.0,2063.0,0,Card,False,False,False
C12338,Bengaluru,43,M,37,Basic,Month-to-month,815.0,29146.0,1,Card,True,True,False
C12740,Pune,44,M,42,Basic,Two year,898.0,35861.0,2,UPI,True,True,False
C15976,Hyderabad,70,M,25,Standard,Month-to-month,763.0,18903.0,2,Bank transfer,False,False,False
C11285,Hyderabad,36,F,29,Standard,Month-to-month,992.0,28260.0,2,Cash,True,False,True
C11994,Pune,61,F,8,Premium,Month-to-month,1524.0,12047.0,2,Card,True,False,True
C10478,Bengaluru,50,F,1,Standard,Month-to-month,1067.0,1016.0,2,Cash,True,False,True
C13461,Bengaluru,22,M,52,Standard,One year,1013.0,51578.0,1,Bank transfer,True,False,False
C14665,Bengaluru,22,F,23,Basic,One year,794.0,18200.0,0,Bank transfer,True,True,False
C15666,Bengaluru,56,F,36,Standard,Month-to-month,849.0,30235.0,4,UPI,False,True,False
C14170,Hyderabad,72,M,26,Standard,Month-to-month,1142.0,29528.0,0,UPI,True,True,False
C15306,Hyderabad,27,F,71,Premium,One year,1202.0,85342.0,2,Card,False,False,False
C10574,Hyderabad,51,M,5,Standard,Month-to-month,1166.0,5591.0,1,Card,True,True,False
C11456,Kochi,30,M,21,Basic,Month-to-month,383.0,7850.0,0,Card,False,False,False
C15899,Chennai,67,M,6,Basic,Two year,673.0,3914.0,3,Bank transfer,True,False,False
C13668,Pune,59,M,49,Standard,Two year,1124.0,53911.0,1,Cash,True,True,False
C15131,Hyderabad,25,F,58,Basic,Two year,699.0,38832.0,2,Card,True,False,False
C15885,Pune,64,F,9,Basic,Month-to-month,702.0,6235.0,1,Bank transfer,True,False,False
C14076,Pune,62,F,34,Standard,Month-to-month,663.0,22262.0,1,Cash,False,False,True
C15971,Hyderabad,39,M,64,Basic,One year,746.0,47226.0,1,UPI,True,False,False
C12365,Hyderabad,62,M,51,Premium,One year,1289.0,62787.0,0,UPI,False,True,False
C15059,Bengaluru,29,F,62,Standard,One year,929.0,56474.0,1,Card,False,True,False
C10654,Bengaluru,41,M,25,Basic,One year,408.0,10058.0,2,Cash,False,False,False
C15116,Hyderabad,74,M,17,Standard,Two year,1026.0,17026.0,1,UPI,True,False,False
C13806,Bengaluru,60,M,22,Basic,Month-to-month,798.0,16787.0,1,UPI,True,True,True
C16806,Bengaluru,34,F,31,Standard,Month-to-month,835.0,25885.0,1,UPI,False,True,True
C13740,Bengaluru,72,F,6,Basic,One year,703.0,4153.0,1,Card,True,False,True
C11233,Hyderabad,65,F,22,Basic,Month-to-month,677.0,14424.0,1,Card,True,False,False
C12309,Bengaluru,62,F,2,Standard,Month-to-month,897.0,1762.0,3,Card,False,True,True
C15299,Bengaluru,36,F,60,Standard,Two year,833.0,48763.0,1,UPI,False,True,False
C14007,Hyderabad,48,M,45,Premium,Two year,1346.0,60562.0,2,Bank transfer,False,True,False
C14997,Pune,38,F,6,Premium,Two year,1459.0,8499.0,4,Card,True,False,False
C13718,Kochi,22,M,29,Basic,Month-to-month,377.0,10928.0,1,UPI,False,False,False
C12561,Bengaluru,54,M,28,Basic,Month-to-month,657.0,18007.0,1,Bank transfer,True,False,False
C13384,Bengaluru,26,F,5,Basic,Month-to-month,583.0,2831.0,2,Cash,False,True,True
C10440,Pune,50,F,39,Premium,One year,1546.0,59874.0,2,UPI,True,False,False
C10983,Hyderabad,48,M,40,Basic,Two year,688.0,26256.0,1,Card,True,False,False
C11880,Hyderabad,68,F,9,Standard,Month-to-month,953.0,8345.0,1,Bank transfer,True,False,True
C13448,Chennai,25,M,30,Basic,Month-to-month,422.0,12516.0,1,UPI,False,False,False
C10205,Chennai,53,M,6,Standard,Month-to-month,647.0,3696.0,0,Card,False,False,True
C16918,Chennai,67,M,16,Standard,Two year,762.0,11938.0,1,UPI,False,False,False
C13360,Bengaluru,41,M,66,Basic,One year,732.0,46583.0,0,Cash,True,False,False
C12104,Hyderabad,29,M,35,Premium,Month-to-month,1556.0,53868.0,2,Bank transfer,True,False,True
C13756,Chennai,74,M,6,Standard,One year,1162.0,6929.0,0,UPI,True,True,False
C11408,Bengaluru,59,F,16,Basic,Two year,356.0,5647.0,2,Card,False,False,False
C14596,Bengaluru,40,F,20,Standard,Month-to-month,882.0,16972.0,1,Card,False,True,False
C16901,Hyderabad,21,M,64,Basic,One year,793.0,50277.0,2,Card,True,False,False
C16157,Pune,25,F,39,Basic,Month-to-month,391.0,14612.0,0,Card,False,False,True
C10531,Chennai,26,F,47,Premium,Two year,1626.0,74258.0,0,UPI,True,True,False
C13722,Hyderabad,33,F,57,Basic,One year,423.0,23498.0,3,UPI,False,False,False
C14837,Chennai,55,F,32,Premium,One year,1509.0,46129.0,2,Bank transfer,True,False,False
C16679,Chennai,61,M,16,Standard,Month-to-month,846.0,12878.0,1,Cash,False,True,True
C10979,Pune,63,F,42,Premium,One year,1141.0,47623.0,0,Card,False,False,True
C15430,Bengaluru,72,M,13,Standard,Month-to-month,1016.0,12692.0,0,UPI,True,False,False
C10589,Kochi,50,F,34,Basic,Month-to-month,548.0,18403.0,2,Card,False,True,False
C12285,Bengaluru,24,M,12,Standard,Month-to-month,933.0,10958.0,2,UPI,True,False,False
C11904,Bengaluru,20,F,9,Standard,Month-to-month,1054.0,9370.0,3,Cash,True,False,False
C11450,Chennai,51,F,37,Basic,Month-to-month,878.0,32486.0,0,Cash,True,True,False
C11173,Pune,42,M,31,Basic,Month-to-month,899.0,27203.0,1,Cash,True,True,True
C10605,Chennai,59,F,13,Basic,Month-to-month,876.0,11248.0,0,UPI,True,True,False
C11785,Hyderabad,57,F,18,Premium,Month-to-month,1535.0,27492.0,1,UPI,True,False,False
C10175,Pune,37,M,5,Basic,Month-to-month,620.0,3013.0,2,Card,True,False,True
C16683,Bengaluru,28,F,5,Standard,Month-to-month,1021.0,5103.0,2,UPI,True,False,True
C15309,Chennai,34,F,8,Basic,Month-to-month,907.0,7153.0,0,Cash,True,True,False
C15879,Kochi,54,M,14,Basic,Month-to-month,547.0,7905.0,0,Cash,False,True,True
C11480,Bengaluru,57,F,59,Standard,One year,1039.0,61301.0,3,Cash,True,False,False
C16244,Chennai,37,M,20,Standard,Month-to-month,1054.0,20149.0,0,UPI,True,True,False
C13482,Bengaluru,33,F,41,Basic,One year,728.0,29397.0,2,UPI,True,False,False
C10412,Chennai,30,F,14,Basic,Two year,704.0,9367.0,0,Bank transfer,True,False,False
C11390,Kochi,47,M,12,Standard,Month-to-month,685.0,7904.0,0,UPI,False,False,False
C11341,Hyderabad,45,M,3,Premium,Month-to-month,1291.0,3806.0,2,Card,False,False,True
C12077,Pune,36,M,37,Basic,Month-to-month,823.0,29519.0,3,UPI,True,True,False
C13743,Hyderabad,54,F,12,Premium,Month-to-month,1385.0,16410.0,0,Bank transfer,False,True,False
C16415,Pune,46,F,19,Basic,Two year,379.0,6965.0,2,Card,False,False,False
C13630,Pune,39,F,15,Premium,Two year,1323.0,18895.0,1,Card,False,True,False
C16915,Hyderabad,44,M,39,Premium,One year,1219.0,45653.0,0,Card,False,False,False
C13371,Bengaluru,61,F,18,Standard,Month-to-month,1030.0,18540.0,0,Card,True,False,False
C10078,Bengaluru,31,M,14,Premium,Month-to-month,1497.0,19942.0,0,Cash,True,False,False
C12907,Hyderabad,67,M,40,Basic,Two year,728.0,28378.0,0,UPI,True,True,False
C14188,Pune,69,M,32,Standard,Month-to-month,873.0,26832.0,1,Card,False,True,False
C14444,Hyderabad,56,F,10,Standard,One year,1114.0,10981.0,1,UPI,True,True,False
C13824,Bengaluru,42,F,12,Standard,Month-to-month,886.0,10512.0,1,Card,False,True,False
C16476,Hyderabad,34,F,62,Premium,Two year,1368.0,80964.0,2,UPI,False,True,False
C10264,Chennai,44,M,7,Basic,One year,653.0,4558.0,3,Cash,True,False,True
C14979,Pune,26,M,11,Standard,Two year,872.0,9271.0,2,Card,False,True,False
C14394,Bengaluru,46,F,38,Basic,Month-to-month,891.0,32913.0,2,UPI,True,True,False
C11598,Bengaluru,41,F,60,Standard,One year,786.0,46640.0,2,UPI,False,True,False
C12322,Hyderabad,31,M,7,Basic,Two year,383.0,2652.0,2,UPI,False,False,False
C14360,Chennai,21,M,13,Standard,Month-to-month,748.0,9464.0,0,Card,False,False,False
C16825,Pune,66,F,31,Basic,Month-to-month,824.0,25452.0,1,Bank transfer,True,True,True
C16361,Chennai,33,F,28,Standard,One year,708.0,19465.0,1,UPI,False,False,False
C15719,Bengaluru,25,F,30,Standard,Month-to-month,819.0,23577.0,1,UPI,False,True,False
C16575,Pune,63,F,49,Standard,One year,802.0,37363.0,1,Bank transfer,False,True,False
C11178,Pune,73,M,32,Basic,Month-to-month,752.0,23766.0,3,Card,True,False,False
C16193,Hyderabad,61,M,10,Basic,Two year,446.0,4273.0,1,Card,False,False,False
C12070,Hyderabad,29,F,17,Basic,Month-to-month,808.0,13415.0,0,Card,True,True,True
C15658,Chennai,26,M,25,Basic,Month-to-month,415.0,10255.0,1,Card,False,False,False
C13786,Hyderabad,40,M,12,Standard,One year,1145.0,13647.0,0,UPI,True,True,False
C16576,Kochi,52,M,20,Basic,One year,429.0,8580.0,2,UPI,False,False,False
C14977,Bengaluru,48,F,21,Premium,Month-to-month,1365.0,27551.0,2,UPI,False,True,True
C12386,Bengaluru,63,F,70,Basic,Two year,685.0,45659.0,0,Cash,True,False,False
C15526,Bengaluru,34,F,12,Premium,Month-to-month,1652.0,18949.0,1,UPI,True,True,False
C15378,Chennai,70,M,29,Standard,Month-to-month,959.0,27352.0,1,UPI,True,False,True
C12275,Bengaluru,58,M,35,Standard,Month-to-month,1181.0,40988.0,2,UPI,True,True,True
C16129,Hyderabad,72,F,19,Premium,Month-to-month,1624.0,30660.0,0,UPI,True,True,False
C11340,Bengaluru,24,M,18,Basic,Month-to-month,387.0,6891.0,0,Card,False,False,False
C15484,Bengaluru,53,M,11,Basic,Two year,385.0,4204.0,1,Bank transfer,False,False,False
C16874,Hyderabad,58,F,25,Standard,Two year,710.0,17568.0,2,Card,False,False,False
C15776,Hyderabad,57,M,71,Standard,One year,964.0,65940.0,2,UPI,True,False,False
C13237,Bengaluru,58,M,6,Premium,One year,1397.0,8282.0,0,Card,False,True,False
C12640,Bengaluru,69,F,16,Premium,Two year,1238.0,18963.0,2,Cash,False,False,False
C14220,Chennai,30,M,67,Premium,One year,1215.0,79481.0,1,UPI,False,False,False
C15644,Hyderabad,35,F,2,Basic,Month-to-month,674.0,1290.0,1,Bank transfer,True,False,False
C16174,Bengaluru,35,F,9,Premium,Month-to-month,1520.0,13656.0,0,Card,True,False,False
C10010,Hyderabad,50,M,6,Premium,Month-to-month,1352.0,8080.0,2,UPI,False,True,True
C15724,Bengaluru,48,F,14,Basic,Month-to-month,460.0,6231.0,3,Cash,False,True,True
C10438,Hyderabad,20,M,53,Standard,One year,855.0,45260.0,0,UPI,False,True,False
C11366,Chennai,69,M,61,Standard,One year,819.0,48694.0,1,Card,False,True,True
C10971,Bengaluru,42,F,21,Basic,Month-to-month,544.0,11355.0,0,Cash,False,True,False
C14806,Pune,74,F,29,Basic,One year,693.0,20042.0,1,Bank transfer,True,False,False
C12460,Hyderabad,40,F,8,Basic,Month-to-month,856.0,6538.0,0,Cash,True,True,True
C11482,Hyderabad,36,F,41,Standard,One year,1009.0,39413.0,1,Card,True,False,False
C10669,Kochi,67,F,3,Basic,Month-to-month,879.0,2637.0,0,UPI,True,True,False
C12914,Bengaluru,66,M,30,Basic,One year,639.0,18658.0,0,Cash,True,False,False
C15288,Chennai,35,F,14,Premium,Month-to-month,1585.0,21588.0,3,UPI,True,True,True
C12893,Bengaluru,73,F,41,Standard,One year,1047.0,42131.0,2,Cash,True,False,False
C14221,Kochi,63,F,56,Premium,Two year,1659.0,89217.0,2,Card,True,True,False
C16680,Chennai,20,F,23,Standard,One year,659.0,15110.0,1,Bank transfer,False,False,False
C16783,Bengaluru,26,F,10,Standard,Month-to-month,1210.0,11931.0,1,UPI,True,True,False
C11926,Pune,69,F,68,Basic,Two year,411.0,27084.0,1,UPI,False,False,False
C11337,Hyderabad,37,M,32,Standard,Month-to-month,795.0,24811.0,1,Card,False,True,True
C13587,Kochi,22,M,65,Basic,One year,465.0,30102.0,0,UPI,False,False,False
C16107,Hyderabad,49,F,48,Basic,Two year,679.0,31306.0,2,Bank transfer,True,False,False
C13076,Bengaluru,56,M,1,Premium,Month-to-month,1322.0,1319.0,3,UPI,False,True,True
C15155,Bengaluru,67,F,69,Premium,Two year,1515.0,102824.0,2,UPI,True,False,False
C14294,Hyderabad,26,F,71,Basic,Two year,414.0,27925.0,1,UPI,False,False,False
C10628,Hyderabad,74,M,18,Standard,Two year,1079.0,19369.0,0,UPI,True,False,False
C10409,Pune,23,M,13,Standard,One year,940.0,11646.0,2,UPI,True,False,False
C16765,Pune,70,M,25,Standard,Month-to-month,1052.0,25119.0,0,Cash,True,False,True
C15836,Bengaluru,53,F,27,Standard,Month-to-month,680.0,18246.0,1,Bank transfer,False,False,False
C15759,Bengaluru,67,M,60,Standard,One year,979.0,56905.0,1,Bank transfer,True,False,False
C11198,Bengaluru,24,M,17,Basic,Month-to-month,514.0,8336.0,0,Card,False,True,False
C12636,Kochi,36,F,70,Basic,One year,811.0,55641.0,0,UPI,True,True,False
C13667,Pune,43,M,34,Standard,Month-to-month,740.0,24064.0,1,Card,False,False,False
C12679,Hyderabad,32,F,15,Premium,Month-to-month,1560.0,22343.0,1,Card,True,False,False
C11201,Chennai,64,F,71,Standard,One year,815.0,57424.0,0,UPI,False,True,False
C15395,Bengaluru,44,M,2,Standard,Month-to-month,761.0,1514.0,2,Card,False,False,True
C15330,Pune,36,M,14,Premium,Month-to-month,1496.0,21398.0,2,UPI,True,False,True
C14109,Chennai,34,M,26,Premium,Month-to-month,1702.0,42786.0,0,Cash,True,True,False
C10760,Pune,43,F,6,Basic,Month-to-month,548.0,3252.0,1,Bank transfer,False,True,False
C13106,Hyderabad,58,F,70,Standard,Two year,710.0,48136.0,2,Card,False,False,False
C15940,Pune,56,M,8,Standard,One year,1142.0,8800.0,1,UPI,True,True,False
C13610,Chennai,70,M,38,Premium,Month-to-month,1545.0,58300.0,1,Cash,True,False,False
C14752,Chennai,55,F,44,Basic,Two year,423.0,18244.0,1,Card,False,False,False
C14078,Hyderabad,34,M,25,Standard,Month-to-month,1144.0,28042.0,2,UPI,True,True,False
C14632,Pune,38,F,36,Basic,Month-to-month,655.0,23025.0,2,UPI,True,False,True
C15063,Kochi,58,F,14,Standard,Month-to-month,991.0,13573.0,0,UPI,True,False,False
C16578,Kochi,59,F,38,Standard,Month-to-month,1006.0,36323.0,0,Card,True,False,False
C15761,Kochi,34,F,58,Premium,One year,1169.0,64836.0,0,Bank transfer,False,False,False
C15758,Chennai,47,M,34,Basic,Month-to-month,519.0,16920.0,0,Card,False,True,False
C11600,Hyderabad,28,M,31,Basic,Month-to-month,375.0,11457.0,2,Cash,False,False,True
C12211,Pune,58,M,1,Basic,Month-to-month,704.0,692.0,1,UPI,True,False,False
C15231,Pune,45,M,16,Premium,Two year,1691.0,26588.0,0,Cash,True,True,False
C13416,Chennai,22,M,38,Basic,One year,747.0,27231.0,2,UPI,True,False,False
C11593,Bengaluru,26,F,38,Standard,Month-to-month,683.0,25014.0,2,Card,False,False,True
C11458,Pune,42,F,39,Standard,Two year,990.0,37641.0,2,UPI,True,False,False
C14578,Chennai,60,F,31,Basic,One year,570.0,17372.0,1,UPI,False,True,False
C15340,Hyderabad,50,M,18,Standard,Two year,922.0,15996.0,1,Card,True,False,False
C16376,Chennai,19,F,27,Standard,Month-to-month,1004.0,26647.0,0,Bank transfer,True,False,False
C12178,Hyderabad,27,F,56,Standard,Two year,729.0,39598.0,1,Cash,False,False,False
C13111,Chennai,62,F,9,Standard,Two year,1124.0,9917.0,2,UPI,True,True,False
C12281,Hyderabad,46,M,39,Basic,Month-to-month,654.0,25503.0,1,Card,True,False,False
C10693,Pune,56,F,1,Standard,Month-to-month,747.0,725.0,1,Cash,False,False,True
C15088,Bengaluru,42,F,36,Basic,One year,406.0,14540.0,1,Card,False,False,False
C16169,Kochi,30,M,37,Basic,Month-to-month,746.0,27388.0,3,Card,True,False,True
C16216,Chennai,69,M,16,Premium,Month-to-month,1212.0,19043.0,2,UPI,False,False,False
C16373,Bengaluru,27,F,16,Standard,Month-to-month,895.0,14068.0,1,Card,True,False,False
C15635,Bengaluru,29,M,24,Premium,Month-to-month,1474.0,33908.0,0,UPI,True,False,False
C11578,Chennai,41,M,37,Basic,One year,754.0,27752.0,4,UPI,True,False,False
C12060,Bengaluru,69,F,6,Basic,Month-to-month,726.0,4230.0,0,Cash,True,False,False
C15567,Kochi,59,M,10,Basic,Month-to-month,396.0,3936.0,1,UPI,False,False,False
C16745,Chennai,58,M,23,Basic,Two year,679.0,15617.0,1,UPI,True,False,False
C14657,Bengaluru,35,M,18,Basic,Two year,780.0,13761.0,1,Bank transfer,True,True,False
C12984,Bengaluru,30,M,31,Basic,Month-to-month,717.0,21677.0,1,UPI,True,False,True
C12351,Hyderabad,44,M,37,Basic,Month-to-month,400.0,14518.0,1,UPI,False,False,False
C15696,Pune,24,M,10,Premium,Two year,1678.0,16087.0,1,UPI,True,True,False
C12613,Bengaluru,63,F,23,Premium,One year,1546.0,34862.0,3,Card,True,False,True
C15629,Chennai,24,M,30,Standard,Month-to-month,1033.0,29914.0,1,Card,True,False,False
C13930,Pune,38,M,44,Standard,Two year,987.0,42064.0,1,Card,True,False,False
C13716,Hyderabad,54,F,23,Basic,Month-to-month,706.0,15937.0,2,Card,True,False,False
C13063,Bengaluru,35,M,5,Premium,Month-to-month,1362.0,6574.0,3,Card,False,True,False
C16002,Kochi,41,M,32,Basic,Two year,713.0,22370.0,0,Card,True,False,False
C14907,Hyderabad,72,M,28,Basic,Month-to-month,404.0,10794.0,1,Cash,False,False,False
C11370,Bengaluru,37,M,33,Premium,One year,1525.0,50021.0,2,Bank transfer,True,False,False
C14249,Hyderabad,73,F,68,Basic,One year,700.0,46059.0,1,UPI,True,False,False
C15424,Hyderabad,43,M,16,Standard,Two year,704.0,11034.0,0,Bank transfer,False,False,False
C16879,Bengaluru,47,M,16,Basic,Month-to-month,837.0,13060.0,1,UPI,True,True,False
C10042,Hyderabad,19,M,15,Basic,Month-to-month,450.0,6480.0,3,Card,False,False,True
C11240,Kochi,65,F,11,Basic,Month-to-month,869.0,9323.0,0,Card,True,True,False
C11418,Chennai,60,F,46,Standard,One year,665.0,29569.0,1,Bank transfer,False,False,False
C10878,Hyderabad,61,F,23,Standard,Month-to-month,1156.0,26519.0,1,Cash,True,True,True
C16045,Pune,23,M,46,Premium,Two year,1226.0,56354.0,2,Bank transfer,False,False,False
C16538,Hyderabad,46,F,49,Basic,Two year,760.0,35708.0,1,Cash,True,False,False
C11483,Pune,49,F,30,Standard,One year,1127.0,33323.0,1,Card,True,True,False
C13779,Chennai,37,M,23,Premium,Month-to-month,1531.0,34661.0,1,UPI,True,False,False
C12471,Hyderabad,50,F,44,Standard,One year,687.0,30101.0,1,UPI,False,False,False
C14455,Hyderabad,40,M,13,Basic,One year,786.0,10202.0,1,UPI,True,True,False
C10055,Bengaluru,73,M,55,Basic,One year,428.0,23074.0,0,Card,False,False,False
C10879,Pune,49,F,38,Standard,Month-to-month,671.0,25494.0,1,Card,False,False,False
C11318,Kochi,32,M,63,Basic,Two year,722.0,45009.0,0,UPI,True,False,False
C12633,Chennai,24,M,62,Standard,One year,1166.0,71871.0,0,Card,True,True,False
C14122,Bengaluru,50,M,17,Standard,Month-to-month,1146.0,19074.0,2,Cash,True,True,True
C11238,Pune,32,F,64,Standard,One year,684.0,43146.0,1,Bank transfer,False,False,False
C11513,Bengaluru,66,F,15,Premium,Two year,1543.0,22860.0,0,Card,True,False,False
C10135,Hyderabad,18,M,66,Basic,Two year,743.0,47718.0,0,UPI,True,False,False
C15630,Chennai,70,F,12,Standard,Month-to-month,688.0,8043.0,2,UPI,False,False,False
C12258,Hyderabad,72,F,17,Basic,Month-to-month,682.0,11183.0,3,UPI,True,False,False
C12828,Pune,22,F,26,Premium,Two year,1320.0,32969.0,1,Bank transfer,False,True,False
C15473,Bengaluru,18,F,32,Basic,Two year,724.0,23168.0,0,Card,True,False,False
C16807,Chennai,71,M,11,Premium,Month-to-month,1397.0,15204.0,0,Card,False,True,False
C16199,Chennai,41,M,67,Premium,Two year,1193.0,77445.0,1,Card,False,False,False
C15096,Hyderabad,57,F,21,Basic,Month-to-month,744.0,15264.0,0,UPI,True,False,False
C13928,Bengaluru,73,M,11,Standard,Month-to-month,1198.0,13034.0,0,UPI,True,True,False
C13231,Kochi,30,F,22,Basic,Month-to-month,347.0,7618.0,2,Card,False,False,True
C15160,Kochi,19,F,4,Basic,Month-to-month,857.0,3263.0,1,UPI,True,True,False
C13956,Bengaluru,60,F,13,Standard,Month-to-month,1066.0,13609.0,1,UPI,True,False,True
C14492,Pune,43,M,65,Standard,One year,919.0,57420.0,1,Card,True,False,False
C11498,Bengaluru,18,F,19,Standard,Month-to-month,1102.0,20525.0,1,Card,True,True,True
C14149,Bengaluru,18,M,17,Standard,One year,736.0,11930.0,2,Card,False,False,False
C16871,Pune,59,M,14,Standard,One year,999.0,13907.0,0,Card,True,False,False
C12941,Kochi,49,M,27,Basic,Month-to-month,435.0,11646.0,2,Card,False,False,True
C10178,Chennai,59,M,50,Standard,One year,980.0,48792.0,1,UPI,True,False,False
C12788,Bengaluru,59,M,1,Standard,Month-to-month,1150.0,1150.0,1,Cash,True,True,True
C14603,Kochi,18,F,8,Standard,Month-to-month,1050.0,8379.0,1,UPI,True,False,False
C13212,Pune,38,F,6,Standard,Month-to-month,706.0,4026.0,2,Card,False,False,True
C10300,Bengaluru,47,F,49,Standard,One year,939.0,45367.0,0,UPI,True,False,False
C15648,Hyderabad,43,F,59,Standard,One year,673.0,39064.0,0,Cash,False,False,False
C13275,Pune,26,M,58,Standard,One year,1040.0,59296.0,0,UPI,True,False,False
C11663,Chennai,44,F,13,Basic,Month-to-month,605.0,7684.0,2,Card,False,True,True
C16636,Bengaluru,68,M,19,Basic,Month-to-month,396.0,7248.0,0,Card,False,False,True
C11001,Kochi,67,F,24,Premium,Month-to-month,1333.0,31256.0,2,Cash,False,True,True
C13261,Hyderabad,74,F,56,Basic,One year,679.0,36217.0,0,Card,True,False,False
C14174,Pune,29,F,23,Basic,Month-to-month,669.0,14971.0,3,UPI,True,False,False
C13590,Hyderabad,19,F,8,Standard,Two year,1019.0,7927.0,2,Card,True,False,False
C15091,Bengaluru,34,M,20,Standard,Month-to-month,1164.0,23182.0,3,Card,True,True,False
C14822,Bengaluru,53,M,61,Standard,One year,1128.0,66825.0,1,UPI,True,True,False
C10228,Bengaluru,41,M,33,Standard,Month-to-month,708.0,22683.0,2,Card,False,False,False
C10818,Pune,33,M,46,Basic,One year,698.0,30556.0,2,Card,True,False,False
C15493,Bengaluru,69,F,8,Basic,Month-to-month,769.0,6135.0,2,Card,True,False,False
C10988,Bengaluru,46,F,32,Basic,Month-to-month,678.0,20632.0,0,UPI,True,False,False
C10029,Chennai,56,M,33,Standard,Month-to-month,662.0,21578.0,1,Cash,False,False,False
C11657,Kochi,34,F,26,Premium,Month-to-month,1638.0,41522.0,2,UPI,True,True,True
C10561,Bengaluru,31,M,4,Premium,Month-to-month,1497.0,5925.0,0,Bank transfer,True,False,False
C13464,Chennai,37,F,32,Basic,Month-to-month,390.0,12440.0,1,UPI,False,False,False
C16888,Bengaluru,36,F,6,Premium,Month-to-month,1208.0,7218.0,2,Bank transfer,False,False,False
C10225,Bengaluru,57,M,61,Basic,One year,747.0,44075.0,2,UPI,True,False,False
C14101,Bengaluru,60,F,50,Standard,One year,728.0,35860.0,0,Card,False,False,True
C15323,Hyderabad,23,F,29,Basic,Month-to-month,432.0,12460.0,1,UPI,False,False,True
C14089,Bengaluru,37,F,59,Standard,Two year,1157.0,65527.0,2,Card,True,True,False
C14540,Hyderabad,74,M,41,Standard,One year,1131.0,44375.0,3,UPI,True,True,False
C13443,Chennai,40,F,18,Basic,Month-to-month,560.0,9689.0,1,UPI,False,True,True
C14128,Bengaluru,33,F,20,Basic,Two year,907.0,17258.0,0,Cash,True,True,False
C13010,Pune,53,F,29,Premium,Month-to-month,1375.0,39875.0,2,Bank transfer,False,True,False
C15061,Pune,36,M,29,Basic,One year,557.0,15580.0,2,UPI,False,True,True
C15777,Hyderabad,28,M,34,Basic,Month-to-month,863.0,28468.0,0,UPI,True,True,False
C14989,Hyderabad,58,M,6,Basic,Month-to-month,394.0,2274.0,0,Card,False,False,False
C10668,Hyderabad,57,M,26,Standard,Month-to-month,1163.0,29668.0,2,UPI,True,True,False
C12943,Kochi,40,F,13,Premium,Month-to-month,1196.0,15548.0,0,UPI,False,False,False
C16306,Pune,24,M,39,Standard,Month-to-month,974.0,36650.0,2,Card,True,False,False
C13006,Chennai,44,F,29,Premium,Month-to-month,1241.0,34470.0,1,Cash,False,False,True
C15454,Kochi,66,M,55,Standard,Two year,1005.0,52602.0,1,Bank transfer,True,False,False
C15502,Kochi,20,M,31,Basic,One year,683.0,20681.0,0,Cash,True,False,False
C16531,Chennai,24,M,30,Basic,Month-to-month,398.0,11454.0,0,Card,False,False,False
C13539,Chennai,39,F,21,Basic,Month-to-month,539.0,10762.0,2,UPI,False,True,False
C15492,Hyderabad,18,M,28,Standard,Month-to-month,653.0,17503.0,1,Card,False,False,False
C10151,Pune,55,M,26,Basic,Two year,796.0,20327.0,0,UPI,True,True,False
C11802,Hyderabad,31,M,60,Standard,Two year,653.0,37986.0,1,UPI,False,False,False
C14318,Kochi,66,M,18,Premium,Month-to-month,1608.0,28368.0,1,UPI,True,True,False
C16438,Bengaluru,43,F,28,Standard,Month-to-month,1203.0,32165.0,1,UPI,True,True,False
C10702,Chennai,49,F,27,Premium,Month-to-month,1542.0,41624.0,0,Cash,True,False,True
C15762,Chennai,63,M,70,Basic,Two year,669.0,46723.0,0,UPI,True,False,False
C16735,Hyderabad,35,F,65,Basic,One year,693.0,43658.0,0,Cash,True,False,False
C11444,Hyderabad,40,F,71,Basic,One year,354.0,24169.0,1,UPI,False,False,False
C12950,Kochi,45,F,20,Standard,Month-to-month,1033.0,19829.0,1,UPI,True,False,False
C13517,Bengaluru,71,M,17,Basic,Month-to-month,349.0,5724.0,0,UPI,False,False,True
C10854,Bengaluru,31,F,2,Premium,Month-to-month,1529.0,2961.0,1,Bank transfer,True,False,True
C11832,Hyderabad,53,M,5,Standard,Month-to-month,879.0,4284.0,2,UPI,False,True,False
C12881,Bengaluru,52,M,31,Basic,Month-to-month,457.0,14034.0,1,Cash,False,True,False
C13294,Bengaluru,28,M,35,Basic,Month-to-month,397.0,13742.0,1,Card,False,False,False
C15682,Hyderabad,40,F,24,Basic,Two year,880.0,20446.0,0,UPI,True,True,False
C16794,Hyderabad,53,M,19,Standard,Month-to-month,1037.0,18986.0,2,UPI,True,False,False
C15621,Chennai,54,M,51,Premium,One year,1183.0,60087.0,1,UPI,False,False,False
C14209,Pune,64,F,27,Standard,Month-to-month,1149.0,30186.0,0,Card,True,True,True
C16192,Hyderabad,43,F,33,Standard,One year,981.0,32035.0,1,UPI,True,False,False
C12337,Hyderabad,65,F,28,Basic,Month-to-month,619.0,17048.0,4,Card,True,False,False
C15196,Hyderabad,59,F,26,Basic,One year,761.0,19212.0,1,Card,True,False,False
C10206,Hyderabad,34,M,31,Standard,Month-to-month,678.0,20858.0,0,Card,False,False,False
C15497,Chennai,57,F,12,Standard,Month-to-month,696.0,8296.0,2,UPI,False,False,False
C11147,Bengaluru,56,F,33,Basic,One year,724.0,22983.0,3,Bank transfer,True,False,False
C15917,Kochi,55,F,37,Premium,Month-to-month,1670.0,59807.0,4,UPI,True,True,True
C13136,Pune,36,M,13,Standard,Month-to-month,1193.0,14896.0,2,Cash,True,True,True
C15506,Pune,59,M,54,Basic,One year,523.0,27901.0,2,Card,False,True,False
C13297,Bengaluru,39,F,37,Standard,One year,1127.0,41436.0,1,Card,True,True,True
C13238,Bengaluru,65,M,16,Basic,Two year,647.0,10101.0,0,Card,True,False,False
C14985,Hyderabad,33,M,54,Basic,Two year,555.0,29901.0,0,UPI,False,True,False
C14995,Bengaluru,52,M,54,Premium,One year,1276.0,66418.0,1,Cash,False,True,True
C14928,Hyderabad,38,F,51,Basic,One year,667.0,33880.0,1,Card,True,False,False
C11245,Hyderabad,26,M,11,Basic,Month-to-month,702.0,7540.0,1,UPI,True,False,True
C14084,Bengaluru,73,M,16,Standard,Month-to-month,694.0,10919.0,2,Cash,False,False,True
C13852,Bengaluru,65,F,36,Standard,Month-to-month,760.0,26625.0,2,Card,False,False,False
C12731,Chennai,19,F,54,Basic,One year,881.0,45917.0,1,Card,True,True,False
C16195,Hyderabad,51,M,10,Standard,Month-to-month,932.0,8931.0,1,UPI,True,False,True
C13333,Pune,37,M,57,Standard,Two year,691.0,39387.0,0,UPI,False,False,False
C12665,Hyderabad,40,F,31,Standard,Month-to-month,686.0,20533.0,1,UPI,False,False,False
C15337,Kochi,46,F,22,Basic,Month-to-month,357.0,7810.0,0,UPI,False,False,False
C11982,Hyderabad,60,M,27,Premium,One year,1482.0,39818.0,0,Card,True,False,False
C10869,Chennai,68,M,7,Basic,Month-to-month,793.0,5438.0,1,Bank transfer,True,True,True
C11659,Bengaluru,66,M,38,Basic,One year,709.0,25843.0,1,Bank transfer,True,False,False
C13233,Pune,68,F,14,Basic,Month-to-month,650.0,8840.0,1,Card,True,False,False
C14769,Chennai,30,F,25,Standard,Month-to-month,864.0,20919.0,3,Bank transfer,False,True,True
C13050,Pune,31,M,21,Basic,Month-to-month,703.0,14177.0,1,Card,True,False,False
C16516,Bengaluru,42,F,24,Premium,Month-to-month,1213.0,29067.0,2,Bank transfer,False,False,True
C12677,Hyderabad,41,F,9,Basic,One year,555.0,4925.0,3,Card,False,True,True
C15470,Kochi,19,F,70,Basic,One year,611.0,41675.0,0,Card,True,False,False
C13397,Pune,50,F,6,Standard,Month-to-month,975.0,5713.0,0,UPI,True,False,True
C15772,Kochi,62,M,30,Standard,Two year,757.0,22242.0,3,UPI,False,False,False
C13078,Bengaluru,63,M,5,Standard,Month-to-month,1195.0,5768.0,1,UPI,True,True,False
C13985,Bengaluru,46,F,38,Standard,Month-to-month,988.0,36623.0,4,UPI,True,False,True
C11138,Hyderabad,59,M,50,Premium,One year,1527.0,76350.0,0,Card,True,False,False
C12694,Kochi,19,F,17,Basic,Month-to-month,786.0,13185.0,0,Cash,True,True,False
C14235,Bengaluru,54,F,32,Basic,Month-to-month,694.0,21495.0,0,UPI,True,False,True
C14585,Pune,18,M,13,Basic,One year,345.0,4284.0,3,UPI,False,False,False
C15009,Kochi,73,F,33,Standard,Month-to-month,1117.0,36767.0,3,UPI,True,True,True
C15711,Chennai,41,F,34,Standard,One year,703.0,23754.0,0,Card,False,False,False
C15767,Hyderabad,39,F,25,Premium,One year,1515.0,37258.0,0,Cash,True,False,False
C16309,Pune,64,F,6,Standard,One year,1003.0,5911.0,1,UPI,True,False,False
C15994,Hyderabad,35,F,45,Basic,Two year,355.0,15369.0,2,UPI,False,False,False
C16542,Kochi,57,F,33,Standard,Month-to-month,949.0,30413.0,0,Bank transfer,True,False,False
C14908,Chennai,43,F,36,Basic,One year,600.0,21116.0,0,Card,False,True,False
C14310,Pune,35,M,20,Standard,Month-to-month,1154.0,22043.0,0,UPI,True,True,True
C16039,Bengaluru,72,F,36,Standard,Month-to-month,1146.0,39728.0,2,Card,True,True,False
C16529,Hyderabad,73,M,54,Standard,Two year,990.0,51186.0,1,UPI,True,False,False
C13369,Hyderabad,69,F,14,Standard,Month-to-month,679.0,9219.0,0,UPI,False,False,False
C12179,Hyderabad,65,F,6,Premium,Month-to-month,1528.0,9028.0,1,UPI,True,False,True
C14410,Chennai,26,F,57,Standard,Two year,735.0,40652.0,2,UPI,False,False,False
C12186,Kochi,73,F,18,Standard,One year,744.0,13350.0,1,UPI,False,False,False
C12639,Bengaluru,56,F,54,Basic,Two year,411.0,21155.0,0,UPI,False,False,False
C16820,Bengaluru,58,F,2,Basic,Month-to-month,723.0,2087.0,0,UPI,True,False,False
C10416,Chennai,27,F,53,Standard,One year,809.0,42877.0,0,UPI,False,True,False
C15125,Pune,24,M,6,Premium,Month-to-month,1634.0,9437.0,3,Card,True,True,True
C12086,Hyderabad,18,F,64,Basic,Two year,461.0,28475.0,0,UPI,False,False,False
C14054,Bengaluru,18,F,30,Standard,One year,700.0,20298.0,1,UPI,False,False,False
C13986,Bengaluru,39,M,16,Standard,Two year,1137.0,17506.0,1,Cash,True,True,False
C16197,Bengaluru,19,F,19,Basic,Month-to-month,639.0,12141.0,2,UPI,True,False,False
C12754,Bengaluru,38,F,8,Standard,Month-to-month,955.0,7395.0,0,Card,True,False,False
C10136,Kochi,34,M,34,Standard,Month-to-month,845.0,28092.0,2,Cash,False,True,True
C14842,Bengaluru,38,F,44,Standard,One year,631.0,26716.0,2,UPI,False,False,False
C11474,Pune,45,M,7,Premium,Two year,1653.0,11065.0,1,Card,True,True,False
C11122,Kochi,28,F,29,Standard,Month-to-month,718.0,20036.0,0,Bank transfer,False,False,False
C14889,Hyderabad,67,F,1,Basic,Month-to-month,593.0,571.0,4,Card,False,True,True
C14131,Hyderabad,27,F,3,Premium,Month-to-month,1520.0,4515.0,1,Card,True,False,False
C10025,Hyderabad,61,F,27,Standard,One year,996.0,26290.0,2,Cash,True,False,False
C10657,Bengaluru,62,M,8,Premium,Month-to-month,1348.0,10467.0,1,Bank transfer,False,True,False
C13942,Bengaluru,50,M,18,Basic,Month-to-month,810.0,14021.0,0,UPI,True,True,False
C15498,Hyderabad,60,M,28,Basic,Month-to-month,478.0,13217.0,0,UPI,False,False,True
C10449,Hyderabad,66,F,1,Basic,Month-to-month,891.0,855.0,1,UPI,True,True,False
C13432,Chennai,52,F,31,Basic,Month-to-month,858.0,25954.0,0,Cash,True,True,False
C13296,Hyderabad,47,M,38,Basic,Month-to-month,434.0,16190.0,1,UPI,False,False,False
C13124,Pune,70,M,33,Premium,Month-to-month,1506.0,47479.0,0,UPI,True,False,False
C11401,Bengaluru,58,M,65,Basic,Two year,708.0,45143.0,1,UPI,True,False,False
C13282,Pune,22,F,14,Basic,Two year,690.0,9298.0,2,UPI,True,False,False
C11258,Pune,47,F,4,Premium,Month-to-month,1332.0,5308.0,4,Cash,False,True,True
C16446,Kochi,72,F,14,Basic,Two year,362.0,4867.0,0,UPI,False,False,False
C14847,Chennai,19,M,10,Standard,Month-to-month,948.0,8369.0,1,UPI,True,False,True
C11270,Bengaluru,28,F,22,Basic,One year,530.0,11111.0,3,Cash,False,True,False
C11449,Bengaluru,29,M,20,Premium,Month-to-month,1358.0,26234.0,0,UPI,False,True,False
C11052,Bengaluru,55,M,52,Standard,Two year,1217.0,61047.0,0,UPI,True,True,False
C12825,Bengaluru,38,F,60,Standard,One year,1155.0,68017.0,1,UPI,True,True,False
C12437,Pune,47,M,61,Standard,Two year,729.0,43366.0,0,Card,False,False,False
C13990,Chennai,46,F,19,Premium,Month-to-month,1504.0,27758.0,0,UPI,True,False,False
C14340,Bengaluru,29,M,3,Premium,Month-to-month,1290.0,3704.0,0,Card,False,False,True
C16247,Pune,49,M,2,Basic,Month-to-month,557.0,1091.0,2,UPI,False,True,True
C10276,Hyderabad,70,F,37,Standard,Two year,709.0,24997.0,3,UPI,False,False,False
C12441,Hyderabad,21,F,10,Standard,One year,758.0,7383.0,0,UPI,False,False,False
C12158,Kochi,31,F,10,Premium,Month-to-month,1521.0,14984.0,1,UPI,True,False,True
C10588,Bengaluru,71,F,22,Basic,Month-to-month,707.0,15540.0,1,Card,True,False,False
C12207,Hyderabad,48,F,5,Basic,Month-to-month,451.0,2153.0,4,Cash,False,False,True
C10970,Bengaluru,49,F,18,Premium,Month-to-month,1481.0,25757.0,1,Card,True,False,False
C16043,Bengaluru,48,M,9,Premium,Month-to-month,1390.0,12191.0,1,Cash,False,True,False
C14850,Pune,50,F,8,Premium,Two year,1465.0,11513.0,1,Cash,True,False,False
C13184,Hyderabad,65,M,6,Basic,Two year,802.0,4774.0,2,UPI,True,True,False
C12708,Chennai,49,F,21,Premium,Month-to-month,1521.0,31471.0,0,Card,True,False,False
C14240,Hyderabad,48,F,27,Standard,Month-to-month,640.0,17196.0,1,UPI,False,False,False
C16483,Hyderabad,52,F,50,Standard,One year,1152.0,56721.0,0,Bank transfer,True,True,False
C16473,Bengaluru,74,F,45,Basic,Two year,624.0,27465.0,1,Card,False,True,False
C13334,Hyderabad,35,F,16,Premium,Month-to-month,1194.0,18641.0,0,Card,False,False,False
C11759,Hyderabad,29,F,9,Basic,Month-to-month,400.0,3580.0,1,Bank transfer,False,False,True
C12181,Pune,35,M,36,Standard,One year,1145.0,39770.0,3,UPI,True,True,False
C13757,Hyderabad,27,M,14,Standard,Two year,674.0,9426.0,0,Card,False,False,False
C15419,Chennai,73,M,56,Premium,One year,1497.0,82571.0,1,UPI,True,False,False
C14263,Bengaluru,44,F,17,Standard,Month-to-month,1006.0,16678.0,2,Cash,True,False,False
C12272,Pune,54,F,11,Standard,Month-to-month,1161.0,12701.0,1,UPI,True,True,True
C13825,Bengaluru,26,M,67,Premium,One year,1538.0,102738.0,2,UPI,True,False,False
C10927,Chennai,69,F,22,Standard,Two year,1005.0,20071.0,0,UPI,True,False,False
C13226,Bengaluru,57,M,22,Standard,Month-to-month,797.0,17205.0,1,Cash,False,True,False
C13068,Bengaluru,55,F,12,Premium,One year,1502.0,17995.0,1,Cash,True,False,False
C10024,Hyderabad,35,M,39,Premium,Month-to-month,1499.0,58030.0,2,Cash,True,False,True
C14902,Hyderabad,41,M,1,Premium,Month-to-month,1336.0,1317.0,1,Card,False,True,True
C16953,Hyderabad,53,F,5,Basic,Month-to-month,663.0,3230.0,1,Bank transfer,True,False,False
C10443,Bengaluru,57,M,63,Standard,One year,1139.0,68480.0,1,Card,True,True,False
C15875,Chennai,69,F,65,Premium,Two year,1483.0,94180.0,1,Card,True,False,False
C14246,Bengaluru,27,F,36,Basic,Month-to-month,679.0,24282.0,2,UPI,True,False,False
C16830,Chennai,42,M,13,Premium,One year,1231.0,15770.0,4,Bank transfer,False,False,False
C12142,Kochi,43,M,69,Basic,One year,501.0,34123.0,3,UPI,False,True,True
C10754,Hyderabad,61,M,39,Basic,Month-to-month,362.0,14027.0,1,UPI,False,False,True
C12265,Bengaluru,43,M,55,Standard,One year,654.0,35670.0,0,Bank transfer,False,False,False
C16525,Kochi,53,F,23,Premium,Month-to-month,1487.0,33980.0,1,UPI,True,False,True
C11047,Kochi,23,F,62,Premium,One year,1517.0,90433.0,0,Card,True,False,False
C10780,Bengaluru,62,M,26,Standard,One year,965.0,25674.0,1,UPI,True,False,False
C10900,Chennai,28,M,26,Basic,One year,339.0,8591.0,1,UPI,False,False,False
C13035,Bengaluru,74,M,37,Standard,Month-to-month,1209.0,43642.0,2,UPI,True,True,False
C14960,Bengaluru,64,M,6,Standard,Month-to-month,1175.0,7035.0,1,UPI,True,True,False
C11952,Bengaluru,30,M,15,Basic,Month-to-month,778.0,11234.0,0,Card,True,True,False
C16436,Pune,30,F,14,Premium,Month-to-month,1501.0,20026.0,0,Card,True,False,False
C12760,Hyderabad,41,M,69,Premium,One year,1474.0,97371.0,0,Card,True,False,False
C11197,Pune,59,F,14,Premium,Month-to-month,1472.0,19937.0,2,Card,True,False,False
C10100,Bengaluru,33,M,10,Standard,One year,826.0,7874.0,2,Card,False,True,False
C11049,Hyderabad,73,F,37,Basic,One year,542.0,19837.0,2,Card,False,True,False
C11627,Hyderabad,46,F,25,Premium,One year,1121.0,27982.0,5,UPI,False,False,False
C16880,Bengaluru,37,M,11,Basic,Month-to-month,334.0,3645.0,2,Bank transfer,False,False,True
C12831,Pune,74,F,12,Standard,Month-to-month,688.0,8124.0,2,Cash,False,False,False
C13800,Chennai,71,M,64,Basic,Two year,855.0,54618.0,1,UPI,True,True,False
C12443,Pune,57,M,14,Basic,Month-to-month,908.0,12366.0,1,UPI,True,True,False
C11271,Bengaluru,22,M,39,Basic,Month-to-month,808.0,30888.0,1,Bank transfer,True,True,False
C15854,Bengaluru,21,F,34,Standard,One year,1111.0,36141.0,2,Card,True,True,False
C16695,Kochi,59,F,24,Standard,One year,688.0,16391.0,3,Bank transfer,False,False,False
C12748,Bengaluru,71,F,43,Basic,One year,451.0,19003.0,1,UPI,False,False,False
C15474,Pune,25,F,12,Basic,One year,402.0,4625.0,0,Card,False,False,False
C10766,Bengaluru,21,F,30,Standard,One year,1008.0,30217.0,0,UPI,True,False,False
C14846,Kochi,64,F,10,Standard,Month-to-month,982.0,9588.0,1,Bank transfer,True,False,False
C15058,Chennai,47,F,13,Basic,One year,709.0,9211.0,1,UPI,True,False,False
C11889,Pune,63,F,12,Premium,One year,1380.0,16245.0,0,UPI,False,True,False
C13660,Kochi,46,F,39,Standard,Month-to-month,930.0,35210.0,1,Card,False,True,False
C13060,Pune,33,M,32,Basic,Month-to-month,650.0,20243.0,0,UPI,True,False,False
C16386,Hyderabad,49,F,5,Basic,Month-to-month,823.0,4043.0,2,Cash,True,True,False
C10168,Bengaluru,21,F,13,Premium,Month-to-month,1313.0,16559.0,1,UPI,False,True,True
C10073,Chennai,55,M,20,Premium,One year,1344.0,25803.0,1,UPI,False,True,False
C12653,Bengaluru,74,M,34,Standard,Month-to-month,1030.0,33535.0,2,UPI,True,False,False
C12985,Hyderabad,55,M,2,Basic,Month-to-month,633.0,1240.0,0,UPI,False,True,True
C11883,Bengaluru,72,M,60,Standard,One year,895.0,53346.0,0,Cash,False,True,False
C14044,Hyderabad,72,F,67,Premium,Two year,1459.0,93107.0,0,UPI,True,False,False
C12166,Pune,26,F,18,Basic,Two year,370.0,6628.0,1,Cash,False,False,False
C15234,Chennai,34,M,28,Standard,One year,960.0,26841.0,0,UPI,True,False,False
C12568,Pune,22,F,58,Basic,One year,463.0,26801.0,2,UPI,False,False,False
C10992,Hyderabad,25,M,70,Standard,One year,685.0,46247.0,2,UPI,False,False,False
C16149,Hyderabad,69,F,12,Standard,Month-to-month,1197.0,14224.0,1,UPI,True,True,False
C15595,Hyderabad,24,M,5,Standard,Month-to-month,1044.0,5025.0,2,UPI,True,False,False
C16398,Chennai,21,F,7,Basic,Month-to-month,401.0,2688.0,0,Card,False,False,False
C11905,Pune,37,M,32,Standard,One year,983.0,30878.0,0,Bank transfer,True,False,False
C15189,Chennai,44,F,7,Basic,One year,671.0,4523.0,1,UPI,True,False,False
C13086,Hyderabad,63,F,35,Standard,Two year,684.0,23644.0,0,UPI,False,False,False
C11384,Hyderabad,49,M,8,Basic,One year,393.0,2988.0,0,Card,False,False,False
C16527,Chennai,21,M,47,Standard,One year,997.0,46621.0,1,Card,True,False,True
C13441,Bengaluru,72,F,14,Premium,Month-to-month,1708.0,23533.0,1,UPI,True,True,True
C11738,Hyderabad,32,F,2,Standard,Month-to-month,1016.0,1960.0,1,Card,True,False,True
C16653,Bengaluru,18,F,19,Basic,Month-to-month,344.0,6536.0,1,UPI,False,False,True
C11503,Hyderabad,27,M,21,Standard,One year,1068.0,21496.0,0,Bank transfer,True,False,False
C12564,Chennai,52,F,11,Standard,Two year,963.0,10338.0,0,Cash,True,False,False
C11631,Hyderabad,50,F,25,Basic,Two year,637.0,15611.0,2,Card,True,False,False
C16611,Chennai,64,M,30,Premium,Month-to-month,1481.0,42717.0,1,Card,True,False,False
C10266,Kochi,29,M,28,Basic,One year,547.0,15246.0,2,UPI,False,True,False
C11033,Hyderabad,40,M,37,Premium,Month-to-month,1529.0,56259.0,1,Card,True,False,False
C15925,Bengaluru,59,F,71,Basic,Two year,874.0,60719.0,0,Bank transfer,True,True,False
C12631,Pune,53,F,31,Basic,Month-to-month,774.0,23981.0,0,Card,True,False,False
C13586,Bengaluru,43,F,9,Premium,Month-to-month,1472.0,12690.0,2,UPI,True,False,False
C12585,Chennai,18,F,31,Premium,Month-to-month,1308.0,40548.0,3,Card,False,True,True
C11844,Bengaluru,59,M,24,Standard,Month-to-month,1184.0,27770.0,0,Bank transfer,True,True,False
C16986,Hyderabad,56,M,7,Premium,Two year,1499.0,10275.0,2,Card,True,False,False
C16203,Pune,64,F,25,Standard,Month-to-month,970.0,23165.0,0,UPI,True,False,False
C16643,Bengaluru,22,M,58,Basic,One year,711.0,40417.0,1,UPI,True,False,False
C12214,Bengaluru,50,M,68,Standard,Two year,664.0,44595.0,0,UPI,False,False,False
C10144,Kochi,64,F,18,Standard,Month-to-month,973.0,17238.0,3,Cash,True,False,True
C14427,Hyderabad,43,M,45,Standard,One year,1033.0,44182.0,1,UPI,True,False,False
C13959,Hyderabad,56,F,39,Premium,One year,1198.0,46048.0,1,Card,False,False,False
C16069,Hyderabad,46,M,37,Basic,Month-to-month,691.0,24389.0,3,UPI,True,False,True
C14343,Bengaluru,35,M,21,Standard,Month-to-month,1066.0,21590.0,0,Card,True,False,False
C14469,Bengaluru,59,M,66,Basic,One year,527.0,34654.0,0,UPI,False,True,False
C14476,Kochi,72,F,65,Premium,Two year,1222.0,78872.0,1,UPI,False,False,False
C12547,Pune,54,F,52,Premium,Two year,1583.0,81466.0,1,Card,True,True,False
C10320,Bengaluru,47,F,37,Standard,Two year,1109.0,39598.0,1,UPI,True,True,False
C16335,Hyderabad,28,F,7,Basic,Month-to-month,430.0,2897.0,2,UPI,False,False,False
C14732,Kochi,21,F,8,Standard,One year,723.0,5655.0,0,UPI,False,False,False
C11587,Bengaluru,65,M,14,Basic,Month-to-month,363.0,5030.0,2,UPI,False,False,False
C15427,Bengaluru,35,F,32,Basic,Month-to-month,689.0,21683.0,2,Card,True,False,False
C11584,Hyderabad,39,F,4,Standard,Month-to-month,1074.0,4227.0,1,UPI,True,False,False
C13573,Bengaluru,50,F,22,Premium,One year,1678.0,35836.0,1,Card,True,True,False
C13699,Hyderabad,32,M,10,Basic,Month-to-month,369.0,3541.0,2,Bank transfer,False,False,True
C12282,Bengaluru,32,F,59,Premium,One year,1382.0,81028.0,0,UPI,False,True,False
C15310,Hyderabad,23,M,31,Premium,One year,1195.0,36286.0,0,Card,False,False,False
C14526,Bengaluru,68,M,25,Standard,One year,636.0,15303.0,1,Cash,False,False,False
C11010,Hyderabad,18,F,33,Premium,Month-to-month,1361.0,43159.0,0,Cash,False,True,False
C13913,Hyderabad,44,F,1,Basic,Month-to-month,707.0,696.0,1,Card,True,False,False
C13024,Hyderabad,31,F,44,Standard,Two year,1181.0,50850.0,0,UPI,True,True,False
C13996,Pune,70,M,40,Standard,One year,856.0,33242.0,1,UPI,False,True,False
C10191,Bengaluru,71,F,63,Standard,One year,1052.0,63685.0,1,UPI,True,False,False
C14783,Bengaluru,36,M,9,Standard,Month-to-month,899.0,7719.0,1,UPI,False,True,False
C11175,Bengaluru,40,M,15,Premium,Month-to-month,1234.0,18259.0,1,Bank transfer,False,False,True
C14531,Bengaluru,71,F,5,Premium,Month-to-month,1662.0,8031.0,2,UPI,True,True,False
C14992,Chennai,56,F,13,Premium,Month-to-month,1734.0,22243.0,1,Card,True,True,False
C11690,Kochi,63,F,26,Standard,Month-to-month,672.0,17147.0,0,Cash,False,False,False
C16038,Hyderabad,67,M,62,Standard,Two year,992.0,59471.0,1,Cash,True,False,False
C11280,Bengaluru,21,F,12,Standard,Month-to-month,771.0,9087.0,2,Cash,False,True,False
C15995,Kochi,22,F,27,Basic,One year,430.0,11086.0,0,Bank transfer,False,False,False
C13350,Bengaluru,49,M,10,Basic,Month-to-month,726.0,7037.0,4,UPI,True,False,True
C15282,Bengaluru,41,F,39,Basic,Month-to-month,866.0,33635.0,2,Bank transfer,True,True,False
C15112,Pune,23,M,46,Standard,One year,984.0,44638.0,0,UPI,True,False,False
C12232,Hyderabad,42,M,19,Basic,One year,364.0,6780.0,4,Card,False,False,True
C10687,Bengaluru,26,M,28,Premium,Two year,1631.0,44519.0,3,Bank transfer,True,True,False
C15661,Bengaluru,66,F,17,Standard,Two year,726.0,12002.0,0,UPI,False,False,False
C10638,Chennai,18,M,31,Basic,Month-to-month,458.0,13701.0,1,UPI,False,False,True
C10569,Bengaluru,52,M,1,Basic,Month-to-month,409.0,403.0,0,Bank transfer,False,False,False
C13654,Hyderabad,68,F,18,Basic,One year,849.0,14739.0,3,Card,True,True,False
C10933,Hyderabad,25,M,63,Premium,One year,1480.0,93240.0,0,Card,True,False,False
C15503,Chennai,32,M,20,Standard,Month-to-month,1095.0,21476.0,2,Cash,True,False,True
C11169,Chennai,63,M,37,Standard,Two year,822.0,30273.0,0,UPI,False,True,False
C11360,Bengaluru,19,F,37,Basic,Month-to-month,730.0,26479.0,2,Card,True,False,True
C14629,Hyderabad,62,M,34,Basic,Month-to-month,694.0,22369.0,1,Card,True,False,False
C13287,Bengaluru,23,M,22,Premium,Two year,1179.0,25599.0,1,Card,False,False,False
C13462,Hyderabad,44,M,8,Basic,Two year,584.0,4635.0,2,Card,True,False,False
C16610,Kochi,47,F,8,Basic,Month-to-month,681.0,5441.0,0,Card,True,False,False
C11822,Hyderabad,43,F,17,Standard,Month-to-month,1224.0,20012.0,0,Card,True,True,False
C16413,Bengaluru,64,M,27,Standard,Month-to-month,1073.0,28971.0,3,Bank transfer,True,False,False
C12790,Chennai,69,F,34,Standard,Month-to-month,973.0,32421.0,2,Card,True,False,False
C10196,Hyderabad,43,F,8,Premium,Two year,1162.0,8933.0,1,Bank transfer,False,False,False
C16577,Chennai,54,M,24,Basic,Month-to-month,848.0,19454.0,0,UPI,True,True,True
C15898,Hyderabad,35,M,37,Premium,One year,1676.0,60501.0,0,Cash,True,True,False
C14591,Hyderabad,25,M,26,Standard,Two year,678.0,16894.0,2,Card,False,False,False
C15032,Bengaluru,20,F,6,Basic,Month-to-month,423.0,2469.0,3,Card,False,False,True
C13089,Chennai,45,M,33,Standard,One year,763.0,24931.0,1,UPI,False,False,True
C13785,Bengaluru,40,M,17,Basic,Month-to-month,414.0,6996.0,1,UPI,False,False,False
C15075,Bengaluru,34,M,37,Standard,Two year,836.0,30370.0,1,Card,False,True,False
C12428,Chennai,57,M,39,Basic,Month-to-month,679.0,25498.0,3,Card,True,False,False
C12075,Bengaluru,30,F,32,Standard,One year,945.0,29313.0,0,UPI,True,False,False
C15397,Kochi,21,M,3,Standard,Month-to-month,1187.0,3396.0,1,Card,True,True,False
C15909,Kochi,68,M,38,Standard,One year,989.0,37404.0,0,UPI,True,False,False
C15751,Kochi,45,F,18,Standard,Month-to-month,851.0,15032.0,3,Bank transfer,False,True,False
C14491,Hyderabad,67,F,2,Standard,Month-to-month,745.0,1471.0,0,Bank transfer,False,False,True
C16464,Chennai,64,F,19,Standard,Month-to-month,685.0,12759.0,0,UPI,False,False,False
C11705,Pune,68,F,48,Premium,One year,1389.0,66087.0,2,Card,False,True,False
C10147,Chennai,43,F,52,Standard,Two year,834.0,42955.0,3,UPI,False,True,False
C10797,Kochi,49,M,1,Basic,Month-to-month,612.0,598.0,2,UPI,False,True,False
C11750,Chennai,69,M,15,Standard,Month-to-month,1113.0,16691.0,0,UPI,True,True,False
C10623,Bengaluru,57,F,52,Basic,One year,856.0,43581.0,2,Card,True,True,False
C12286,Chennai,49,M,43,Standard,One year,995.0,41070.0,0,UPI,True,False,False
C14067,Bengaluru,27,M,12,Premium,Month-to-month,1568.0,18249.0,3,Bank transfer,True,False,False
C12028,Bengaluru,28,M,29,Basic,Month-to-month,663.0,18919.0,1,Card,True,False,False
C15105,Kochi,51,F,51,Premium,One year,1654.0,81825.0,0,UPI,True,True,False
C15614,Bengaluru,47,F,13,Basic,Month-to-month,410.0,5228.0,0,UPI,False,False,True
C15006,Bengaluru,73,F,3,Basic,Month-to-month,622.0,1820.0,0,UPI,False,True,False
C15718,Bengaluru,33,F,59,Basic,One year,700.0,41016.0,0,Card,True,False,False
C14991,Hyderabad,47,M,17,Premium,Month-to-month,1474.0,23959.0,1,Card,True,False,False
C11473,Kochi,52,M,14,Premium,Month-to-month,1302.0,18079.0,2,UPI,False,False,True
C10722,Chennai,58,M,7,Basic,One year,855.0,5870.0,3,Cash,True,True,True
C11361,Chennai,28,M,38,Standard,One year,648.0,23608.0,2,Card,False,False,False
C10106,Hyderabad,47,F,43,Standard,Two year,1143.0,49149.0,2,UPI,True,True,False
C14446,Chennai,48,F,1,Standard,Month-to-month,1049.0,1019.0,1,Card,True,False,False
C15643,Kochi,18,F,26,Standard,Month-to-month,1117.0,28455.0,1,UPI,True,True,True
C14746,Bengaluru,73,F,11,Basic,Two year,730.0,7892.0,0,UPI,True,False,False
C14485,Pune,31,F,34,Standard,One year,671.0,21819.0,1,Bank transfer,False,False,False
C13052,Bengaluru,19,M,27,Basic,Month-to-month,707.0,18876.0,2,UPI,True,False,False
C11472,Kochi,31,F,6,Basic,Month-to-month,691.0,4121.0,1,Card,True,False,False
C11117,Hyderabad,52,F,56,Basic,One year,736.0,39774.0,2,UPI,True,False,False
C10554,Bengaluru,31,F,29,Standard,Month-to-month,695.0,19196.0,0,UPI,False,False,False
C10299,Bengaluru,30,M,14,Premium,Month-to-month,1343.0,18376.0,0,Cash,False,True,False
C10170,Hyderabad,48,M,64,Standard,One year,670.0,42452.0,2,Bank transfer,False,False,False
C13326,Hyderabad,74,F,22,Standard,Two year,693.0,14571.0,2,Bank transfer,False,False,False
C13803,Hyderabad,41,M,13,Standard,Month-to-month,1069.0,13556.0,0,Cash,True,False,True
C13674,Kochi,68,F,37,Standard,Month-to-month,1053.0,37445.0,4,Card,True,False,True
C11276,Chennai,38,F,27,Standard,Month-to-month,993.0,25524.0,1,Card,True,False,False
C12354,Chennai,47,F,53,Standard,Two year,727.0,38395.0,1,Bank transfer,False,False,False
C13619,Pune,43,F,19,Basic,Month-to-month,826.0,15447.0,2,Cash,True,True,True
C10415,Chennai,22,F,11,Standard,Month-to-month,827.0,8751.0,1,UPI,False,True,True
C16594,Chennai,41,F,35,Basic,Month-to-month,462.0,15512.0,1,Cash,False,False,True
C14860,Kochi,58,F,21,Basic,Month-to-month,711.0,14563.0,1,UPI,True,False,False
C14524,Kochi,50,M,62,Standard,One year,754.0,45944.0,0,Bank transfer,False,False,False
C14282,Kochi,36,F,7,Premium,Month-to-month,1683.0,11194.0,0,Bank transfer,True,True,True
C13053,Chennai,56,M,20,Basic,Month-to-month,658.0,12896.0,2,UPI,True,False,False
C13923,Hyderabad,31,F,13,Standard,One year,650.0,8283.0,1,UPI,False,False,True
C11839,Bengaluru,43,M,6,Standard,Month-to-month,995.0,5713.0,4,Card,True,False,False
C12956,Hyderabad,49,F,17,Basic,Month-to-month,701.0,11725.0,4,Cash,True,False,False
C16010,Bengaluru,31,F,6,Premium,One year,1585.0,9188.0,2,Card,True,True,False
C12317,Bengaluru,74,F,21,Basic,Month-to-month,324.0,6667.0,1,Cash,False,False,True
C12915,Hyderabad,66,M,18,Basic,Month-to-month,879.0,15484.0,2,Bank transfer,True,True,False
C15985,Hyderabad,26,F,8,Premium,Month-to-month,1513.0,11539.0,5,UPI,True,False,True
C10630,Kochi,41,F,5,Basic,Month-to-month,423.0,2041.0,1,Card,False,False,True
C15046,Bengaluru,74,M,40,Standard,One year,706.0,27039.0,1,UPI,False,False,False
C10162,Hyderabad,28,M,15,Basic,Month-to-month,459.0,6592.0,2,Card,False,False,False
C11073,Hyderabad,70,F,11,Premium,Two year,1484.0,15558.0,1,Bank transfer,True,False,False
C16239,Bengaluru,72,M,11,Basic,One year,362.0,3844.0,0,Cash,False,False,False
C16242,Hyderabad,46,F,28,Basic,Month-to-month,384.0,10516.0,1,Cash,False,False,False
C12017,Kochi,37,M,9,Basic,Month-to-month,846.0,7288.0,1,Card,True,True,True
C15126,Kochi,58,M,58,Basic,Two year,429.0,24053.0,1,Bank transfer,False,False,False
C10876,Hyderabad,37,M,29,Standard,Month-to-month,1044.0,29998.0,3,UPI,True,False,False
C10817,Bengaluru,51,F,16,Premium,Month-to-month,1233.0,18976.0,1,UPI,False,False,False
C14918,Hyderabad,20,F,23,Basic,Month-to-month,790.0,17884.0,2,UPI,True,False,True
C12255,Kochi,23,F,8,Basic,Month-to-month,396.0,3075.0,1,Cash,False,False,False
C12734,Bengaluru,21,F,17,Basic,Month-to-month,833.0,13862.0,0,Bank transfer,True,True,True
C10872,Bengaluru,48,M,33,Basic,Month-to-month,769.0,24846.0,2,UPI,True,False,False
C14341,Pune,48,M,57,Standard,One year,1049.0,58633.0,0,Card,True,False,False
C13683,Chennai,45,F,11,Basic,One year,538.0,5695.0,0,UPI,False,True,False
C10229,Bengaluru,42,M,13,Basic,Two year,420.0,5312.0,1,Card,False,False,False
C10906,Chennai,59,F,33,Standard,Month-to-month,958.0,31355.0,1,UPI,True,False,False
C12056,Bengaluru,26,M,17,Standard,Two year,838.0,13672.0,1,UPI,False,True,False
C10896,Hyderabad,49,M,26,Standard,One year,1033.0,26538.0,0,Cash,True,False,False
C16331,Kochi,71,M,46,Premium,Two year,1507.0,66512.0,1,Cash,True,False,False
C15321,Bengaluru,63,M,37,Standard,Month-to-month,1072.0,37725.0,3,Cash,True,False,True
C15849,Hyderabad,40,M,60,Basic,One year,860.0,49464.0,2,Cash,True,True,False
C16225,Hyderabad,68,M,37,Premium,Month-to-month,1195.0,42484.0,2,Cash,False,False,False
C13871,Bengaluru,26,M,57,Basic,One year,402.0,22190.0,1,UPI,False,False,False
C12153,Chennai,37,M,10,Basic,Month-to-month,720.0,7179.0,1,UPI,True,False,False
C10791,Hyderabad,48,F,27,Basic,One year,395.0,10658.0,5,Cash,False,False,True
C16333,Hyderabad,27,F,33,Premium,Month-to-month,1541.0,49739.0,3,UPI,True,False,False
C11910,Kochi,55,M,54,Basic,Two year,375.0,20230.0,1,UPI,False,False,False
C11327,Chennai,59,M,49,Premium,One year,1503.0,73124.0,3,Cash,True,False,False
C12308,Pune,58,F,40,Basic,One year,689.0,26688.0,2,Cash,True,False,False
C16288,Hyderabad,62,M,26,Premium,One year,1530.0,39654.0,1,Cash,True,False,False
C12876,Hyderabad,30,M,46,Basic,One year,799.0,35225.0,1,Card,True,True,False
C15747,Bengaluru,31,M,21,Basic,One year,923.0,18893.0,3,UPI,True,True,False
C10698,Chennai,66,F,65,Premium,One year,1468.0,94200.0,2,Card,True,False,False
C16586,Hyderabad,36,M,44,Premium,One year,1184.0,50600.0,3,UPI,False,False,False
C13083,Bengaluru,29,F,19,Standard,One year,1105.0,20600.0,1,UPI,True,False,False
C13080,Chennai,65,F,9,Standard,Month-to-month,1079.0,9558.0,1,Bank transfer,True,False,False
C14986,Hyderabad,50,F,25,Standard,One year,758.0,18736.0,1,Bank transfer,False,False,False
C16738,Pune,51,F,49,Basic,One year,797.0,38298.0,4,UPI,True,True,False
C11717,Hyderabad,18,F,15,Standard,Month-to-month,709.0,10635.0,1,UPI,False,False,True
C12579,Hyderabad,27,F,20,Standard,Month-to-month,668.0,13069.0,1,Bank transfer,False,False,False
C10894,Kochi,43,M,22,Standard,Month-to-month,1028.0,22431.0,2,Card,True,False,False
C13020,Chennai,29,F,42,Standard,One year,834.0,34611.0,0,UPI,False,True,False
C13541,Pune,57,F,22,Standard,Month-to-month,989.0,21169.0,0,UPI,True,False,False
C15247,Kochi,62,F,27,Basic,Month-to-month,571.0,15096.0,1,UPI,False,True,True
C15542,Hyderabad,70,F,38,Standard,Month-to-month,1148.0,43624.0,0,Card,True,True,False
C14153,Pune,27,F,25,Basic,One year,554.0,13395.0,0,UPI,False,True,False
C11979,Pune,35,F,61,Standard,Two year,1159.0,68838.0,0,Card,True,True,False
C16018,Hyderabad,35,F,59,Standard,One year,729.0,41025.0,2,UPI,False,False,False
C11057,Hyderabad,70,F,70,Standard,One year,974.0,68180.0,2,Bank transfer,True,False,False
C13309,Bengaluru,49,M,33,Premium,Month-to-month,1342.0,43305.0,0,Card,False,True,False
C13518,Chennai,42,M,22,Basic,Month-to-month,362.0,7722.0,5,Cash,False,False,True
C12330,Hyderabad,27,F,17,Basic,Month-to-month,751.0,12668.0,3,Bank transfer,True,False,False
C13658,Kochi,58,F,39,Basic,One year,526.0,20289.0,1,UPI,False,True,False
C16506,Hyderabad,50,M,57,Basic,One year,398.0,22027.0,1,Card,False,False,False
C16387,Pune,59,M,43,Basic,One year,365.0,15137.0,0,Card,False,False,False
C10092,Hyderabad,22,F,47,Basic,Two year,678.0,30922.0,3,Card,True,False,False
C11234,Chennai,41,M,19,Standard,Month-to-month,1147.0,21043.0,1,UPI,True,True,False
C16481,Chennai,65,M,22,Basic,Month-to-month,714.0,15523.0,0,Card,True,False,False
C11013,Hyderabad,25,F,21,Basic,Month-to-month,684.0,13727.0,2,UPI,True,False,True
C15796,Bengaluru,67,M,24,Standard,One year,1006.0,23817.0,0,Cash,True,False,False
C13863,Pune,41,M,21,Standard,Month-to-month,1126.0,22596.0,2,Card,True,True,False
C10947,Hyderabad,44,F,28,Basic,One year,653.0,17591.0,1,Cash,True,False,False
C11793,Hyderabad,62,M,26,Standard,Month-to-month,850.0,21145.0,2,UPI,False,True,False
C15205,Chennai,27,F,18,Basic,Month-to-month,356.0,6408.0,3,Card,False,False,False
C10190,Hyderabad,25,M,7,Basic,Month-to-month,713.0,4874.0,2,UPI,True,False,False
C16183,Hyderabad,53,M,18,Basic,Month-to-month,594.0,10230.0,0,Card,True,False,False
C11531,Kochi,20,M,27,Basic,Month-to-month,364.0,9544.0,1,Card,False,False,True
C16092,Pune,68,M,33,Premium,One year,1119.0,35885.0,2,Card,False,False,False
C12682,Pune,44,F,23,Standard,One year,1032.0,23736.0,3,UPI,True,False,True
C16050,Chennai,22,F,60,Standard,Two year,978.0,56993.0,0,UPI,True,False,False
C12812,Hyderabad,28,F,61,Premium,One year,1690.0,100776.0,2,UPI,True,True,False
C13894,Kochi,52,M,1,Standard,Month-to-month,725.0,689.0,0,Cash,False,False,False
C13588,Hyderabad,18,M,68,Basic,One year,865.0,58484.0,1,Cash,True,True,False
C14819,Chennai,64,F,35,Standard,Month-to-month,1190.0,39781.0,2,Bank transfer,True,True,False
C13176,Bengaluru,35,M,37,Basic,One year,705.0,25067.0,0,UPI,True,False,False
C12111,Hyderabad,60,F,14,Basic,One year,838.0,11158.0,0,UPI,True,True,False
C16377,Pune,73,M,18,Standard,Month-to-month,656.0,11496.0,1,Card,False,False,True
C14772,Hyderabad,24,F,16,Standard,Month-to-month,944.0,14897.0,1,UPI,True,False,False
C10105,Bengaluru,52,F,19,Basic,Two year,843.0,15889.0,1,Card,True,True,False
C13413,Bengaluru,66,F,47,Premium,Two year,1618.0,76046.0,0,Cash,True,True,False
C12801,Hyderabad,64,F,28,Standard,Two year,1030.0,28831.0,2,Bank transfer,True,False,False
C15817,Hyderabad,27,M,47,Standard,Two year,1032.0,47017.0,1,UPI,True,False,False
C11963,Bengaluru,50,M,70,Standard,One year,681.0,46423.0,0,UPI,False,False,False
C14998,Bengaluru,69,F,14,Basic,Two year,521.0,7257.0,0,Card,False,True,False
C12301,Hyderabad,55,F,24,Standard,Month-to-month,734.0,17375.0,1,Cash,False,False,False
C15528,Hyderabad,66,M,12,Basic,Two year,716.0,8583.0,3,Card,True,False,False
C16566,Hyderabad,35,F,33,Basic,One year,917.0,29461.0,1,Cash,True,True,False
C10774,Pune,74,F,34,Basic,Month-to-month,442.0,14757.0,1,Card,False,True,False
C11232,Kochi,25,M,38,Basic,One year,678.0,24817.0,1,UPI,True,False,False
C10858,Hyderabad,27,F,9,Basic,Month-to-month,523.0,4575.0,1,Cash,False,True,False
C15524,Bengaluru,47,F,17,Standard,Month-to-month,671.0,11088.0,1,UPI,False,False,False
C16125,Pune,44,F,33,Standard,Month-to-month,1080.0,34092.0,1,Card,True,True,True
C16223,Hyderabad,54,F,32,Basic,One year,384.0,11750.0,2,Card,False,False,False
C15085,Chennai,36,F,37,Basic,Month-to-month,559.0,20609.0,0,UPI,False,True,False
C13154,Chennai,74,M,19,Premium,Month-to-month,1715.0,31744.0,1,Card,True,True,False
C14593,Chennai,58,M,29,Basic,Month-to-month,576.0,16647.0,2,Cash,False,True,True
C15703,Pune,49,M,30,Basic,Two year,681.0,20266.0,1,Card,True,False,False
C13430,Bengaluru,57,F,42,Basic,Two year,678.0,28476.0,1,UPI,True,False,False
C16231,Bengaluru,65,M,64,Premium,One year,1496.0,91103.0,2,UPI,True,False,False
C16085,Kochi,45,M,11,Standard,Month-to-month,807.0,8552.0,0,Cash,False,True,False
C14160,Hyderabad,45,F,31,Standard,Month-to-month,694.0,21514.0,0,UPI,False,False,False
C16749,Hyderabad,56,M,33,Standard,Two year,693.0,22287.0,1,UPI,False,False,False
C15910,Hyderabad,35,M,24,Standard,One year,694.0,16227.0,2,Bank transfer,False,False,False
C14370,Kochi,24,F,23,Basic,Month-to-month,446.0,9864.0,2,UPI,False,False,False
C10725,Bengaluru,49,F,11,Premium,Month-to-month,1518.0,16138.0,1,Card,True,False,False
C11679,Pune,21,F,25,Premium,Two year,1190.0,28992.0,2,Bank transfer,False,False,False
C16692,Bengaluru,65,M,55,Standard,Two year,798.0,41814.0,1,Card,False,False,False
C15245,Hyderabad,74,M,2,Standard,Month-to-month,988.0,1943.0,0,Card,True,False,False
C12201,Hyderabad,53,F,5,Basic,Month-to-month,347.0,1672.0,1,UPI,False,False,True
C16757,Hyderabad,18,F,11,Premium,Month-to-month,1500.0,16222.0,1,UPI,True,False,True
C13943,Kochi,57,F,38,Standard,Month-to-month,942.0,34918.0,3,Card,True,False,False
C11363,Bengaluru,23,F,48,Basic,Two year,812.0,38660.0,0,Card,True,True,False
C10410,Pune,27,F,37,Basic,Month-to-month,423.0,15486.0,1,UPI,False,False,False
C10830,Hyderabad,66,M,7,Standard,Month-to-month,880.0,6002.0,4,Bank transfer,False,True,True
C13781,Pune,50,F,70,Premium,One year,1257.0,85778.0,0,Card,False,False,False
C10912,Bengaluru,46,M,21,Standard,One year,662.0,13475.0,1,Card,False,False,False
C16661,Hyderabad,37,M,10,Premium,Month-to-month,1637.0,16106.0,0,Card,True,True,False
C12092,Hyderabad,57,M,29,Basic,Month-to-month,620.0,17668.0,0,UPI,True,False,True
C10390,Hyderabad,26,F,6,Standard,Month-to-month,843.0,4997.0,0,Bank transfer,False,True,False
C16364,Bengaluru,18,M,3,Basic,Month-to-month,836.0,2495.0,2,Cash,True,True,True
C16284,Bengaluru,30,F,31,Premium,Month-to-month,1639.0,48839.0,2,Card,True,True,False
C15469,Hyderabad,49,M,17,Standard,Two year,1029.0,16755.0,1,UPI,True,False,False
C16501,Hyderabad,41,F,32,Premium,Month-to-month,1531.0,48511.0,0,UPI,True,False,False
C14818,Bengaluru,20,F,7,Basic,Month-to-month,672.0,4683.0,3,UPI,True,False,False
C14357,Chennai,37,F,70,Standard,One year,901.0,61563.0,1,Bank transfer,False,True,False
C16259,Pune,61,M,35,Basic,Month-to-month,740.0,25155.0,1,Card,True,False,False
C13123,Hyderabad,52,M,12,Basic,Two year,671.0,7708.0,1,Card,True,False,False
C13121,Kochi,47,M,38,Standard,Month-to-month,1171.0,43474.0,0,Bank transfer,True,True,False
C13957,Pune,30,F,10,Basic,Month-to-month,832.0,8257.0,2,Cash,True,True,True
C10718,Bengaluru,37,F,48,Standard,One year,1072.0,50561.0,1,Bank transfer,True,True,False
C13452,Chennai,42,M,12,Basic,Month-to-month,876.0,10448.0,1,UPI,True,True,False
C12440,Bengaluru,44,F,45,Standard,One year,1013.0,43523.0,2,Cash,True,False,False
C13256,Bengaluru,33,M,39,Premium,Two year,1239.0,47625.0,1,Card,False,False,False
C16163,Hyderabad,30,F,12,Basic,Month-to-month,290.0,3419.0,2,UPI,False,False,True
C16502,Bengaluru,54,M,6,Standard,One year,817.0,4694.0,1,Card,False,True,False
C13108,Kochi,61,M,18,Basic,One year,939.0,16902.0,0,Cash,True,True,False
C13411,Chennai,32,M,25,Standard,Month-to-month,1072.0,25531.0,0,UPI,True,True,False
C16934,Pune,31,M,18,Premium,Two year,1204.0,21355.0,1,Cash,False,False,False
C13048,Pune,64,F,62,Basic,One year,884.0,53883.0,6,UPI,True,True,False
C15031,Kochi,53,F,2,Standard,Month-to-month,1016.0,1945.0,0,Bank transfer,True,False,True
C10420,Bengaluru,62,M,71,Basic,One year,702.0,48292.0,2,Card,True,False,False
C12197,Chennai,72,F,46,Premium,Two year,1644.0,71867.0,0,Bank transfer,True,True,False
C14105,Hyderabad,25,M,61,Basic,Two year,723.0,42808.0,4,UPI,True,False,False
C13877,Bengaluru,35,F,27,Standard,Two year,1090.0,28335.0,1,Bank transfer,True,True,False
C13912,Bengaluru,48,M,59,Standard,Two year,849.0,49041.0,0,UPI,False,True,False
C13117,Pune,31,M,22,Basic,One year,716.0,15752.0,0,Bank transfer,True,False,False
C11937,Bengaluru,18,F,2,Basic,Month-to-month,672.0,1330.0,0,Card,True,False,True
C11119,Hyderabad,43,M,14,Basic,Month-to-month,542.0,7423.0,1,Bank transfer,False,True,True
C14115,Bengaluru,35,M,30,Premium,Month-to-month,1586.0,46273.0,1,Card,True,True,True
C10534,Kochi,32,F,47,Standard,One year,677.0,31346.0,1,Bank transfer,False,False,False
C10548,Hyderabad,66,M,30,Premium,Month-to-month,1481.0,43097.0,0,Bank transfer,True,False,False
C15680,Chennai,53,F,20,Standard,One year,895.0,17152.0,0,Bank transfer,False,True,False
C10298,Pune,47,M,67,Standard,Two year,797.0,51932.0,0,Bank transfer,False,True,False
C13362,Pune,31,M,41,Standard,One year,914.0,36233.0,0,UPI,False,True,False
C13729,Kochi,58,F,39,Basic,Month-to-month,844.0,32341.0,1,UPI,True,True,False
C12170,Bengaluru,62,F,11,Standard,Month-to-month,716.0,7640.0,1,Cash,False,False,False
C11385,Chennai,46,M,60,Standard,Two year,1011.0,60249.0,0,Cash,True,False,False
C13207,Hyderabad,63,M,37,Standard,Month-to-month,767.0,27212.0,4,Card,False,True,False
C13135,Hyderabad,30,F,12,Basic,One year,778.0,8893.0,2,Card,True,False,False
C13899,Hyderabad,67,M,44,Premium,One year,1750.0,75421.0,1,Card,True,True,False
C16853,Hyderabad,63,F,24,Basic,Month-to-month,884.0,20720.0,0,Card,True,True,False
C16921,Chennai,39,M,42,Basic,Two year,536.0,22269.0,2,UPI,False,True,False
C15771,Bengaluru,66,M,70,Premium,Two year,1243.0,83407.0,1,UPI,False,False,False
C15487,Bengaluru,64,F,4,Standard,Month-to-month,635.0,2513.0,3,UPI,False,False,True
C14184,Bengaluru,39,M,34,Standard,Month-to-month,970.0,32222.0,1,UPI,True,False,False
C13158,Hyderabad,54,M,45,Standard,One year,652.0,28522.0,2,Card,False,False,False
C15739,Hyderabad,29,F,39,Premium,Month-to-month,1303.0,49984.0,3,Card,False,True,False
C10097,Chennai,63,M,16,Premium,One year,1538.0,23719.0,1,Bank transfer,True,False,False
C12099,Chennai,26,M,56,Basic,One year,417.0,22819.0,1,Cash,False,False,False
C16492,Chennai,23,F,60,Standard,Two year,744.0,42924.0,1,Bank transfer,False,False,False
C14605,Bengaluru,66,M,14,Basic,Month-to-month,414.0,5602.0,3,Bank transfer,False,False,True
C12259,Bengaluru,70,F,7,Basic,Month-to-month,551.0,3787.0,1,Bank transfer,False,True,False
C14799,Bengaluru,37,M,33,Basic,Month-to-month,808.0,26312.0,2,Bank transfer,True,True,False
C11969,Hyderabad,41,M,37,Basic,Month-to-month,715.0,25198.0,2,Cash,True,False,False
C12794,Kochi,20,F,14,Standard,Month-to-month,1079.0,15106.0,0,UPI,True,False,False
C11045,Chennai,23,F,23,Premium,Month-to-month,1382.0,30726.0,1,Card,False,True,False
C15602,Bengaluru,48,F,16,Premium,Month-to-month,1740.0,26509.0,3,Cash,True,True,True
C10939,Chennai,29,M,14,Basic,Month-to-month,650.0,8669.0,2,Card,True,False,True
C15525,Hyderabad,45,F,16,Standard,Month-to-month,984.0,15460.0,2,Bank transfer,True,False,False
C15904,Kochi,44,M,5,Basic,Month-to-month,519.0,2571.0,1,UPI,False,True,False
C16007,Bengaluru,33,F,15,Standard,Month-to-month,1155.0,17107.0,1,Cash,True,True,True
C10607,Hyderabad,36,M,26,Basic,Two year,860.0,21682.0,0,UPI,True,True,False
C16945,Chennai,63,F,4,Premium,Month-to-month,1528.0,5969.0,1,Card,True,False,False
C12526,Kochi,68,M,21,Standard,Month-to-month,663.0,13471.0,1,UPI,False,False,False
C12539,Hyderabad,21,F,16,Standard,Month-to-month,973.0,15067.0,1,UPI,True,False,True
C16508,Bengaluru,39,M,25,Basic,Month-to-month,776.0,19390.0,0,UPI,True,True,False
C10296,Pune,38,M,12,Basic,One year,850.0,9952.0,0,Bank transfer,True,True,False
C10049,Pune,58,F,2,Basic,Month-to-month,446.0,872.0,2,UPI,False,False,True
C15607,Hyderabad,28,F,18,Standard,Two year,921.0,16434.0,1,UPI,True,False,True
C10224,Bengaluru,55,M,14,Basic,Month-to-month,467.0,6324.0,2,UPI,False,False,True
C11774,Pune,42,F,22,Standard,Month-to-month,988.0,20853.0,1,UPI,True,False,False
C11243,Hyderabad,46,F,32,Basic,Month-to-month,852.0,26207.0,0,Bank transfer,True,True,False
C13279,Bengaluru,69,M,41,Basic,Two year,401.0,16275.0,3,Card,False,False,False
C11921,Chennai,24,F,32,Basic,One year,645.0,20510.0,1,Cash,True,False,False
C10850,Chennai,58,M,57,Premium,Two year,1178.0,64700.0,2,UPI,False,False,False
C15881,Hyderabad,69,M,1,Standard,Month-to-month,763.0,731.0,4,Card,False,False,False
C16791,Chennai,59,F,40,Standard,One year,1177.0,45157.0,1,Card,True,True,False
C11225,Bengaluru,30,F,36,Basic,Month-to-month,874.0,30161.0,1,Card,True,True,False
C14658,Kochi,60,F,15,Premium,Month-to-month,1346.0,19885.0,1,UPI,False,True,False
C16766,Bengaluru,69,F,5,Standard,Month-to-month,982.0,4849.0,2,UPI,True,False,True
C12852,Bengaluru,72,F,15,Premium,Month-to-month,1123.0,16806.0,1,UPI,False,False,False
C14700,Hyderabad,25,F,31,Standard,Month-to-month,990.0,29305.0,1,UPI,True,False,False
C13317,Hyderabad,57,M,67,Standard,One year,637.0,41256.0,0,UPI,False,False,False
C10442,Bengaluru,44,F,34,Basic,One year,603.0,20177.0,1,UPI,False,True,False
C12472,Hyderabad,59,F,4,Standard,Month-to-month,981.0,3923.0,1,UPI,True,False,True
C15694,Bengaluru,55,F,64,Premium,One year,1527.0,94591.0,1,Card,True,False,False
C15120,Hyderabad,60,F,38,Basic,Month-to-month,788.0,29495.0,3,Card,True,True,False
C12587,Pune,41,M,19,Standard,Month-to-month,1239.0,22409.0,1,UPI,True,True,False
C12815,Bengaluru,68,F,66,Standard,One year,706.0,45745.0,0,Bank transfer,False,False,False
C16906,Chennai,70,M,16,Premium,Two year,1636.0,24895.0,0,Bank transfer,True,True,False
C12916,Hyderabad,72,M,11,Basic,Month-to-month,812.0,8533.0,0,Bank transfer,True,True,False
C16833,Hyderabad,28,M,22,Basic,Month-to-month,689.0,14713.0,1,UPI,True,False,False
C10187,Hyderabad,73,M,28,Standard,Month-to-month,627.0,16995.0,3,UPI,False,False,False
C14502,Kochi,59,F,13,Standard,Two year,975.0,12464.0,0,Card,True,False,False
C15268,Bengaluru,43,F,40,Basic,Two year,395.0,15767.0,1,Bank transfer,False,False,False
C12799,Pune,37,F,22,Basic,Month-to-month,880.0,19358.0,0,UPI,True,True,True
C13903,Kochi,55,F,63,Standard,One year,1146.0,69412.0,2,Cash,True,True,False
C14075,Bengaluru,33,M,4,Basic,Month-to-month,374.0,1495.0,0,UPI,False,False,False
C10461,Kochi,34,F,52,Basic,One year,768.0,39127.0,2,UPI,True,False,False
C14766,Chennai,63,F,36,Basic,Month-to-month,851.0,29736.0,1,UPI,True,True,True
C16799,Kochi,43,F,43,Basic,One year,818.0,34451.0,5,Bank transfer,True,True,True
C16929,Chennai,47,M,9,Standard,Month-to-month,1107.0,9955.0,2,UPI,True,True,True
C13131,Pune,23,F,25,Basic,Month-to-month,735.0,18007.0,1,Card,True,False,True
C16053,Hyderabad,38,M,31,Premium,Month-to-month,1453.0,43252.0,1,Cash,True,False,False
C10714,Bengaluru,67,F,71,Standard,One year,715.0,50624.0,0,Card,False,False,False
C15446,Pune,38,M,6,Basic,One year,406.0,2371.0,2,Cash,False,False,True
C14520,Hyderabad,23,F,38,Premium,Month-to-month,1489.0,54751.0,3,UPI,True,False,False
C16187,Hyderabad,25,F,29,Basic,Month-to-month,693.0,19452.0,1,Bank transfer,True,False,False
C16805,Bengaluru,67,M,58,Basic,One year,568.0,31399.0,2,UPI,False,True,False
C10635,Kochi,60,M,41,Premium,One year,1646.0,64762.0,0,Cash,True,True,False
C14085,Bengaluru,42,M,11,Premium,Month-to-month,1619.0,17009.0,0,Card,True,True,False
C14624,Hyderabad,40,F,19,Standard,One year,1097.0,20166.0,0,Card,True,True,False
C12266,Bengaluru,61,M,31,Basic,One year,434.0,13150.0,0,Card,False,False,False
C14040,Pune,74,F,11,Standard,One year,745.0,7975.0,1,Card,False,False,False
C14042,Hyderabad,43,F,3,Basic,Month-to-month,876.0,2549.0,0,UPI,True,True,False
C11765,Pune,57,M,34,Standard,Two year,1077.0,35361.0,0,UPI,True,False,False
C16964,Kochi,22,F,56,Basic,Two year,677.0,37023.0,1,Card,True,False,False
C12347,Hyderabad,74,M,18,Standard,Month-to-month,804.0,14387.0,3,Cash,False,True,True
C15014,Chennai,45,F,43,Standard,One year,1074.0,43875.0,0,Bank transfer,True,True,False
C12903,Kochi,30,F,12,Standard,Month-to-month,977.0,11505.0,1,UPI,True,False,False
C15594,Kochi,56,M,16,Premium,Month-to-month,1191.0,18459.0,1,UPI,False,False,True
C10609,Bengaluru,40,F,57,Standard,One year,1146.0,64974.0,2,Bank transfer,True,True,True
C10485,Bengaluru,63,M,63,Basic,Two year,521.0,32823.0,1,Cash,False,True,False
C15574,Hyderabad,45,F,11,Standard,Two year,994.0,10750.0,2,Bank transfer,True,False,False
C11085,Hyderabad,51,F,7,Premium,Month-to-month,1345.0,9122.0,0,Card,False,True,True
C12129,Chennai,53,M,49,Premium,One year,1205.0,58738.0,0,Bank transfer,False,False,False
C15800,Pune,18,F,14,Basic,Month-to-month,427.0,5804.0,0,UPI,False,False,True
C14420,Chennai,35,F,21,Standard,Month-to-month,1162.0,23826.0,1,Card,True,True,True
C13538,Kochi,61,F,13,Premium,One year,1650.0,20938.0,1,Bank transfer,True,True,False
C13128,Bengaluru,66,F,6,Premium,Month-to-month,1159.0,6728.0,1,Cash,False,False,False
C10019,Kochi,69,F,10,Basic,Month-to-month,528.0,5166.0,1,Cash,False,True,False
C16598,Hyderabad,65,M,38,Premium,One year,1662.0,60943.0,3,Card,True,True,False
C14934,Bengaluru,26,M,12,Premium,Month-to-month,1169.0,13814.0,0,Cash,False,False,True
C16117,Kochi,27,F,28,Basic,Month-to-month,585.0,16142.0,0,UPI,False,True,False
C16902,Hyderabad,39,F,23,Basic,One year,686.0,15087.0,0,Cash,True,False,False
C11673,Bengaluru,64,M,38,Basic,Month-to-month,632.0,23140.0,2,Card,True,False,False
C15436,Hyderabad,22,M,14,Basic,Month-to-month,684.0,9136.0,1,Cash,True,False,False
C16178,Pune,53,F,30,Premium,Two year,1584.0,45956.0,0,Card,True,True,False
C12856,Hyderabad,59,F,31,Standard,Month-to-month,977.0,30019.0,3,Bank transfer,True,False,False
C11790,Hyderabad,59,F,36,Basic,One year,600.0,21595.0,0,Card,False,True,False
C15708,Kochi,50,F,26,Premium,Two year,1178.0,31373.0,1,Bank transfer,False,False,False
C15618,Hyderabad,57,M,35,Standard,One year,677.0,23069.0,2,UPI,False,False,False
C14896,Pune,24,M,22,Premium,One year,1122.0,24621.0,1,Card,False,False,False
C15675,Chennai,72,M,37,Basic,Month-to-month,707.0,25825.0,2,Card,True,False,False
C10096,Bengaluru,73,M,15,Basic,Month-to-month,537.0,7732.0,0,Card,False,True,False
C13155,Pune,18,M,35,Standard,Month-to-month,1013.0,34593.0,0,Card,True,False,False
C12494,Kochi,59,M,28,Standard,Month-to-month,656.0,18091.0,3,Card,False,False,False
C14570,Kochi,46,M,70,Premium,Two year,1238.0,83150.0,2,UPI,False,False,False
C15884,Bengaluru,74,F,37,Basic,Month-to-month,419.0,15010.0,1,Card,False,False,False
C10366,Pune,73,F,1,Basic,Month-to-month,820.0,799.0,0,Card,True,True,False
C15993,Hyderabad,32,F,17,Premium,Month-to-month,1484.0,25228.0,2,UPI,True,False,True
C11721,Hyderabad,55,F,36,Premium,Month-to-month,1638.0,56986.0,1,UPI,True,True,False
C13657,Hyderabad,40,F,29,Premium,Month-to-month,1372.0,38472.0,1,UPI,False,True,False
C11909,Hyderabad,58,M,65,Standard,One year,941.0,61165.0,1,Cash,True,False,False
C16650,Pune,51,F,67,Basic,Two year,829.0,53834.0,2,UPI,True,True,False
C14856,Bengaluru,72,M,12,Premium,Month-to-month,1186.0,14232.0,2,Cash,False,False,True
C10918,Hyderabad,74,M,12,Standard,Month-to-month,716.0,8380.0,0,Cash,False,False,False
C11425,Hyderabad,41,F,34,Standard,Month-to-month,653.0,21225.0,0,Card,False,False,False
C12807,Hyderabad,58,F,32,Standard,Two year,1063.0,33046.0,0,UPI,True,False,False
C14488,Chennai,49,M,34,Basic,Month-to-month,730.0,24153.0,2,Cash,True,False,False
C13565,Pune,52,F,25,Premium,Month-to-month,1658.0,41209.0,1,Card,True,True,False
C15865,Chennai,65,M,15,Standard,Month-to-month,965.0,14219.0,3,Card,True,False,False
C14602,Chennai,61,F,20,Standard,Month-to-month,699.0,13620.0,1,UPI,False,False,False
C14530,Bengaluru,49,M,11,Basic,Month-to-month,853.0,9231.0,2,Card,True,True,True
C16792,Hyderabad,69,F,13,Premium,Month-to-month,1460.0,18466.0,1,Bank transfer,True,False,False
C12990,Hyderabad,72,F,43,Basic,Two year,874.0,36417.0,0,UPI,True,True,True
C16143,Hyderabad,53,M,3,Basic,Month-to-month,378.0,1121.0,2,UPI,False,False,True
C15927,Kochi,58,M,43,Premium,One year,1262.0,53160.0,2,UPI,False,False,False
C15681,Bengaluru,73,M,2,Standard,Month-to-month,1005.0,1941.0,2,Card,True,False,True
C13391,Kochi,28,F,28,Standard,One year,1127.0,31349.0,0,UPI,True,True,False
C14228,Hyderabad,66,F,31,Basic,Month-to-month,847.0,25579.0,1,UPI,True,True,False
C13122,Kochi,62,M,10,Basic,Two year,586.0,5626.0,1,UPI,False,True,False
C13310,Hyderabad,73,F,63,Standard,One year,1022.0,63682.0,0,Bank transfer,True,False,False
C11588,Kochi,74,F,22,Premium,Month-to-month,1213.0,26686.0,0,UPI,False,False,True
C13664,Chennai,26,M,35,Standard,Month-to-month,981.0,33380.0,1,Card,True,False,False
C12498,Kochi,70,M,35,Basic,One year,754.0,26143.0,1,Cash,True,False,False
C10031,Chennai,68,F,10,Standard,Month-to-month,707.0,6986.0,1,Cash,False,False,False
C16265,Chennai,32,M,8,Basic,Month-to-month,698.0,5584.0,0,Cash,True,False,True
C13283,Bengaluru,20,F,4,Basic,Month-to-month,713.0,2750.0,2,UPI,True,False,True
C11375,Bengaluru,23,F,52,Premium,One year,1166.0,58209.0,2,Card,False,False,False
C11326,Kochi,54,F,29,Basic,Month-to-month,429.0,12433.0,2,Cash,False,False,True
C13780,Pune,49,F,31,Basic,One year,668.0,20339.0,0,Card,True,False,False
C15208,Chennai,69,F,7,Basic,Month-to-month,868.0,5834.0,0,Card,True,True,True
C11349,Chennai,37,M,19,Standard,Month-to-month,1165.0,21436.0,1,UPI,True,True,False
C10255,Kochi,39,F,32,Basic,Two year,381.0,12047.0,1,Bank transfer,False,False,False
C14988,Hyderabad,73,M,9,Standard,One year,950.0,8278.0,0,UPI,True,False,False
C13642,Hyderabad,50,F,8,Standard,One year,986.0,7504.0,0,UPI,True,False,False
C13622,Bengaluru,28,M,38,Basic,Month-to-month,876.0,33288.0,0,Card,True,True,False
C16503,Bengaluru,52,F,56,Premium,Two year,1552.0,84562.0,2,Card,True,False,False
C14147,Pune,50,F,62,Premium,Two year,1439.0,87125.0,1,UPI,True,False,False
C14971,Pune,46,F,25,Standard,Month-to-month,1004.0,24882.0,1,Card,True,False,True
C15034,Bengaluru,51,F,12,Basic,Month-to-month,824.0,9575.0,3,Card,True,True,False
C16916,Bengaluru,26,M,45,Standard,Two year,731.0,32229.0,0,Bank transfer,False,False,False
C15222,Bengaluru,41,F,28,Premium,One year,1325.0,35525.0,2,Cash,False,True,False
C15315,Bengaluru,64,F,19,Premium,Month-to-month,1516.0,28426.0,4,Card,True,False,True
C12727,Bengaluru,42,F,12,Standard,Two year,959.0,11095.0,4,UPI,True,False,False
C16949,Hyderabad,34,M,58,Standard,One year,936.0,53021.0,1,Cash,True,False,False
C13700,Bengaluru,66,M,27,Standard,Month-to-month,1122.0,30133.0,2,Card,True,True,False
C10124,Bengaluru,25,F,25,Basic,Month-to-month,773.0,18779.0,1,Cash,True,False,True
C16548,Kochi,46,F,55,Basic,One year,428.0,22869.0,0,UPI,False,False,False
C12778,Hyderabad,37,F,17,Premium,Month-to-month,1110.0,18586.0,0,Card,False,False,True
C12879,Pune,49,M,38,Standard,Month-to-month,1180.0,44697.0,0,Bank transfer,True,True,False
C15167,Hyderabad,44,M,59,Standard,One year,879.0,50249.0,0,Cash,False,True,False
C12773,Pune,59,F,23,Standard,Two year,1012.0,22822.0,2,Cash,True,False,True
C12635,Chennai,60,M,46,Basic,One year,344.0,15692.0,0,Bank transfer,False,False,False
C16751,Hyderabad,33,F,68,Basic,Two year,707.0,46576.0,2,UPI,True,False,False
C10433,Pune,53,M,32,Premium,Month-to-month,1389.0,43679.0,1,Cash,False,True,False
C14770,Bengaluru,56,M,37,Standard,Month-to-month,820.0,29391.0,1,UPI,False,True,False
C13335,Chennai,29,F,31,Standard,Month-to-month,703.0,20874.0,0,UPI,False,False,True
C16504,Bengaluru,51,F,1,Basic,Month-to-month,664.0,632.0,1,Card,True,False,True
C11099,Kochi,20,M,32,Standard,One year,681.0,20758.0,2,UPI,False,False,True
C12514,Pune,65,M,23,Standard,Month-to-month,1020.0,22854.0,2,UPI,True,False,True
C16443,Kochi,51,M,18,Basic,Month-to-month,640.0,11121.0,1,Card,True,False,True
C13606,Pune,48,F,55,Standard,One year,738.0,39689.0,1,UPI,False,False,False
C15704,Hyderabad,32,M,43,Standard,Two year,728.0,30994.0,2,Bank transfer,False,False,False
C16637,Pune,40,M,65,Premium,One year,1287.0,83339.0,1,UPI,False,False,False
